{"type":"FeatureCollection","features":[{"type":"Feature","properties":{"state":"Abia","lga":"Aba North"},"geometry":{"type":"Polygon","coordinates":[[[7.3781,5.057],[7.369,5.057],[7.3777,5.0937],[7.3655,5.113],[7.3428,5.1095],[7.3333,5.0891],[7.3148,5.088],[7.3499,5.1282],[7.3836,5.1121],[7.3867,5.0773],[7.3781,5.057]]]}},{"type":"Feature","properties":{"state":"Abia","lga":"Aba South"},"geometry":{"type":"Polygon","coordinates":[[[7.3148,5.088],[7.3333,5.0891],[7.3428,5.1095],[7.3655,5.113],[7.3777,5.0937],[7.369,5.057],[7.3781,5.057],[7.3374,5.0378],[7.307,5.0432],[7.2999,5.0739],[7.3148,5.088]]]}},{"type":"Feature","properties":{"state":"Abia","lga":"Arochukw"},"geometry":{"type":"Polygon","coordinates":[[[7.6415,5.5134],[7.6147,5.5651],[7.6146,5.5721],[7.6549,5.5981],[7.6348,5.6413],[7.6579,5.6271],[7.6953,5.6456],[7.7142,5.6395],[7.742,5.6042],[7.7727,5.4825],[7.8248,5.5063],[7.8671,5.5095],[7.8746,5.5483],[7.8873,5.5584],[7.9103,5.4731],[7.9221,5.446],[7.9498,5.4136],[7.962,5.3724],[7.9523,5.3527],[7.8971,5.365],[7.8536,5.4072],[7.7915,5.4343],[7.7681,5.4555],[7.7503,5.5022],[7.7232,5.5211],[7.6605,5.5291],[7.6454,5.5259],[7.6415,5.5134]]]}},{"type":"Feature","properties":{"state":"Abia","lga":"Bende"},"geometry":{"type":"Polygon","coordinates":[[[7.635,5.6413],[7.6549,5.5981],[7.6146,5.5721],[7.6415,5.5134],[7.6498,5.4654],[7.6301,5.4021],[7.6001,5.4606],[7.5481,5.4872],[7.5614,5.4817],[7.564,5.4867],[7.5627,5.5319],[7.5512,5.5466],[7.4915,5.5769],[7.4539,5.6536],[7.4544,5.6631],[7.5466,5.6748],[7.5427,5.7389],[7.5224,5.7667],[7.5327,5.8378],[7.5418,5.8278],[7.6749,5.8178],[7.6826,5.7976],[7.6859,5.7213],[7.635,5.6413]]]}},{"type":"Feature","properties":{"state":"Abia","lga":"Ikwuano"},"geometry":{"type":"Polygon","coordinates":[[[7.5481,5.4872],[7.6001,5.4606],[7.6301,5.4021],[7.6196,5.3717],[7.6248,5.3645],[7.6609,5.3671],[7.6496,5.3276],[7.6379,5.3131],[7.5395,5.3157],[7.5217,5.2998],[7.5225,5.2841],[7.5098,5.2821],[7.5147,5.2864],[7.5008,5.3152],[7.527,5.321],[7.5329,5.3292],[7.5015,5.3452],[7.4929,5.3677],[7.5068,5.3847],[7.5059,5.4129],[7.5261,5.4722],[7.5481,5.4872]]]}},{"type":"Feature","properties":{"state":"Abia","lga":"Isiala Ngwa North"},"geometry":{"type":"Polygon","coordinates":[[[7.5059,5.4129],[7.5068,5.3847],[7.4956,5.3755],[7.4936,5.3529],[7.5331,5.3255],[7.5025,5.3175],[7.5147,5.2864],[7.4905,5.2732],[7.4788,5.2933],[7.4884,5.3306],[7.4806,5.3347],[7.4148,5.3326],[7.3511,5.3136],[7.291,5.3233],[7.3185,5.3958],[7.3598,5.4451],[7.4007,5.4287],[7.4767,5.42],[7.4915,5.4064],[7.5059,5.4129]]]}},{"type":"Feature","properties":{"state":"Abia","lga":"Isiala Ngwa South"},"geometry":{"type":"Polygon","coordinates":[[[7.291,5.3233],[7.3511,5.3136],[7.4148,5.3326],[7.4806,5.3347],[7.4884,5.3306],[7.4788,5.2933],[7.4876,5.2691],[7.4736,5.23],[7.4214,5.1839],[7.376,5.186],[7.3704,5.1967],[7.3753,5.2862],[7.3681,5.2951],[7.3448,5.2801],[7.3023,5.2234],[7.2617,5.2158],[7.291,5.3233]]]}},{"type":"Feature","properties":{"state":"Abia","lga":"Isuikwua"},"geometry":{"type":"Polygon","coordinates":[[[7.5327,5.8378],[7.5224,5.7667],[7.5427,5.7389],[7.5466,5.6748],[7.4755,5.6631],[7.4303,5.6634],[7.3802,5.6744],[7.3994,5.6879],[7.4004,5.737],[7.3933,5.825],[7.3757,5.8657],[7.3977,5.87],[7.4399,5.8554],[7.4902,5.8555],[7.5273,5.869],[7.5327,5.8378]]]}},{"type":"Feature","properties":{"state":"Abia","lga":"Oboma Ngwa"},"geometry":{"type":"Polygon","coordinates":[[[7.3796,5.0597],[7.3856,5.107],[7.3777,5.1201],[7.3499,5.1282],[7.3524,5.1512],[7.3806,5.1841],[7.4147,5.1819],[7.4443,5.2017],[7.4736,5.23],[7.4874,5.2728],[7.5225,5.2841],[7.5379,5.2562],[7.5184,5.1622],[7.518,5.1232],[7.5286,5.0828],[7.5097,5.0361],[7.4935,5.023],[7.4698,5.0259],[7.4559,5.0194],[7.4218,4.9903],[7.4096,4.9928],[7.3948,5.0205],[7.3881,5.0187],[7.3796,5.0597]]]}},{"type":"Feature","properties":{"state":"Abia","lga":"Ohafia Abia"},"geometry":{"type":"Polygon","coordinates":[[[7.8873,5.5584],[7.8746,5.5483],[7.8671,5.5095],[7.8248,5.5063],[7.7727,5.4825],[7.7567,5.5584],[7.726,5.6301],[7.6953,5.6456],[7.6579,5.6271],[7.6407,5.6327],[7.634,5.6452],[7.6752,5.7015],[7.6882,5.7333],[7.6749,5.8178],[7.7694,5.8138],[7.7895,5.7837],[7.7931,5.7483],[7.8044,5.7315],[7.8562,5.6937],[7.8874,5.6851],[7.8953,5.6695],[7.8857,5.6092],[7.8873,5.5584]]]}},{"type":"Feature","properties":{"state":"Abia","lga":"Osisioma Ngwa"},"geometry":{"type":"Polygon","coordinates":[[[7.3499,5.1282],[7.3128,5.0834],[7.285,5.0625],[7.2562,5.0976],[7.2718,5.1211],[7.2709,5.1661],[7.2603,5.194],[7.2515,5.1947],[7.2617,5.2158],[7.2944,5.219],[7.31,5.2293],[7.3448,5.2801],[7.3681,5.2951],[7.3753,5.2862],[7.3704,5.1967],[7.3806,5.1841],[7.3524,5.1512],[7.3499,5.1282]]]}},{"type":"Feature","properties":{"state":"Abia","lga":"Ugwunagbo"},"geometry":{"type":"Polygon","coordinates":[[[7.3781,5.057],[7.3881,5.0187],[7.3948,5.0205],[7.4109,4.9928],[7.4052,4.9795],[7.2966,4.9588],[7.283,4.9855],[7.29,5.0197],[7.285,5.0625],[7.2999,5.0739],[7.307,5.0432],[7.3309,5.0372],[7.3781,5.057]]]}},{"type":"Feature","properties":{"state":"Abia","lga":"Ukwa East"},"geometry":{"type":"Polygon","coordinates":[[[7.4109,4.9928],[7.4275,4.9918],[7.4435,5.0114],[7.4698,5.0259],[7.4935,5.023],[7.469,5.0047],[7.4626,4.9679],[7.4759,4.9472],[7.4655,4.9019],[7.4944,4.8474],[7.4993,4.8206],[7.493,4.8154],[7.4583,4.8464],[7.4109,4.8692],[7.3817,4.8623],[7.3223,4.8796],[7.3211,4.913],[7.2966,4.9588],[7.4022,4.9782],[7.4109,4.9928]]]}},{"type":"Feature","properties":{"state":"Abia","lga":"Ukwa West"},"geometry":{"type":"Polygon","coordinates":[[[7.2562,5.0976],[7.2848,5.0638],[7.29,5.0197],[7.2843,4.9788],[7.3211,4.913],[7.3223,4.8796],[7.2837,4.8801],[7.2152,4.8603],[7.1862,4.8647],[7.1532,4.9054],[7.1557,4.9231],[7.178,4.9832],[7.2331,5.0533],[7.2562,5.0976]]]}},{"type":"Feature","properties":{"state":"Abia","lga":"Umu-Nneochi"},"geometry":{"type":"Polygon","coordinates":[[[7.5273,5.869],[7.4902,5.8555],[7.4399,5.8554],[7.3977,5.87],[7.3757,5.8657],[7.2825,5.8991],[7.2501,5.9263],[7.2706,5.9623],[7.2926,5.9834],[7.3514,6.0165],[7.3678,6.0195],[7.3734,6.0083],[7.4514,6.0227],[7.4952,6.0182],[7.5284,5.9967],[7.5339,5.9811],[7.5347,5.9024],[7.5273,5.869]]]}},{"type":"Feature","properties":{"state":"Abia","lga":"Umuahia North"},"geometry":{"type":"Polygon","coordinates":[[[7.4544,5.6631],[7.4915,5.5769],[7.5512,5.5466],[7.5627,5.5319],[7.5614,5.4817],[7.5407,5.4855],[7.529,5.4724],[7.4642,5.4774],[7.448,5.4843],[7.4415,5.5243],[7.4024,5.5268],[7.4039,5.6359],[7.3802,5.6744],[7.4544,5.6631]]]}},{"type":"Feature","properties":{"state":"Abia","lga":"Umuahia South"},"geometry":{"type":"Polygon","coordinates":[[[7.5261,5.4722],[7.5104,5.4211],[7.4942,5.4059],[7.4767,5.42],[7.4007,5.4287],[7.3598,5.4451],[7.4024,5.5268],[7.4415,5.5243],[7.448,5.4843],[7.5261,5.4722]]]}},{"type":"Feature","properties":{"state":"Adamawa","lga":"Demsa"},"geometry":{"type":"Polygon","coordinates":[[[12.1746,9.1654],[12.1138,9.1893],[11.961,9.1716],[11.9265,9.1802],[11.8274,9.1847],[11.8311,9.2023],[11.8018,9.2579],[11.8368,9.2775],[11.897,9.3783],[11.941,9.4097],[11.9621,9.4205],[12.0841,9.4186],[12.144,9.4416],[12.1556,9.4689],[12.1757,9.6363],[12.355,9.6584],[12.3675,9.6469],[12.3786,9.6135],[12.3701,9.562],[12.3786,9.5193],[12.3878,9.515],[12.374,9.4861],[12.3771,9.4759],[12.4522,9.4085],[12.5216,9.3026],[12.4653,9.2746],[12.4383,9.2513],[12.4382,9.2394],[12.332,9.2443],[12.1971,9.1668],[12.1746,9.1654]]]}},{"type":"Feature","properties":{"state":"Adamawa","lga":"Fufore"},"geometry":{"type":"Polygon","coordinates":[[[13.0771,9.5147],[13.0635,9.5177],[13.0468,9.507],[13.0343,9.5113],[13.0049,9.4834],[12.9723,9.4711],[12.9671,9.4513],[12.9368,9.4193],[12.871,9.3914],[12.8648,9.3699],[12.8438,9.3727],[12.8774,9.3474],[12.8924,9.355],[12.914,9.3415],[12.9087,9.2847],[12.916,9.2768],[12.91,9.2318],[12.8979,9.2181],[12.8836,9.1586],[12.8979,9.1148],[12.8385,9.0073],[12.8209,8.9357],[12.804,8.9165],[12.8065,8.9024],[12.8188,8.899],[12.8075,8.8863],[12.8158,8.8629],[12.8045,8.8618],[12.8009,8.8533],[12.8198,8.8311],[12.8085,8.7948],[12.7896,8.8453],[12.7951,8.8728],[12.6572,8.8013],[12.5567,8.772],[12.541,8.7576],[12.5034,8.7628],[12.3994,8.8223],[12.3645,8.8041],[12.3099,8.838],[12.2899,8.8608],[12.2838,8.8802],[12.2537,8.9003],[12.2094,9.027],[12.149,9.027],[12.117,9.0161],[12.091,9.0166],[12.089,9.0392],[12.1247,9.0392],[12.1368,9.0844],[12.1746,9.1654],[12.1971,9.1668],[12.332,9.2443],[12.3682,9.2474],[12.4179,9.2386],[12.5034,9.1139],[12.5351,9.0896],[12.6147,9.0815],[12.6863,9.0905],[12.7056,9.1234],[12.7221,9.1879],[12.7131,9.2271],[12.7218,9.2519],[12.7048,9.2804],[12.7005,9.304],[12.7183,9.3904],[12.7255,9.5],[12.8237,9.6558],[12.8271,9.7345],[12.8342,9.748],[12.8934,9.7019],[13.0127,9.6485],[13.0807,9.5995],[13.1399,9.5859],[13.1601,9.571],[13.1719,9.574],[13.1954,9.5605],[13.1617,9.5399],[13.0926,9.527],[13.0771,9.5147]]]}},{"type":"Feature","properties":{"state":"Adamawa","lga":"Ganye"},"geometry":{"type":"Polygon","coordinates":[[[12.3747,8.4779],[12.3394,8.4487],[12.3391,8.4322],[12.332,8.4293],[12.3134,8.4258],[12.2995,8.4438],[12.2689,8.4463],[12.2617,8.4404],[12.2474,8.3859],[12.2647,8.3701],[12.2388,8.3391],[12.2535,8.2459],[12.2187,8.2501],[12.1951,8.2442],[12.1581,8.2146],[12.1325,8.2142],[12.1115,8.2023],[12.0698,8.2046],[11.9402,8.2544],[11.8919,8.2853],[11.7218,8.3554],[11.6876,8.3882],[11.7632,8.4919],[11.8621,8.576],[11.8691,8.6093],[11.8622,8.6706],[11.9057,8.6597],[11.9931,8.6685],[12.0454,8.646],[12.064,8.6146],[12.0635,8.6017],[12.0498,8.5355],[12.0272,8.5256],[12.0219,8.5106],[12.0591,8.4562],[12.098,8.4481],[12.1931,8.4512],[12.2497,8.4715],[12.3154,8.4746],[12.3521,8.4644],[12.3747,8.4779]]]}},{"type":"Feature","properties":{"state":"Adamawa","lga":"Girie"},"geometry":{"type":"Polygon","coordinates":[[[12.6973,10.4455],[12.8466,10.2573],[12.9036,10.1677],[12.9151,10.1025],[12.94,10.049],[12.9474,10.0025],[12.9035,10.0092],[12.8465,10.0328],[12.7833,10.0424],[12.5304,10.0456],[12.3524,10.0374],[12.3733,10.0969],[12.3676,10.1284],[12.385,10.1606],[12.3909,10.193],[12.4229,10.2388],[12.4266,10.281],[12.4156,10.3144],[12.5235,10.3244],[12.6188,10.36],[12.6583,10.4018],[12.6715,10.4444],[12.6973,10.4455]]]}},{"type":"Feature","properties":{"state":"Adamawa","lga":"Gombi"},"geometry":{"type":"Polygon","coordinates":[[[12.5216,9.3026],[12.4522,9.4085],[12.3771,9.4759],[12.374,9.4861],[12.3878,9.515],[12.4043,9.5143],[12.4638,9.5499],[12.4918,9.5781],[12.5469,9.6067],[12.5974,9.5891],[12.6575,9.5442],[12.7172,9.5814],[12.791,9.6085],[12.7255,9.5],[12.7183,9.3904],[12.7005,9.304],[12.7048,9.2804],[12.7218,9.2519],[12.7115,9.2239],[12.6782,9.2134],[12.6072,9.2202],[12.5833,9.2476],[12.5688,9.3209],[12.5393,9.2969],[12.5216,9.3026]]]}},{"type":"Feature","properties":{"state":"Adamawa","lga":"Guyuk"},"geometry":{"type":"Polygon","coordinates":[[[12.1134,9.6346],[11.91,9.6901],[11.8343,9.7214],[11.9252,9.7843],[11.9429,9.8216],[11.9345,9.8809],[11.9456,10.0448],[12.0485,10.0293],[12.0595,9.9961],[12.0699,9.8539],[12.0843,9.7983],[12.0878,9.7069],[12.0977,9.6698],[12.1141,9.6603],[12.1134,9.6346]]]}},{"type":"Feature","properties":{"state":"Adamawa","lga":"Hong"},"geometry":{"type":"Polygon","coordinates":[[[12.9474,10.0025],[12.94,10.049],[12.9151,10.1025],[12.9036,10.1677],[12.8466,10.2573],[12.6973,10.4455],[12.7251,10.4466],[12.7631,10.4649],[12.7988,10.524],[12.8329,10.5585],[12.8735,10.5821],[12.9479,10.5797],[13.0574,10.553],[13.0991,10.5281],[13.145,10.4784],[13.2226,10.4437],[13.2935,10.4439],[13.3131,10.4711],[13.3267,10.436],[13.3004,10.3157],[13.2467,10.2457],[13.2387,10.1761],[13.2203,10.1194],[13.1722,10.025],[13.1678,10.0304],[13.0189,9.9601],[12.983,9.9662],[12.9474,10.0025]]]}},{"type":"Feature","properties":{"state":"Adamawa","lga":"Jada"},"geometry":{"type":"Polygon","coordinates":[[[12.8085,8.7948],[12.798,8.7878],[12.7858,8.7431],[12.7655,8.7472],[12.7588,8.7604],[12.7203,8.7608],[12.7094,8.7381],[12.7106,8.7016],[12.7021,8.6697],[12.6844,8.6513],[12.6734,8.6467],[12.6607,8.6534],[12.6361,8.646],[12.6297,8.6352],[12.6153,8.6391],[12.6069,8.624],[12.5753,8.614],[12.5599,8.6261],[12.5505,8.6217],[12.4858,8.6435],[12.4643,8.6222],[12.4322,8.6213],[12.4457,8.6009],[12.4463,8.5641],[12.4657,8.5244],[12.4369,8.5112],[12.4213,8.4947],[12.4244,8.4886],[12.4032,8.4904],[12.3947,8.4857],[12.3967,8.4754],[12.3803,8.4819],[12.3521,8.4644],[12.2943,8.4757],[12.2323,8.4677],[12.1931,8.4512],[12.1471,8.4487],[12.1588,8.5246],[12.1655,8.5297],[12.1588,8.5437],[12.169,8.5745],[12.1684,8.6081],[12.1785,8.6259],[12.1716,8.7001],[12.1894,8.7535],[12.2131,8.791],[12.2735,8.8268],[12.2889,8.8463],[12.3001,8.8465],[12.3531,8.808],[12.3738,8.8056],[12.3994,8.8223],[12.5034,8.7628],[12.541,8.7576],[12.5567,8.772],[12.6572,8.8013],[12.7951,8.8728],[12.7896,8.8453],[12.8085,8.7948]]]}},{"type":"Feature","properties":{"state":"Adamawa","lga":"Lamurde"},"geometry":{"type":"Polygon","coordinates":[[[11.8343,9.7214],[11.91,9.6901],[12.0506,9.6482],[12.0581,9.5728],[12.0517,9.4976],[12.0311,9.4778],[11.9209,9.4997],[11.8034,9.4858],[11.7295,9.4452],[11.7082,9.4444],[11.6968,9.43],[11.6588,9.4223],[11.6322,9.4049],[11.5259,9.592],[11.6261,9.6065],[11.6804,9.6295],[11.8343,9.7214]]]}},{"type":"Feature","properties":{"state":"Adamawa","lga":"Madagali"},"geometry":{"type":"Polygon","coordinates":[[[13.6434,10.776],[13.6213,10.719],[13.6039,10.7037],[13.5854,10.7019],[13.4141,10.8083],[13.4181,10.9298],[13.468,10.9366],[13.478,10.9249],[13.5385,10.9066],[13.601,10.9113],[13.6917,10.939],[13.6947,10.9668],[13.7073,10.9788],[13.7244,10.9815],[13.708,10.972],[13.7099,10.9491],[13.7279,10.9233],[13.716,10.8647],[13.7034,10.8479],[13.678,10.8387],[13.6712,10.8183],[13.6519,10.8206],[13.637,10.7924],[13.6552,10.7843],[13.6434,10.776]]]}},{"type":"Feature","properties":{"state":"Adamawa","lga":"Maiha"},"geometry":{"type":"Polygon","coordinates":[[[13.275,10.0513],[13.2478,10.0358],[13.2471,10.0038],[13.2859,9.9828],[13.286,9.958],[13.2694,9.9332],[13.2368,9.9197],[13.2377,9.8849],[13.2489,9.8562],[13.2729,9.8512],[13.2991,9.8277],[13.2589,9.7776],[13.2582,9.743],[13.2475,9.7096],[13.2526,9.7003],[13.2297,9.6791],[13.2367,9.6621],[13.2289,9.6522],[13.2358,9.619],[13.2237,9.6022],[13.2247,9.5849],[13.2005,9.5562],[13.1948,9.6159],[13.2081,9.7501],[13.1724,9.8386],[13.1575,9.9664],[13.1642,10.0037],[13.1595,10.021],[13.1678,10.0304],[13.1722,10.025],[13.2203,10.1194],[13.2389,10.1775],[13.2738,10.1244],[13.3053,10.0972],[13.275,10.0513]]]}},{"type":"Feature","properties":{"state":"Adamawa","lga":"Mayo-Bel"},"geometry":{"type":"Polygon","coordinates":[[[11.8274,9.1847],[11.9265,9.1802],[11.961,9.1716],[12.1138,9.1893],[12.1746,9.1654],[12.1368,9.0844],[12.1247,9.0392],[12.089,9.0392],[12.091,9.0166],[12.117,9.0161],[12.149,9.027],[12.2094,9.027],[12.2537,8.9003],[12.2838,8.8802],[12.3044,8.8439],[12.2889,8.8463],[12.2735,8.8268],[12.2131,8.791],[12.1894,8.7535],[12.1716,8.7001],[12.1785,8.6259],[12.1684,8.6081],[12.169,8.5745],[12.1588,8.5437],[12.1655,8.5297],[12.1588,8.5246],[12.1471,8.4487],[12.0591,8.4562],[12.0219,8.5106],[12.0272,8.5256],[12.0498,8.5355],[12.0635,8.6017],[12.064,8.6146],[12.0454,8.646],[11.9931,8.6685],[11.9057,8.6597],[11.8622,8.6706],[11.8728,8.73],[11.9598,8.8861],[11.9759,8.9443],[11.9717,8.9734],[11.939,9.0349],[11.8722,9.0586],[11.8292,9.1058],[11.8274,9.1847]]]}},{"type":"Feature","properties":{"state":"Adamawa","lga":"Michika"},"geometry":{"type":"Polygon","coordinates":[[[13.5383,10.4482],[13.5362,10.4237],[13.5227,10.4032],[13.5212,10.4326],[13.4916,10.4632],[13.4036,10.4714],[13.3171,10.4997],[13.3359,10.5874],[13.3797,10.6783],[13.4141,10.8083],[13.5854,10.7019],[13.5784,10.6916],[13.5858,10.6722],[13.5743,10.6579],[13.5709,10.6347],[13.5458,10.6183],[13.5668,10.5837],[13.5583,10.5584],[13.574,10.5353],[13.5384,10.4799],[13.5275,10.4791],[13.5383,10.4482]]]}},{"type":"Feature","properties":{"state":"Adamawa","lga":"Mubi North"},"geometry":{"type":"Polygon","coordinates":[[[13.5227,10.4032],[13.4941,10.391],[13.4983,10.3395],[13.4821,10.3354],[13.4874,10.2954],[13.4676,10.2584],[13.4321,10.2644],[13.3765,10.2554],[13.3323,10.1837],[13.3145,10.1375],[13.316,10.1101],[13.3053,10.0972],[13.2845,10.1129],[13.2389,10.1775],[13.2388,10.2114],[13.2467,10.2457],[13.2849,10.2906],[13.3074,10.3414],[13.3267,10.436],[13.3131,10.4711],[13.3171,10.4997],[13.4036,10.4714],[13.4916,10.4632],[13.5212,10.4326],[13.5227,10.4032]]]}},{"type":"Feature","properties":{"state":"Adamawa","lga":"Mubi South"},"geometry":{"type":"Polygon","coordinates":[[[13.4676,10.2584],[13.4666,10.2398],[13.4832,10.2013],[13.4691,10.1943],[13.4675,10.164],[13.4434,10.1539],[13.4308,10.1333],[13.3572,10.1128],[13.3465,10.1136],[13.3429,10.1228],[13.303,10.0938],[13.316,10.1101],[13.3145,10.1375],[13.3323,10.1837],[13.3765,10.2554],[13.4321,10.2644],[13.4676,10.2584]]]}},{"type":"Feature","properties":{"state":"Adamawa","lga":"Numan"},"geometry":{"type":"Polygon","coordinates":[[[12.1757,9.6363],[12.1556,9.4689],[12.144,9.4416],[12.0841,9.4186],[11.9621,9.4205],[11.941,9.4097],[11.897,9.3783],[11.8368,9.2775],[11.8141,9.2612],[11.8018,9.2579],[11.7463,9.36],[11.7126,9.3806],[11.6374,9.3979],[11.6322,9.4049],[11.6588,9.4223],[11.6968,9.43],[11.7082,9.4444],[11.7295,9.4452],[11.8034,9.4858],[11.8359,9.492],[11.8821,9.5],[11.9482,9.4983],[12.0136,9.4793],[12.0397,9.4814],[12.0517,9.4976],[12.0576,9.5328],[12.0506,9.6482],[12.1282,9.6319],[12.1757,9.6363]]]}},{"type":"Feature","properties":{"state":"Adamawa","lga":"Shelleng"},"geometry":{"type":"Polygon","coordinates":[[[12.355,9.6584],[12.1408,9.6312],[12.1134,9.6346],[12.1141,9.6603],[12.0977,9.6698],[12.0878,9.7069],[12.0843,9.7983],[12.0699,9.8539],[12.0595,9.9961],[12.0485,10.0293],[12.1313,10.041],[12.1935,10.0705],[12.3428,10.2645],[12.3813,10.3026],[12.4156,10.3144],[12.4266,10.281],[12.4229,10.2388],[12.3909,10.193],[12.385,10.1606],[12.3676,10.1284],[12.3733,10.0969],[12.3357,9.9907],[12.3319,9.9153],[12.3034,9.8002],[12.3181,9.7301],[12.355,9.6584]]]}},{"type":"Feature","properties":{"state":"Adamawa","lga":"Song"},"geometry":{"type":"Polygon","coordinates":[[[12.4043,9.5143],[12.3786,9.5193],[12.3701,9.562],[12.3786,9.6135],[12.3675,9.6469],[12.3564,9.6556],[12.3181,9.7301],[12.3034,9.8002],[12.3319,9.9153],[12.3357,9.9907],[12.3524,10.0374],[12.5304,10.0456],[12.8148,10.0396],[12.9035,10.0092],[12.9474,10.0025],[12.983,9.9662],[13.0189,9.9601],[13.1595,10.021],[13.1642,10.0037],[13.1575,9.9664],[13.1724,9.8386],[13.2081,9.7501],[13.1956,9.5605],[13.1719,9.574],[13.1601,9.571],[13.1399,9.5859],[13.0807,9.5995],[13.0127,9.6485],[12.8934,9.7019],[12.8342,9.748],[12.8271,9.7345],[12.8237,9.6558],[12.791,9.6085],[12.7172,9.5814],[12.6575,9.5442],[12.5974,9.5891],[12.5469,9.6067],[12.4918,9.5781],[12.4638,9.5499],[12.4043,9.5143]]]}},{"type":"Feature","properties":{"state":"Adamawa","lga":"Teungo"},"geometry":{"type":"Polygon","coordinates":[[[12.2564,8.1758],[12.2436,8.167],[12.2416,8.1499],[12.2113,8.1066],[12.2232,8.0147],[12.2071,7.9724],[12.1876,7.9588],[12.188,7.9433],[12.1673,7.9255],[12.1322,7.8702],[12.0885,7.8364],[12.0765,7.8051],[12.0633,7.7948],[12.063,7.7807],[12.0525,7.7726],[12.0553,7.7572],[12.0319,7.7302],[12.027,7.6653],[12.0078,7.6619],[12.0188,7.6224],[12.0205,7.5397],[12.0343,7.5211],[11.9921,7.4993],[11.9604,7.495],[11.916,7.4444],[11.8962,7.4584],[11.8971,7.4837],[11.8657,7.5582],[11.8596,7.6152],[11.8476,7.6431],[11.857,7.7316],[11.8055,7.8059],[11.7357,7.8679],[11.6954,7.9185],[11.6477,7.9436],[11.6213,7.9374],[11.5756,7.8728],[11.5316,7.8408],[11.4879,7.8803],[11.441,7.9559],[11.4001,8.0644],[11.4429,8.1255],[11.5417,8.2185],[11.6876,8.3882],[11.703,8.3678],[11.7677,8.3319],[11.8507,8.3033],[11.9402,8.2544],[12.0698,8.2046],[12.1115,8.2023],[12.1325,8.2142],[12.1581,8.2146],[12.1951,8.2442],[12.2187,8.2501],[12.2535,8.2459],[12.2564,8.1758]]]}},{"type":"Feature","properties":{"state":"Adamawa","lga":"Yola North"},"geometry":{"type":"Polygon","coordinates":[[[12.4358,9.24],[12.4383,9.2513],[12.4836,9.2877],[12.5149,9.3018],[12.5393,9.2969],[12.566,9.3231],[12.5833,9.2476],[12.5966,9.231],[12.5855,9.2173],[12.5138,9.2007],[12.4729,9.2118],[12.4358,9.24]]]}},{"type":"Feature","properties":{"state":"Adamawa","lga":"Yola South"},"geometry":{"type":"Polygon","coordinates":[[[12.4179,9.2386],[12.4358,9.24],[12.4729,9.2118],[12.5138,9.2007],[12.5855,9.2173],[12.5966,9.231],[12.6072,9.2202],[12.645,9.2144],[12.6782,9.2134],[12.7131,9.2271],[12.7221,9.1879],[12.7056,9.1234],[12.6863,9.0905],[12.6147,9.0815],[12.5351,9.0896],[12.5034,9.1139],[12.4179,9.2386]]]}},{"type":"Feature","properties":{"state":"Akwa Ibom","lga":"Abak"},"geometry":{"type":"Polygon","coordinates":[[[7.6668,5.0294],[7.7183,5.0659],[7.7504,5.0691],[7.7848,5.1],[7.8084,5.0506],[7.8064,5.0276],[7.8186,4.9956],[7.8187,4.973],[7.7905,4.8815],[7.7758,4.9027],[7.7716,4.9397],[7.7514,4.9455],[7.7369,4.9645],[7.7211,4.9656],[7.734,4.9815],[7.7615,4.9848],[7.762,5.0064],[7.7325,5.0076],[7.7029,4.9849],[7.6668,5.0294]]]}},{"type":"Feature","properties":{"state":"Akwa Ibom","lga":"Eastern Obolo"},"geometry":{"type":"MultiPolygon","coordinates":[[[[7.611,4.4699],[7.6132,4.4724],[7.6137,4.4704],[7.611,4.4699]]],[[[7.556,4.5038],[7.5557,4.5041],[7.556,4.504],[7.556,4.5038]]],[[[7.6449,4.5246],[7.6493,4.5154],[7.634,4.5115],[7.6504,4.5143],[7.6579,4.5029],[7.6412,4.501],[7.6585,4.5012],[7.6535,4.4965],[7.6629,4.4943],[7.6257,4.4765],[7.6238,4.4763],[7.6246,4.4804],[7.6218,4.4815],[7.6185,4.4738],[7.604,4.4765],[7.5976,4.4965],[7.5746,4.511],[7.5896,4.5196],[7.5976,4.5143],[7.6049,4.5151],[7.5957,4.5193],[7.6066,4.5353],[7.6449,4.5246]]],[[[7.6776,4.519],[7.6935,4.5107],[7.7237,4.5174],[7.7299,4.5101],[7.7326,4.509],[7.7379,4.5121],[7.7446,4.511],[7.7629,4.5132],[7.7679,4.5149],[7.7693,4.514],[7.7787,4.5154],[7.7796,4.5149],[7.6657,4.4979],[7.6568,4.5126],[7.6638,4.5118],[7.6776,4.519]]],[[[7.6804,4.5224],[7.6546,4.5132],[7.6454,4.5254],[7.6859,4.5344],[7.6804,4.5224]]],[[[7.8284,4.5221],[7.7379,4.5126],[7.7329,4.5099],[7.7246,4.5188],[7.7318,4.5229],[7.7332,4.5251],[7.6951,4.5115],[7.6896,4.5163],[7.7453,4.5449],[7.7699,4.5489],[7.8161,4.5494],[7.8284,4.5221]]]]}},{"type":"Feature","properties":{"state":"Akwa Ibom","lga":"Eket"},"geometry":{"type":"Polygon","coordinates":[[[8.0201,4.6858],[7.9956,4.6163],[8.0081,4.6034],[8.0098,4.5832],[7.967,4.573],[7.9053,4.5376],[7.8912,4.5446],[7.9018,4.5612],[7.8864,4.5829],[7.9029,4.6146],[7.8895,4.6264],[7.8744,4.6628],[7.8789,4.7068],[7.9085,4.6894],[7.9785,4.6816],[8.0201,4.6858]]]}},{"type":"Feature","properties":{"state":"Akwa Ibom","lga":"Esit Eket"},"geometry":{"type":"Polygon","coordinates":[[[8.0098,4.5832],[8.0081,4.6034],[7.9956,4.6163],[8.0201,4.6858],[8.0444,4.6942],[8.0757,4.6762],[8.1137,4.6726],[8.1406,4.6475],[8.1325,4.5963],[8.0098,4.5832]]]}},{"type":"Feature","properties":{"state":"Akwa Ibom","lga":"Essien-U"},"geometry":{"type":"Polygon","coordinates":[[[7.525,5.0741],[7.5177,5.1467],[7.566,5.1639],[7.6408,5.1546],[7.665,5.1408],[7.7065,5.1373],[7.722,5.126],[7.7528,5.1394],[7.7854,5.1217],[7.7848,5.1],[7.7504,5.0691],[7.7183,5.0659],[7.659,5.0236],[7.6357,5.0231],[7.6225,5.0392],[7.6104,5.0352],[7.6211,5.0521],[7.5671,5.0471],[7.525,5.0741]]]}},{"type":"Feature","properties":{"state":"Akwa Ibom","lga":"EtimEkpo"},"geometry":{"type":"Polygon","coordinates":[[[7.49,4.8551],[7.4655,4.9019],[7.4758,4.9271],[7.5203,4.9372],[7.5682,5.0037],[7.6064,5.0367],[7.6225,5.0392],[7.6357,5.0231],[7.6467,5.0217],[7.6668,5.0294],[7.7029,4.9849],[7.6607,4.9293],[7.6309,4.9432],[7.5951,4.9401],[7.5552,4.9244],[7.49,4.8551]]]}},{"type":"Feature","properties":{"state":"Akwa Ibom","lga":"Etinan"},"geometry":{"type":"Polygon","coordinates":[[[7.8128,4.6952],[7.8085,4.7291],[7.7883,4.7765],[7.8063,4.8193],[7.8062,4.84],[7.7963,4.8581],[7.8191,4.8852],[7.8272,4.9569],[7.8359,4.9653],[7.847,4.8992],[7.8639,4.8685],[7.8705,4.7352],[7.8789,4.7068],[7.843,4.6938],[7.8316,4.7013],[7.8262,4.6973],[7.8289,4.7048],[7.8128,4.6952]]]}},{"type":"Feature","properties":{"state":"Akwa Ibom","lga":"Ibeno"},"geometry":{"type":"MultiPolygon","coordinates":[[[[7.8283,4.5225],[7.8161,4.5494],[7.8246,4.5376],[7.8828,4.5456],[7.9053,4.5376],[7.9805,4.5774],[8.0963,4.5955],[8.2242,4.5871],[8.2626,4.589],[8.271,4.5924],[8.276,4.5821],[8.2696,4.5788],[8.2679,4.5726],[8.2615,4.5699],[8.2585,4.5699],[8.2579,4.5749],[8.2563,4.5765],[8.2549,4.5765],[8.256,4.5682],[8.2671,4.5707],[8.2774,4.5804],[8.2949,4.5732],[8.2812,4.5576],[8.2832,4.5376],[8.2738,4.5337],[8.1935,4.5449],[8.1007,4.546],[7.924,4.539],[7.9246,4.534],[7.8283,4.5225]]],[[[8.3207,4.5582],[8.3179,4.5596],[8.3224,4.5624],[8.3207,4.5582]]],[[[8.2626,4.5899],[8.2621,4.5899],[8.2621,4.59],[8.2626,4.5899]]]]}},{"type":"Feature","properties":{"state":"Akwa Ibom","lga":"Ibesikpo Asutan"},"geometry":{"type":"Polygon","coordinates":[[[7.9766,4.9666],[7.9991,4.8711],[7.9816,4.8313],[7.943,4.8163],[7.9297,4.8298],[7.8932,4.9302],[7.8738,4.9439],[7.8703,4.9682],[7.8562,4.9879],[7.8971,4.9827],[7.9212,4.9897],[7.9766,4.9666]]]}},{"type":"Feature","properties":{"state":"Akwa Ibom","lga":"Ibiono Ibom"},"geometry":{"type":"Polygon","coordinates":[[[7.8292,5.0368],[7.8365,5.1893],[7.8304,5.2368],[7.8067,5.2842],[7.8442,5.3378],[7.8773,5.3501],[7.8648,5.3237],[7.9016,5.2583],[7.9786,5.2674],[7.9952,5.2606],[7.9719,5.2301],[7.9733,5.2169],[7.9397,5.1824],[7.9362,5.1507],[7.9013,5.1186],[7.8799,5.0761],[7.8687,5.0694],[7.8523,5.0246],[7.8292,5.0368]]]}},{"type":"Feature","properties":{"state":"Akwa Ibom","lga":"Ika"},"geometry":{"type":"Polygon","coordinates":[[[7.469,5.0047],[7.5097,5.0361],[7.525,5.0741],[7.5671,5.0471],[7.6218,5.0507],[7.5682,5.0037],[7.5203,4.9372],[7.4758,4.9271],[7.4628,4.9818],[7.469,5.0047]]]}},{"type":"Feature","properties":{"state":"Akwa Ibom","lga":"Ikono"},"geometry":{"type":"Polygon","coordinates":[[[7.7937,5.0795],[7.7829,5.1277],[7.7549,5.1365],[7.7436,5.1519],[7.7054,5.2535],[7.6921,5.2604],[7.6884,5.2745],[7.6625,5.2885],[7.7023,5.289],[7.7627,5.3177],[7.7855,5.3136],[7.8093,5.2931],[7.8074,5.2745],[7.8304,5.2368],[7.8365,5.1893],[7.8292,5.0368],[7.8142,5.0807],[7.7937,5.0795]]]}},{"type":"Feature","properties":{"state":"Akwa Ibom","lga":"Ikot-Aba"},"geometry":{"type":"Polygon","coordinates":[[[7.6847,4.5329],[7.6446,4.5276],[7.6457,4.5318],[7.6524,4.5304],[7.6601,4.539],[7.6801,4.5493],[7.6863,4.5557],[7.6454,4.5326],[7.6438,4.5282],[7.6446,4.5252],[7.6109,4.5362],[7.5832,4.5138],[7.5576,4.5151],[7.5451,4.531],[7.5513,4.546],[7.5754,4.5421],[7.5821,4.5496],[7.5915,4.5404],[7.6029,4.5543],[7.6096,4.5499],[7.6151,4.5571],[7.6249,4.5604],[7.6268,4.5632],[7.6079,4.5571],[7.6093,4.5637],[7.6046,4.5699],[7.6115,4.5751],[7.6104,4.5763],[7.5932,4.5685],[7.6015,4.5707],[7.6085,4.561],[7.591,4.5429],[7.5837,4.5507],[7.5699,4.5443],[7.5499,4.5479],[7.5413,4.5399],[7.5334,4.5457],[7.5233,4.565],[7.5321,4.5806],[7.5237,4.6586],[7.5916,4.6517],[7.6621,4.6999],[7.6816,4.6976],[7.6913,4.6832],[7.7002,4.6906],[7.706,4.6799],[7.7135,4.6893],[7.7186,4.6749],[7.6996,4.6411],[7.7354,4.6149],[7.7394,4.6043],[7.73,4.5775],[7.6847,4.5329]]]}},{"type":"Feature","properties":{"state":"Akwa Ibom","lga":"Ikot-Ekp"},"geometry":{"type":"Polygon","coordinates":[[[7.7528,5.1394],[7.722,5.126],[7.7065,5.1373],[7.6011,5.1587],[7.6277,5.1838],[7.6421,5.2354],[7.6959,5.2589],[7.7094,5.2469],[7.7107,5.2262],[7.7528,5.1394]]]}},{"type":"Feature","properties":{"state":"Akwa Ibom","lga":"Ini"},"geometry":{"type":"Polygon","coordinates":[[[7.6494,5.4543],[7.6454,5.5259],[7.6737,5.5295],[7.7394,5.5134],[7.7587,5.4896],[7.7681,5.4555],[7.8125,5.4208],[7.8536,5.4072],[7.8971,5.365],[7.8442,5.3378],[7.8133,5.2929],[7.7855,5.3136],[7.7627,5.3177],[7.7023,5.289],[7.6625,5.2885],[7.6416,5.3163],[7.6609,5.3671],[7.6248,5.3645],[7.6196,5.3717],[7.6494,5.4543]]]}},{"type":"Feature","properties":{"state":"Akwa Ibom","lga":"Itu"},"geometry":{"type":"Polygon","coordinates":[[[7.8523,5.0246],[7.8687,5.0694],[7.8799,5.0761],[7.9013,5.1186],[7.9362,5.1507],[7.9397,5.1824],[7.9733,5.2169],[7.9719,5.2301],[7.9885,5.256],[7.9952,5.2606],[8.0587,5.224],[8.0651,5.19],[8.054,5.1118],[7.9474,5.0881],[7.9197,5.0676],[7.92,5.0604],[7.8523,5.0246]]]}},{"type":"Feature","properties":{"state":"Akwa Ibom","lga":"Mbo"},"geometry":{"type":"MultiPolygon","coordinates":[[[[8.3293,4.6376],[8.3435,4.604],[8.3313,4.5907],[8.314,4.5871],[8.3071,4.6101],[8.3196,4.6132],[8.3185,4.6251],[8.3293,4.6376]]],[[[8.1327,4.5971],[8.1421,4.6432],[8.2058,4.6713],[8.214,4.6978],[8.2017,4.705],[8.2317,4.7204],[8.2661,4.7195],[8.2958,4.746],[8.2977,4.7117],[8.3149,4.6799],[8.3246,4.6771],[8.3176,4.661],[8.3096,4.6718],[8.3088,4.6604],[8.3276,4.6415],[8.3174,4.6268],[8.3179,4.6143],[8.3054,4.6101],[8.3076,4.5946],[8.2921,4.5765],[8.2721,4.5932],[8.2615,4.5901],[8.2643,4.6026],[8.2596,4.6049],[8.2532,4.6057],[8.2424,4.6046],[8.2626,4.6032],[8.2599,4.5904],[8.1726,4.5896],[8.1327,4.5971]]]]}},{"type":"Feature","properties":{"state":"Akwa Ibom","lga":"Mkpat Enin"},"geometry":{"type":"Polygon","coordinates":[[[7.6843,4.5285],[7.6804,4.5246],[7.6847,4.5329],[7.73,4.5775],[7.7394,4.6043],[7.7354,4.6149],[7.6996,4.6411],[7.7179,4.6848],[7.7135,4.6893],[7.706,4.6799],[7.7002,4.6906],[7.6913,4.6832],[7.6816,4.6976],[7.6621,4.6999],[7.7905,4.8815],[7.8083,4.8772],[7.7963,4.8581],[7.8062,4.84],[7.8045,4.8085],[7.7883,4.7765],[7.8117,4.7093],[7.8031,4.6813],[7.8239,4.6544],[7.7975,4.6035],[7.8161,4.5494],[7.7518,4.5464],[7.6974,4.516],[7.6801,4.5193],[7.6849,4.5279],[7.6915,4.5282],[7.7046,4.5376],[7.7026,4.5382],[7.6843,4.5285]]]}},{"type":"Feature","properties":{"state":"Akwa Ibom","lga":"Nsit Atai"},"geometry":{"type":"Polygon","coordinates":[[[7.9729,4.8235],[7.9947,4.8592],[7.9992,4.8895],[8.0496,4.8861],[8.0769,4.864],[8.052,4.8188],[8.0701,4.783],[8.0515,4.746],[8.0318,4.7311],[8.0111,4.7451],[7.9892,4.7763],[7.9729,4.8235]]]}},{"type":"Feature","properties":{"state":"Akwa Ibom","lga":"Nsit Ibom"},"geometry":{"type":"Polygon","coordinates":[[[7.8683,4.792],[7.8639,4.8685],[7.847,4.8992],[7.8361,4.9621],[7.848,4.9893],[7.8659,4.9786],[7.8707,4.9504],[7.8932,4.9302],[7.9297,4.8298],[7.9472,4.8174],[7.9405,4.8004],[7.9013,4.8013],[7.8683,4.792]]]}},{"type":"Feature","properties":{"state":"Akwa Ibom","lga":"Nsit Ubium"},"geometry":{"type":"Polygon","coordinates":[[[8.0444,4.6942],[7.9785,4.6816],[7.9085,4.6894],[7.8789,4.7068],[7.8683,4.792],[7.9013,4.8013],[7.9405,4.8004],[7.9472,4.8174],[7.972,4.8248],[7.9892,4.7763],[8.0384,4.7218],[8.0444,4.6942]]]}},{"type":"Feature","properties":{"state":"Akwa Ibom","lga":"Obot Akara"},"geometry":{"type":"Polygon","coordinates":[[[7.5379,5.2562],[7.5217,5.2998],[7.5395,5.3157],[7.624,5.3101],[7.6416,5.3163],[7.6687,5.2815],[7.6884,5.2745],[7.6959,5.2589],[7.6421,5.2354],[7.6277,5.1838],[7.6011,5.1587],[7.566,5.1639],[7.5177,5.1467],[7.5379,5.2562]]]}},{"type":"Feature","properties":{"state":"Akwa Ibom","lga":"Okobo"},"geometry":{"type":"Polygon","coordinates":[[[8.0913,4.6725],[8.051,4.6861],[8.0318,4.7311],[8.0515,4.746],[8.0701,4.783],[8.0528,4.8142],[8.0528,4.8282],[8.0699,4.8431],[8.0766,4.8644],[8.0928,4.8607],[8.1065,4.8928],[8.1398,4.9252],[8.2206,4.8447],[8.188,4.8269],[8.1845,4.8002],[8.1908,4.7834],[8.1691,4.7744],[8.1594,4.7594],[8.1279,4.7523],[8.1155,4.7417],[8.0913,4.6725]]]}},{"type":"Feature","properties":{"state":"Akwa Ibom","lga":"Onna"},"geometry":{"type":"Polygon","coordinates":[[[7.8789,4.7068],[7.8744,4.6628],[7.8895,4.6264],[7.9029,4.6146],[7.8864,4.5829],[7.9012,4.5561],[7.8912,4.5446],[7.8246,4.5376],[7.7979,4.5987],[7.8012,4.6196],[7.8239,4.6544],[7.8031,4.6813],[7.8042,4.6903],[7.8078,4.7009],[7.8128,4.6952],[7.8289,4.7048],[7.8262,4.6973],[7.8316,4.7013],[7.843,4.6938],[7.8789,4.7068]]]}},{"type":"Feature","properties":{"state":"Akwa Ibom","lga":"Oron"},"geometry":{"type":"Polygon","coordinates":[[[8.3238,4.6773],[8.3149,4.6799],[8.2977,4.7117],[8.287,4.768],[8.2349,4.7634],[8.1908,4.7834],[8.1845,4.8002],[8.188,4.8269],[8.2206,4.8447],[8.2758,4.788],[8.3084,4.7673],[8.3178,4.7521],[8.311,4.716],[8.3237,4.7088],[8.3238,4.6773]]]}},{"type":"Feature","properties":{"state":"Akwa Ibom","lga":"Oruk-Ana"},"geometry":{"type":"Polygon","coordinates":[[[7.7211,4.9656],[7.7369,4.9645],[7.7514,4.9455],[7.7716,4.9397],[7.7758,4.9027],[7.7905,4.8815],[7.784,4.8655],[7.6491,4.686],[7.5916,4.6517],[7.5237,4.6586],[7.5381,4.7235],[7.521,4.7743],[7.6276,4.8253],[7.659,4.866],[7.6634,4.8989],[7.7043,4.9323],[7.7211,4.9656]]]}},{"type":"Feature","properties":{"state":"Akwa Ibom","lga":"Udung Uko"},"geometry":{"type":"Polygon","coordinates":[[[8.2958,4.746],[8.2661,4.7195],[8.2564,4.7243],[8.2103,4.712],[8.1963,4.7258],[8.2069,4.7556],[8.1908,4.7834],[8.2349,4.7634],[8.287,4.768],[8.2958,4.746]]]}},{"type":"Feature","properties":{"state":"Akwa Ibom","lga":"Ukanafun"},"geometry":{"type":"Polygon","coordinates":[[[7.4964,4.8174],[7.49,4.8551],[7.5552,4.9244],[7.5951,4.9401],[7.6309,4.9432],[7.6607,4.9293],[7.7106,4.9932],[7.7325,5.0076],[7.762,5.0064],[7.7615,4.9848],[7.7463,4.9864],[7.7258,4.9745],[7.7043,4.9323],[7.6634,4.8989],[7.659,4.866],[7.6276,4.8253],[7.521,4.7743],[7.4964,4.8174]]]}},{"type":"Feature","properties":{"state":"Akwa Ibom","lga":"Uruan"},"geometry":{"type":"Polygon","coordinates":[[[7.9992,4.8895],[7.9766,4.9666],[8.0076,4.9852],[8.0143,5.0008],[7.9996,5.0029],[7.9828,5.0513],[7.9724,5.06],[7.9287,5.0702],[7.9521,5.0898],[8.054,5.1118],[8.0815,5.0081],[8.1398,4.9252],[8.1065,4.8928],[8.0928,4.8607],[8.0766,4.8644],[8.0496,4.8861],[7.9992,4.8895]]]}},{"type":"Feature","properties":{"state":"Akwa Ibom","lga":"UrueOffo"},"geometry":{"type":"Polygon","coordinates":[[[8.1421,4.6432],[8.1137,4.6726],[8.0913,4.6725],[8.1096,4.7312],[8.1279,4.7523],[8.1594,4.7594],[8.1691,4.7744],[8.1908,4.7834],[8.2069,4.7556],[8.1963,4.7258],[8.219,4.7109],[8.2017,4.705],[8.214,4.6978],[8.2058,4.6713],[8.1421,4.6432]]]}},{"type":"Feature","properties":{"state":"Akwa Ibom","lga":"Uyo"},"geometry":{"type":"Polygon","coordinates":[[[7.7941,4.8757],[7.8187,4.973],[7.8084,5.0506],[7.7937,5.0795],[7.8142,5.0807],[7.8237,5.0418],[7.853,5.0245],[7.8927,5.0425],[7.9275,5.0693],[7.9621,5.0664],[7.9828,5.0513],[7.9996,5.0029],[8.0143,5.0008],[8.0076,4.9852],[7.9736,4.9655],[7.9212,4.9897],[7.8971,4.9827],[7.8429,4.9871],[7.8272,4.9569],[7.8172,4.8804],[7.7941,4.8757]]]}},{"type":"Feature","properties":{"state":"Anambra","lga":"Aguata"},"geometry":{"type":"Polygon","coordinates":[[[6.96,5.9979],[7.0207,6.0351],[7.0674,6.0295],[7.1114,5.9688],[7.1326,5.9626],[7.1251,5.917],[7.0772,5.9236],[7.0343,5.9181],[7.0372,5.93],[6.9726,5.9611],[6.9615,5.9732],[6.96,5.9979]]]}},{"type":"Feature","properties":{"state":"Anambra","lga":"Anambra East"},"geometry":{"type":"Polygon","coordinates":[[[6.7487,6.186],[6.7556,6.1922],[6.7641,6.245],[6.8013,6.3197],[6.8377,6.3688],[6.8826,6.3971],[6.9024,6.4549],[6.9411,6.4634],[6.9652,6.4144],[6.9492,6.3831],[6.9415,6.3056],[6.8318,6.1994],[6.7897,6.1321],[6.7538,6.1236],[6.7606,6.1489],[6.7487,6.186]]]}},{"type":"Feature","properties":{"state":"Anambra","lga":"Anambra West"},"geometry":{"type":"Polygon","coordinates":[[[6.8377,6.3688],[6.8013,6.3197],[6.7641,6.245],[6.7556,6.1922],[6.7487,6.186],[6.7168,6.3277],[6.7181,6.3498],[6.6999,6.3681],[6.6644,6.5275],[6.6914,6.5399],[6.7494,6.5292],[6.7725,6.5436],[6.8022,6.5842],[6.8032,6.6282],[6.8232,6.6948],[6.8593,6.732],[6.8843,6.7459],[6.9059,6.7762],[6.913,6.7696],[6.9152,6.711],[6.9074,6.7064],[6.917,6.685],[6.9091,6.6543],[6.9118,6.6202],[6.9024,6.5823],[6.8851,6.5526],[6.8851,6.5121],[6.8678,6.4566],[6.8489,6.4254],[6.8377,6.3688]]]}},{"type":"Feature","properties":{"state":"Anambra","lga":"Anaocha"},"geometry":{"type":"Polygon","coordinates":[[[7.0201,6.0347],[6.96,5.9979],[6.938,6.0094],[6.9586,6.0329],[6.9567,6.0717],[6.9662,6.1167],[6.9846,6.1152],[6.9917,6.1439],[7.0151,6.1746],[7.0121,6.133],[7.0531,6.0866],[7.0201,6.0347]]]}},{"type":"Feature","properties":{"state":"Anambra","lga":"AwkaNort"},"geometry":{"type":"Polygon","coordinates":[[[6.9415,6.3056],[6.9492,6.3831],[6.965,6.4186],[6.9765,6.4161],[7.0221,6.4405],[7.0692,6.4287],[7.1037,6.394],[7.1254,6.335],[7.1466,6.3051],[7.1417,6.2898],[7.1285,6.2849],[7.1351,6.2629],[7.1277,6.248],[7.1322,6.2283],[7.1031,6.2238],[7.0581,6.2506],[6.9933,6.2273],[6.9751,6.2677],[6.9415,6.3056]]]}},{"type":"Feature","properties":{"state":"Anambra","lga":"AwkaSout"},"geometry":{"type":"Polygon","coordinates":[[[7.0531,6.0866],[7.0121,6.133],[7.0169,6.1716],[6.9959,6.2271],[7.0581,6.2506],[7.1031,6.2238],[7.1405,6.2255],[7.1251,6.1999],[7.106,6.1362],[7.0531,6.0866]]]}},{"type":"Feature","properties":{"state":"Anambra","lga":"Ayamelum"},"geometry":{"type":"Polygon","coordinates":[[[6.965,6.4186],[6.9411,6.4634],[6.9101,6.4591],[6.8979,6.4473],[6.8937,6.4149],[6.8826,6.3971],[6.8377,6.3688],[6.8489,6.4254],[6.8678,6.4566],[6.8851,6.5121],[6.8851,6.5526],[6.9024,6.5823],[6.9118,6.6202],[6.9091,6.6543],[6.917,6.685],[6.9074,6.7064],[6.9505,6.7154],[6.9908,6.7083],[7.0235,6.6881],[7.0489,6.6893],[7.0914,6.6738],[7.115,6.649],[7.0947,6.5933],[7.0253,6.5174],[7.0292,6.5019],[7.0193,6.4884],[7.0123,6.4505],[7.0221,6.4405],[6.9765,6.4161],[6.965,6.4186]]]}},{"type":"Feature","properties":{"state":"Anambra","lga":"Dunukofia"},"geometry":{"type":"Polygon","coordinates":[[[6.9437,6.3022],[6.9751,6.2677],[6.9802,6.2504],[6.9411,6.224],[6.9523,6.2013],[6.9286,6.1795],[6.9357,6.1596],[6.9175,6.1613],[6.9062,6.1432],[6.8843,6.1456],[6.8892,6.1636],[6.9164,6.191],[6.9437,6.3022]]]}},{"type":"Feature","properties":{"state":"Anambra","lga":"Ekwusigo"},"geometry":{"type":"Polygon","coordinates":[[[6.773,6.0503],[6.8091,6.0329],[6.838,6.041],[6.8542,6.0541],[6.8744,6.0516],[6.8614,5.9735],[6.8337,5.9178],[6.8102,5.9002],[6.8026,5.9043],[6.8007,5.97],[6.7765,6.0171],[6.773,6.0503]]]}},{"type":"Feature","properties":{"state":"Anambra","lga":"Idemili North"},"geometry":{"type":"Polygon","coordinates":[[[6.9662,6.1167],[6.9613,6.094],[6.9398,6.0982],[6.9172,6.086],[6.852,6.0732],[6.8039,6.08],[6.8188,6.1229],[6.8571,6.1227],[6.8843,6.1456],[6.9062,6.1432],[6.9053,6.1357],[6.9156,6.1309],[6.9369,6.1356],[6.9662,6.1167]]]}},{"type":"Feature","properties":{"state":"Anambra","lga":"Idemili South"},"geometry":{"type":"Polygon","coordinates":[[[6.9613,6.094],[6.9586,6.0329],[6.938,6.0094],[6.9249,6.0079],[6.9106,6.0312],[6.8616,6.0556],[6.8091,6.0329],[6.773,6.0503],[6.769,6.06],[6.7678,6.0807],[6.7789,6.0918],[6.8123,6.0762],[6.852,6.0732],[6.9172,6.086],[6.9398,6.0982],[6.9613,6.094]]]}},{"type":"Feature","properties":{"state":"Anambra","lga":"Ihiala"},"geometry":{"type":"Polygon","coordinates":[[[6.8083,5.9001],[6.8344,5.8567],[6.8546,5.8531],[6.8622,5.8913],[6.8776,5.9021],[6.9459,5.8861],[6.9316,5.8306],[6.8933,5.756],[6.8601,5.7494],[6.8015,5.7765],[6.773,5.781],[6.7775,5.8604],[6.8083,5.9001]]]}},{"type":"Feature","properties":{"state":"Anambra","lga":"Njikoka"},"geometry":{"type":"Polygon","coordinates":[[[7.0129,6.1744],[6.9917,6.1439],[6.9846,6.1152],[6.9739,6.1122],[6.9369,6.1356],[6.9053,6.1357],[6.9131,6.1588],[6.9357,6.1596],[6.9286,6.1795],[6.9517,6.196],[6.952,6.2116],[6.9411,6.224],[6.9802,6.2504],[6.9959,6.2271],[7.0129,6.1744]]]}},{"type":"Feature","properties":{"state":"Anambra","lga":"NnewiNort"},"geometry":{"type":"Polygon","coordinates":[[[6.8396,5.9353],[6.8614,5.9735],[6.8744,6.0516],[6.9106,6.0312],[6.9249,6.0079],[6.937,6.0095],[6.8695,5.9319],[6.847,5.9268],[6.8396,5.9353]]]}},{"type":"Feature","properties":{"state":"Anambra","lga":"NnewiSou"},"geometry":{"type":"Polygon","coordinates":[[[6.96,5.9979],[6.9615,5.9732],[6.9726,5.9611],[7.0372,5.93],[7.0343,5.9181],[6.9753,5.9048],[6.9459,5.8861],[6.8776,5.9021],[6.8622,5.8913],[6.8546,5.8531],[6.8344,5.8567],[6.8083,5.9001],[6.8337,5.9178],[6.8396,5.9353],[6.847,5.9268],[6.8695,5.9319],[6.937,6.0095],[6.96,5.9979]]]}},{"type":"Feature","properties":{"state":"Anambra","lga":"Ogbaru"},"geometry":{"type":"Polygon","coordinates":[[[6.7691,6.0596],[6.7765,6.0171],[6.8007,5.97],[6.8026,5.9043],[6.8083,5.9001],[6.7775,5.8604],[6.773,5.781],[6.751,5.7697],[6.6913,5.6997],[6.6438,5.6931],[6.63,5.6978],[6.6122,5.7217],[6.6284,5.7375],[6.6594,5.8006],[6.6649,5.8432],[6.6934,5.9191],[6.7338,5.9927],[6.7376,6.0583],[6.7691,6.0596]]]}},{"type":"Feature","properties":{"state":"Anambra","lga":"Onitsha North"},"geometry":{"type":"Polygon","coordinates":[[[6.7538,6.1236],[6.7934,6.1355],[6.8188,6.1229],[6.8039,6.08],[6.7647,6.0989],[6.7429,6.0988],[6.7538,6.1236]]]}},{"type":"Feature","properties":{"state":"Anambra","lga":"Onitsha South"},"geometry":{"type":"Polygon","coordinates":[[[6.7789,6.0918],[6.7678,6.0807],[6.7644,6.0549],[6.7376,6.0583],[6.7429,6.0988],[6.7789,6.0918]]]}},{"type":"Feature","properties":{"state":"Anambra","lga":"OrumbaNo"},"geometry":{"type":"Polygon","coordinates":[[[7.1326,5.9626],[7.1114,5.9688],[7.0985,5.9824],[7.0747,6.0245],[7.0465,6.0368],[7.0201,6.0347],[7.0198,6.0402],[7.0505,6.0846],[7.106,6.1362],[7.1337,6.2194],[7.1691,6.2429],[7.179,6.2409],[7.1885,6.1992],[7.2101,6.1889],[7.2044,6.1542],[7.2348,6.093],[7.2377,6.0685],[7.2689,6.0389],[7.261,6.0327],[7.1772,6.0322],[7.1571,6.0257],[7.1371,6.002],[7.1326,5.9626]]]}},{"type":"Feature","properties":{"state":"Anambra","lga":"OrumbaSo"},"geometry":{"type":"Polygon","coordinates":[[[7.3637,6.0207],[7.2926,5.9834],[7.2706,5.9623],[7.2501,5.9263],[7.1641,5.9034],[7.1236,5.9153],[7.1371,6.002],[7.1633,6.0288],[7.261,6.0327],[7.2689,6.0389],[7.2885,6.03],[7.3153,6.0455],[7.342,6.0397],[7.3503,6.0235],[7.3637,6.0207]]]}},{"type":"Feature","properties":{"state":"Anambra","lga":"Oyi"},"geometry":{"type":"Polygon","coordinates":[[[6.7934,6.1355],[6.8318,6.1994],[6.9415,6.3056],[6.9164,6.191],[6.8892,6.1636],[6.8811,6.1373],[6.8571,6.1227],[6.8306,6.1197],[6.7934,6.1355]]]}},{"type":"Feature","properties":{"state":"Bauchi","lga":"Alkaleri"},"geometry":{"type":"Polygon","coordinates":[[[9.9356,9.8056],[9.9915,9.9925],[10.0073,10.0198],[10.036,10.0404],[10.1448,10.0366],[10.261,10.0151],[10.2921,10.0232],[10.2898,10.0959],[10.3164,10.1845],[10.3176,10.3059],[10.3754,10.3033],[10.4032,10.2956],[10.4344,10.2738],[10.49,10.2132],[10.5345,10.1781],[10.5543,10.1705],[10.5976,10.1727],[10.6494,10.1412],[10.728,10.164],[10.7782,10.1899],[10.8477,10.1971],[10.8349,10.1703],[10.772,10.1602],[10.7398,10.1456],[10.7187,10.115],[10.724,10.0891],[10.7933,10.0189],[10.8337,9.9963],[10.9814,9.8829],[11.0013,9.8221],[11.0112,9.7229],[11.0529,9.6383],[11.0802,9.6042],[11.0781,9.589],[11.0043,9.587],[10.9002,9.6044],[10.7291,9.5267],[10.6346,9.5392],[10.5581,9.4942],[10.358,9.6164],[10.1791,9.6924],[10.0296,9.7715],[9.9881,9.7797],[9.9356,9.8056]]]}},{"type":"Feature","properties":{"state":"Bauchi","lga":"Bauchi"},"geometry":{"type":"Polygon","coordinates":[[[10.3152,10.3617],[10.3164,10.1845],[10.2898,10.0959],[10.2921,10.0232],[10.261,10.0151],[10.1448,10.0366],[10.036,10.0404],[10.0073,10.0198],[9.9915,9.9925],[9.9356,9.8056],[9.8752,9.8374],[9.8691,9.8565],[9.8417,9.8864],[9.7334,9.9672],[9.6319,10.0668],[9.6288,10.1121],[9.6457,10.1488],[9.6513,10.1941],[9.629,10.2416],[9.6412,10.2923],[9.6432,10.3432],[9.6241,10.51],[9.6062,10.5422],[9.631,10.5494],[9.718,10.5408],[9.7648,10.5319],[9.8327,10.506],[9.8852,10.3987],[9.9114,10.38],[9.974,10.3889],[10.0655,10.4296],[10.1558,10.4533],[10.2158,10.4564],[10.2649,10.4761],[10.3152,10.3617]]]}},{"type":"Feature","properties":{"state":"Bauchi","lga":"Bogoro"},"geometry":{"type":"Polygon","coordinates":[[[9.8113,9.6586],[9.782,9.6508],[9.7354,9.5673],[9.6645,9.5447],[9.5023,9.5353],[9.4171,9.5576],[9.4935,9.7015],[9.5198,9.7234],[9.5671,9.719],[9.6345,9.7307],[9.7013,9.7218],[9.7965,9.682],[9.8113,9.6586]]]}},{"type":"Feature","properties":{"state":"Bauchi","lga":"Damban"},"geometry":{"type":"Polygon","coordinates":[[[10.9459,11.3772],[10.8822,11.4126],[10.86,11.4404],[10.786,11.4387],[10.7741,11.493],[10.7295,11.4999],[10.6815,11.5367],[10.6835,11.5448],[10.6356,11.6192],[10.633,11.6482],[10.6514,11.6712],[10.7116,11.7065],[10.8872,11.7733],[10.9754,11.5548],[10.9718,11.4766],[10.9547,11.4331],[10.9459,11.3772]]]}},{"type":"Feature","properties":{"state":"Bauchi","lga":"Darazo"},"geometry":{"type":"Polygon","coordinates":[[[10.786,11.4387],[10.86,11.4404],[10.8822,11.4126],[10.9459,11.3772],[10.9389,11.3251],[10.9488,11.3113],[10.9652,11.3007],[11.0142,11.2948],[11.0013,11.291],[10.9576,11.231],[10.86,11.1787],[10.8184,11.1197],[10.786,11.0918],[10.6987,11.0655],[10.6754,11.0438],[10.6533,11.0115],[10.6375,10.9326],[10.5954,10.814],[10.5653,10.7738],[10.526,10.7729],[10.488,10.7994],[10.4771,10.8276],[10.4866,10.8402],[10.5134,10.849],[10.5452,10.8407],[10.5736,10.845],[10.6087,10.8649],[10.6053,10.8834],[10.589,10.8896],[10.4975,10.8584],[10.4399,10.8734],[10.3498,10.9185],[10.3156,10.9438],[10.2946,10.9714],[10.2877,11.0483],[10.2757,11.0816],[10.3233,11.0941],[10.3764,11.1285],[10.3926,11.1744],[10.4741,11.1944],[10.4892,11.2069],[10.5159,11.2088],[10.6184,11.2598],[10.6146,11.3182],[10.637,11.3883],[10.6964,11.3983],[10.786,11.4387]]]}},{"type":"Feature","properties":{"state":"Bauchi","lga":"Dass"},"geometry":{"type":"Polygon","coordinates":[[[9.3905,9.8985],[9.3555,9.9588],[9.353,9.985],[9.3815,10.0596],[9.411,10.0989],[9.4787,10.1256],[9.5723,10.0742],[9.5808,10.0469],[9.5571,10.041],[9.5661,10.0148],[9.5549,9.992],[9.5665,9.9834],[9.6077,9.9839],[9.6106,9.9711],[9.5858,9.8987],[9.5699,9.8889],[9.5202,9.9002],[9.3905,9.8985]]]}},{"type":"Feature","properties":{"state":"Bauchi","lga":"Gamawa"},"geometry":{"type":"Polygon","coordinates":[[[10.8872,11.7733],[10.8337,11.7487],[10.7843,11.7375],[10.7116,11.7065],[10.646,11.6657],[10.5882,11.6459],[10.5454,11.7089],[10.4929,11.7553],[10.4539,11.8099],[10.4791,11.8448],[10.5166,11.8618],[10.4905,11.8811],[10.4427,11.8817],[10.4321,11.9059],[10.4341,11.9573],[10.4066,12.0346],[10.4272,12.0815],[10.4336,12.1096],[10.429,12.1312],[10.397,12.1658],[10.3549,12.1555],[10.3413,12.1575],[10.3316,12.1707],[10.4223,12.3027],[10.548,12.3609],[10.5809,12.3275],[10.6691,12.3539],[10.7564,12.3363],[10.7623,12.2165],[10.8133,12.1425],[10.8167,12.0353],[10.8373,11.9493],[10.8406,11.8878],[10.8872,11.7733]]]}},{"type":"Feature","properties":{"state":"Bauchi","lga":"Gamjuwa"},"geometry":{"type":"Polygon","coordinates":[[[10.2649,10.4761],[10.2158,10.4564],[10.1558,10.4533],[10.0655,10.4296],[9.974,10.3889],[9.9114,10.38],[9.8852,10.3987],[9.8327,10.506],[9.7648,10.5319],[9.718,10.5408],[9.631,10.5494],[9.6062,10.5422],[9.5754,10.593],[9.5667,10.6723],[9.5882,10.7729],[9.6213,10.863],[9.6324,11.0012],[9.6279,11.0456],[9.6803,11.03],[9.7717,11.0309],[9.8675,11.0214],[9.8804,10.9863],[9.9022,10.9646],[9.9568,10.9517],[9.9943,10.9456],[10.0847,10.9678],[10.11,10.965],[10.14,10.9434],[10.1798,10.9334],[10.2098,10.9425],[10.1918,10.9972],[10.1925,11.0261],[10.2173,11.0565],[10.2757,11.0816],[10.2877,11.0483],[10.2946,10.9714],[10.3156,10.9438],[10.3498,10.9185],[10.4399,10.8734],[10.4975,10.8584],[10.589,10.8896],[10.6053,10.8834],[10.6087,10.8649],[10.5736,10.845],[10.5452,10.8407],[10.5134,10.849],[10.4866,10.8402],[10.4771,10.8276],[10.488,10.7994],[10.5156,10.7783],[10.5653,10.7738],[10.5371,10.7331],[10.5338,10.711],[10.5665,10.6993],[10.475,10.6168],[10.4492,10.6254],[10.4101,10.6198],[10.35,10.5975],[10.3008,10.546],[10.2649,10.4761]]]}},{"type":"Feature","properties":{"state":"Bauchi","lga":"Giade"},"geometry":{"type":"Polygon","coordinates":[[[10.113,11.2289],[10.1746,11.3751],[10.2477,11.4322],[10.2544,11.4558],[10.2439,11.4787],[10.2261,11.4884],[10.2155,11.5818],[10.3042,11.5898],[10.376,11.5764],[10.3737,11.5146],[10.3497,11.5265],[10.3271,11.5123],[10.3234,11.497],[10.3464,11.4575],[10.3437,11.408],[10.2896,11.1991],[10.113,11.2289]]]}},{"type":"Feature","properties":{"state":"Bauchi","lga":"Itas/Gad"},"geometry":{"type":"Polygon","coordinates":[[[10.4427,11.8817],[10.4905,11.8811],[10.5166,11.8618],[10.4791,11.8448],[10.4516,11.8038],[10.407,11.7722],[10.3193,11.7989],[10.2743,11.7864],[10.2211,11.759],[10.1992,11.7591],[10.0956,11.7968],[10.0586,11.8018],[9.9931,11.7616],[9.8426,11.7624],[9.7802,11.7442],[9.7591,11.7215],[9.725,11.7183],[9.6908,11.7019],[9.6486,11.7012],[9.6269,11.7112],[9.6346,11.7791],[9.6868,11.8512],[9.7863,11.8586],[9.8747,11.907],[10.152,12.0063],[10.1712,12.0212],[10.171,12.0371],[10.1899,12.028],[10.2101,12.0033],[10.2493,11.9148],[10.4427,11.8817]]]}},{"type":"Feature","properties":{"state":"Bauchi","lga":"Jama'are"},"geometry":{"type":"Polygon","coordinates":[[[9.7591,11.7215],[9.7802,11.7442],[9.8178,11.7583],[9.9938,11.7619],[10.1239,11.6945],[10.1103,11.6611],[10.0812,11.6394],[10.046,11.6254],[9.9833,11.6405],[9.9393,11.5838],[9.9034,11.5574],[9.8333,11.5494],[9.8178,11.5516],[9.8307,11.5755],[9.828,11.6138],[9.8051,11.7038],[9.7987,11.7146],[9.7591,11.7215]]]}},{"type":"Feature","properties":{"state":"Bauchi","lga":"Katagum"},"geometry":{"type":"Polygon","coordinates":[[[10.646,11.6657],[10.633,11.6482],[10.6356,11.6192],[10.6835,11.5448],[10.6798,11.5296],[10.6575,11.5108],[10.6297,11.5008],[10.4941,11.4761],[10.4049,11.4721],[10.3737,11.5146],[10.376,11.5764],[10.36,11.5842],[10.2878,11.5898],[10.2136,11.5819],[10.1694,11.6026],[10.1583,11.6],[10.1321,11.5589],[10.0925,11.5733],[10.081,11.5859],[10.0388,11.5977],[9.9641,11.5032],[9.9589,11.4604],[9.9858,11.3881],[9.9774,11.3566],[9.962,11.3476],[9.9514,11.318],[9.9047,11.3845],[9.8801,11.4653],[9.818,11.4504],[9.7989,11.4681],[9.7901,11.4957],[9.8178,11.5516],[9.8683,11.5495],[9.9034,11.5574],[9.9393,11.5838],[9.9833,11.6405],[10.046,11.6254],[10.1103,11.6611],[10.1239,11.6945],[10.1166,11.7028],[9.9938,11.7619],[10.0586,11.8018],[10.0956,11.7968],[10.1992,11.7591],[10.2211,11.759],[10.2743,11.7864],[10.3193,11.7989],[10.407,11.7722],[10.4539,11.8099],[10.4929,11.7553],[10.5454,11.7089],[10.5882,11.6459],[10.646,11.6657]]]}},{"type":"Feature","properties":{"state":"Bauchi","lga":"Kirfi"},"geometry":{"type":"Polygon","coordinates":[[[10.8477,10.1971],[10.7782,10.1899],[10.728,10.164],[10.6494,10.1412],[10.5976,10.1727],[10.5543,10.1705],[10.5345,10.1781],[10.4032,10.2956],[10.3176,10.3059],[10.3152,10.3617],[10.264,10.4699],[10.2788,10.5105],[10.3008,10.546],[10.35,10.5975],[10.4101,10.6198],[10.4492,10.6254],[10.475,10.6168],[10.5665,10.6993],[10.6531,10.6632],[10.6714,10.636],[10.6855,10.5216],[10.6998,10.5032],[10.8161,10.4613],[10.8364,10.4178],[10.8497,10.3824],[10.8419,10.2443],[10.8477,10.1971]]]}},{"type":"Feature","properties":{"state":"Bauchi","lga":"Misau"},"geometry":{"type":"Polygon","coordinates":[[[10.6815,11.5367],[10.7295,11.4999],[10.7741,11.493],[10.786,11.4387],[10.6964,11.3983],[10.637,11.3883],[10.6146,11.3182],[10.6184,11.2598],[10.5159,11.2088],[10.4892,11.2069],[10.4741,11.1944],[10.3926,11.1744],[10.3775,11.1953],[10.2896,11.1991],[10.3437,11.408],[10.3464,11.4575],[10.3397,11.4767],[10.3256,11.4859],[10.3271,11.5123],[10.3497,11.5265],[10.3633,11.5245],[10.3851,11.5028],[10.3893,11.487],[10.4187,11.4684],[10.5653,11.4852],[10.6297,11.5008],[10.6575,11.5108],[10.6815,11.5367]]]}},{"type":"Feature","properties":{"state":"Bauchi","lga":"Ningi"},"geometry":{"type":"Polygon","coordinates":[[[9.6279,11.0456],[9.6283,10.9145],[9.6093,10.8299],[9.445,10.7804],[9.2703,10.7685],[9.2398,10.7497],[9.1998,10.7386],[9.0857,10.7269],[9.0272,10.7332],[8.9874,10.7795],[8.8961,10.81],[8.8553,10.8039],[8.7894,10.7615],[8.7445,10.8128],[8.7308,10.9545],[8.738,11.0104],[8.7638,11.0832],[8.8569,11.0957],[8.944,11.2126],[9.0206,11.279],[9.0314,11.2966],[9.0715,11.3216],[9.0988,11.3263],[9.1172,11.3094],[9.1356,11.3078],[9.2409,11.3455],[9.3378,11.328],[9.4578,11.2895],[9.5119,11.3128],[9.549,11.3011],[9.5779,11.2427],[9.6339,11.2397],[9.6329,11.2021],[9.6052,11.1248],[9.6279,11.0456]]]}},{"type":"Feature","properties":{"state":"Bauchi","lga":"Shira"},"geometry":{"type":"Polygon","coordinates":[[[10.2155,11.5818],[10.2261,11.4884],[10.2439,11.4787],[10.2544,11.4558],[10.2477,11.4322],[10.1746,11.3751],[10.113,11.2289],[10.0386,11.2368],[9.9902,11.2662],[9.9514,11.318],[9.962,11.3476],[9.9774,11.3566],[9.9858,11.3881],[9.9589,11.4604],[9.9641,11.5032],[10.0388,11.5977],[10.081,11.5859],[10.0925,11.5733],[10.1321,11.5589],[10.1583,11.6],[10.1912,11.5974],[10.2155,11.5818]]]}},{"type":"Feature","properties":{"state":"Bauchi","lga":"Tafawa-B"},"geometry":{"type":"Polygon","coordinates":[[[9.6318,10.2314],[9.6498,10.202],[9.6517,10.1766],[9.6288,10.1121],[9.6319,10.0668],[9.6861,10.0087],[9.8128,9.9129],[9.8723,9.8509],[9.8752,9.8374],[9.8652,9.8429],[9.8163,9.8143],[9.8115,9.7913],[9.8626,9.7263],[9.8671,9.6983],[9.8589,9.6717],[9.8113,9.6586],[9.7965,9.682],[9.7013,9.7218],[9.6345,9.7307],[9.5671,9.719],[9.5198,9.7234],[9.4935,9.7015],[9.4171,9.5576],[9.3364,9.5632],[9.3119,9.5717],[9.2867,9.5932],[9.2456,9.6771],[9.2329,9.6885],[9.1696,9.7112],[9.1598,9.7249],[9.1612,9.7519],[9.1779,9.7889],[9.1949,9.8152],[9.269,9.8168],[9.3152,9.8282],[9.3718,9.8716],[9.3905,9.8985],[9.5202,9.9002],[9.5699,9.8889],[9.5858,9.8987],[9.6106,9.9711],[9.6077,9.9839],[9.5665,9.9834],[9.5549,9.992],[9.5661,10.0148],[9.5571,10.041],[9.5808,10.0469],[9.5771,10.0668],[9.5006,10.1189],[9.4787,10.1256],[9.5312,10.1502],[9.5988,10.1683],[9.5731,10.1996],[9.5744,10.2195],[9.6076,10.2336],[9.6318,10.2314]]]}},{"type":"Feature","properties":{"state":"Bauchi","lga":"Toro"},"geometry":{"type":"Polygon","coordinates":[[[9.5754,10.593],[9.6241,10.51],[9.64,10.3826],[9.644,10.3147],[9.6294,10.2632],[9.6318,10.2314],[9.6076,10.2336],[9.5744,10.2195],[9.5731,10.1996],[9.5988,10.1683],[9.593,10.1645],[9.5663,10.1621],[9.4246,10.1079],[9.4004,10.088],[9.3815,10.0596],[9.353,9.985],[9.3555,9.9588],[9.3905,9.8985],[9.3718,9.8716],[9.3282,9.8362],[9.269,9.8168],[9.1949,9.8152],[9.2034,9.8423],[9.195,9.9612],[9.1835,9.9875],[9.1545,10.0183],[9.1133,10.0188],[8.9602,9.9865],[8.9579,10.2266],[8.9482,10.2617],[8.9237,10.3029],[8.9061,10.3281],[8.8869,10.3363],[8.8365,10.3438],[8.785,10.3357],[8.7442,10.3791],[8.6991,10.407],[8.6947,10.4187],[8.7327,10.4858],[8.7413,10.5491],[8.7572,10.558],[8.8127,10.6528],[8.8193,10.717],[8.7894,10.7615],[8.8706,10.8078],[8.8961,10.81],[8.9439,10.7973],[8.9874,10.7795],[9.0272,10.7332],[9.0857,10.7269],[9.1998,10.7386],[9.2398,10.7497],[9.2703,10.7685],[9.445,10.7804],[9.6093,10.8299],[9.5882,10.7729],[9.5667,10.6723],[9.5754,10.593]]]}},{"type":"Feature","properties":{"state":"Bauchi","lga":"Warji"},"geometry":{"type":"Polygon","coordinates":[[[9.8675,11.0214],[9.7717,11.0309],[9.6803,11.03],[9.6279,11.0456],[9.6052,11.1248],[9.6329,11.2021],[9.6339,11.2397],[9.7528,11.247],[9.8105,11.2614],[9.829,11.2566],[9.8721,11.1785],[9.8807,11.1443],[9.8675,11.0214]]]}},{"type":"Feature","properties":{"state":"Bauchi","lga":"Zaki"},"geometry":{"type":"Polygon","coordinates":[[[10.7564,12.3363],[10.6691,12.3539],[10.5809,12.3275],[10.548,12.3609],[10.4223,12.3027],[10.3316,12.1707],[10.3413,12.1575],[10.3549,12.1555],[10.397,12.1658],[10.429,12.1312],[10.4336,12.1096],[10.4272,12.0815],[10.4066,12.0346],[10.4341,11.9573],[10.4321,11.9059],[10.4427,11.8817],[10.3892,11.8954],[10.2697,11.9081],[10.2398,11.9255],[10.2101,12.0033],[10.1899,12.028],[10.171,12.0371],[10.1615,12.0869],[10.2699,12.414],[10.3432,12.4449],[10.3995,12.4536],[10.4289,12.4145],[10.4308,12.3925],[10.6095,12.5025],[10.7344,12.4043],[10.7564,12.3363]]]}},{"type":"Feature","properties":{"state":"Bayelsa","lga":"Brass"},"geometry":{"type":"MultiPolygon","coordinates":[[[[6.4404,4.3088],[6.4393,4.3057],[6.4399,4.3088],[6.4404,4.3088]]],[[[6.0963,4.3551],[6.0999,4.339],[6.1121,4.3301],[6.1215,4.334],[6.1337,4.3254],[6.1515,4.3282],[6.1582,4.3207],[6.169,4.3187],[6.1887,4.3265],[6.1963,4.3049],[6.2107,4.321],[6.221,4.2821],[6.0863,4.2707],[6.0801,4.3329],[6.0963,4.3551]]],[[[6.2618,4.3565],[6.2643,4.3479],[6.259,4.3479],[6.2618,4.3565]]],[[[6.3235,4.426],[6.3438,4.4163],[6.3485,4.3757],[6.3785,4.3638],[6.3829,4.3504],[6.3799,4.3382],[6.3737,4.3396],[6.3693,4.3388],[6.3649,4.326],[6.3563,4.3293],[6.3479,4.3274],[6.3413,4.3229],[6.3385,4.3288],[6.3329,4.329],[6.3274,4.326],[6.326,4.3185],[6.3332,4.3282],[6.3401,4.3224],[6.3654,4.3251],[6.3704,4.3385],[6.3799,4.3363],[6.3854,4.3479],[6.4174,4.3085],[6.2846,4.2924],[6.2393,4.294],[6.2357,4.3054],[6.2576,4.3462],[6.2613,4.3315],[6.2649,4.3296],[6.2721,4.3288],[6.2679,4.3179],[6.2732,4.3168],[6.2782,4.3179],[6.269,4.3182],[6.2729,4.329],[6.2613,4.3326],[6.2601,4.3465],[6.2665,4.3449],[6.2704,4.3457],[6.271,4.3554],[6.2946,4.3579],[6.2965,4.3504],[6.2832,4.3454],[6.2918,4.3429],[6.2946,4.3332],[6.2904,4.3349],[6.2882,4.3335],[6.2982,4.3315],[6.2968,4.3596],[6.3121,4.3721],[6.314,4.3782],[6.3124,4.3885],[6.304,4.3985],[6.3035,4.4076],[6.3104,4.4221],[6.3235,4.426]]],[[[5.9804,4.3535],[5.981,4.3501],[5.9796,4.3493],[5.9804,4.3535]]],[[[5.9796,4.3643],[5.9851,4.3576],[5.9765,4.3565],[5.9796,4.3643]]],[[[5.9788,4.3682],[5.9774,4.3682],[5.979,4.3701],[5.9788,4.3682]]],[[[5.846,4.4096],[5.9337,4.3678],[5.9676,4.3701],[5.9668,4.3357],[5.8846,4.3737],[5.8493,4.3987],[5.846,4.4096]]],[[[6.0362,4.4679],[6.0554,4.4524],[6.054,4.4301],[6.0457,4.4188],[6.0449,4.4062],[6.0385,4.4126],[6.0257,4.4085],[6.029,4.4165],[6.0237,4.4107],[6.0262,4.4074],[6.0349,4.4065],[6.0374,4.3824],[6.049,4.3757],[6.0435,4.3549],[6.0696,4.3235],[6.0657,4.2868],[5.9782,4.311],[5.9779,4.3415],[5.9932,4.3582],[5.9826,4.3754],[5.9754,4.3754],[5.9879,4.4043],[5.9779,4.3871],[5.969,4.3879],[5.971,4.3765],[5.9632,4.376],[5.9603,4.3844],[5.9807,4.4532],[5.9936,4.4626],[6.0362,4.4679]]],[[[6.0479,4.4157],[6.0537,4.4021],[6.0701,4.389],[6.0679,4.3507],[6.0579,4.3574],[6.0607,4.3685],[6.056,4.3812],[6.0524,4.3632],[6.051,4.3779],[6.0388,4.3838],[6.0429,4.3951],[6.0368,4.4076],[6.0463,4.406],[6.0479,4.4157]]],[[[6.1321,4.4207],[6.1413,4.3951],[6.1396,4.3735],[6.1249,4.3654],[6.1015,4.3707],[6.0865,4.3599],[6.0765,4.3793],[6.081,4.394],[6.1321,4.4207]]],[[[6.1271,4.4301],[6.1315,4.4243],[6.1257,4.4237],[6.1271,4.4301]]],[[[6.1482,4.3904],[6.1488,4.3835],[6.1446,4.379],[6.1437,4.3874],[6.1482,4.3904]]],[[[6.2471,4.3915],[6.2465,4.3846],[6.244,4.3843],[6.2471,4.3915]]],[[[6.1702,4.5308],[6.1697,4.4573],[6.1939,4.4221],[6.2215,4.406],[6.234,4.4096],[6.2374,4.4021],[6.2379,4.3882],[6.2271,4.374],[6.2107,4.3749],[6.2174,4.3824],[6.2174,4.386],[6.2143,4.3885],[6.2101,4.3871],[6.2082,4.379],[6.2012,4.3846],[6.2074,4.3779],[6.2151,4.3871],[6.2096,4.3746],[6.2274,4.3704],[6.214,4.3238],[6.2032,4.3235],[6.1974,4.3082],[6.1865,4.3365],[6.199,4.3349],[6.204,4.3382],[6.2063,4.3429],[6.2024,4.3563],[6.1971,4.3568],[6.2001,4.3626],[6.201,4.3707],[6.1949,4.3746],[6.196,4.3565],[6.2018,4.3535],[6.1993,4.3507],[6.1932,4.3521],[6.1901,4.3504],[6.2049,4.3415],[6.1974,4.3357],[6.1874,4.3388],[6.1849,4.3363],[6.1782,4.3365],[6.1701,4.3338],[6.1829,4.336],[6.1857,4.3296],[6.1704,4.3199],[6.1574,4.3229],[6.1529,4.3424],[6.1429,4.3432],[6.1474,4.3293],[6.136,4.3265],[6.121,4.3354],[6.1118,4.3313],[6.0999,4.3413],[6.0968,4.3574],[6.0999,4.3668],[6.1246,4.3626],[6.1376,4.3663],[6.1574,4.3938],[6.1496,4.3954],[6.1365,4.4279],[6.1599,4.444],[6.1499,4.4568],[6.1446,4.489],[6.1468,4.4999],[6.1463,4.509],[6.1593,4.5199],[6.1596,4.536],[6.1587,4.5201],[6.1454,4.5096],[6.1429,4.4924],[6.1482,4.4557],[6.1579,4.4451],[6.1496,4.4374],[6.1387,4.4379],[6.1429,4.4515],[6.1254,4.4843],[6.1418,4.5154],[6.1457,4.5424],[6.1507,4.544],[6.1543,4.5507],[6.1541,4.567],[6.1702,4.5308]]],[[[6.0535,4.4629],[6.0599,4.4604],[6.0565,4.4551],[6.0535,4.4629]]],[[[6.1193,4.5435],[6.1179,4.5332],[6.1199,4.5254],[6.1093,4.5121],[6.111,4.499],[6.0904,4.5004],[6.0971,4.5301],[6.0888,4.5029],[6.0899,4.4988],[6.0996,4.491],[6.1118,4.4871],[6.1146,4.4768],[6.1029,4.446],[6.086,4.4368],[6.0979,4.4135],[6.0729,4.406],[6.069,4.3918],[6.051,4.4115],[6.061,4.4615],[6.0374,4.4707],[6.0741,4.5177],[6.0986,4.5378],[6.1193,4.5435]]],[[[6.1204,4.5451],[6.1532,4.5657],[6.1532,4.551],[6.1449,4.5426],[6.1221,4.4832],[6.1399,4.4479],[6.111,4.4165],[6.0901,4.4337],[6.1082,4.4454],[6.119,4.4726],[6.116,4.4874],[6.0985,4.4968],[6.1126,4.4976],[6.1118,4.5121],[6.1212,4.5232],[6.1204,4.5451]]],[[[6.4246,4.3835],[6.4374,4.3449],[6.4024,4.3346],[6.3979,4.3426],[6.4032,4.3479],[6.4076,4.3593],[6.4001,4.3766],[6.4246,4.3835]]],[[[6.364,4.3759],[6.3987,4.3763],[6.406,4.3599],[6.3965,4.3454],[6.3785,4.3693],[6.354,4.3754],[6.3499,4.3863],[6.364,4.3759]]],[[[6.2518,4.3757],[6.2507,4.3629],[6.2429,4.3599],[6.2418,4.3663],[6.2518,4.3757]]],[[[6.2696,4.3671],[6.3021,4.4024],[6.3113,4.374],[6.2951,4.3604],[6.2715,4.3574],[6.2674,4.3457],[6.2696,4.3671]]],[[[6.4274,4.3818],[6.4476,4.4174],[6.4535,4.4082],[6.4718,4.4174],[6.5052,4.4159],[6.5315,4.4365],[6.5507,4.4201],[6.5468,4.3921],[6.561,4.3926],[6.5665,4.3854],[6.5637,4.361],[6.5849,4.3565],[6.5835,4.3385],[6.5324,4.3354],[6.5188,4.331],[6.4949,4.3443],[6.4935,4.3432],[6.5182,4.3293],[6.5885,4.3371],[6.5949,4.3326],[6.5832,4.3263],[6.4443,4.316],[6.4287,4.3285],[6.4396,4.3376],[6.4401,4.3521],[6.4274,4.3818]]],[[[6.4545,4.4101],[6.4549,4.4103],[6.4549,4.4101],[6.4545,4.4101]]],[[[6.5813,4.4871],[6.5976,4.4576],[6.5929,4.3771],[6.5821,4.3632],[6.5674,4.3607],[6.5696,4.3857],[6.5615,4.3943],[6.5518,4.3932],[6.5529,4.4213],[6.5296,4.4424],[6.5421,4.4779],[6.5568,4.4615],[6.5607,4.4612],[6.564,4.4707],[6.5735,4.4696],[6.5799,4.4715],[6.5813,4.4871]]],[[[6.6768,4.431],[6.681,4.4226],[6.6796,4.4168],[6.6729,4.4224],[6.6768,4.431]]],[[[6.5585,4.4626],[6.5249,4.5332],[6.5404,4.531],[6.5399,4.5121],[6.576,4.4901],[6.5793,4.4721],[6.5637,4.4718],[6.5585,4.4626]]],[[[6.7115,4.6063],[6.7176,4.6115],[6.7188,4.5768],[6.689,4.5121],[6.7001,4.4315],[6.694,4.4221],[6.6746,4.4882],[6.6601,4.5062],[6.6785,4.5276],[6.6801,4.5399],[6.6635,4.5471],[6.6513,4.5663],[6.6401,4.6076],[6.6424,4.6115],[6.6474,4.6076],[6.6518,4.6082],[6.6529,4.6104],[6.6496,4.6279],[6.6504,4.6088],[6.641,4.6124],[6.6393,4.6096],[6.6399,4.5982],[6.6279,4.5971],[6.6157,4.609],[6.6168,4.6162],[6.6238,4.6265],[6.6243,4.6321],[6.6026,4.6454],[6.6115,4.6715],[6.6118,4.6746],[6.611,4.6771],[6.6085,4.6793],[6.6051,4.6804],[6.6113,4.6735],[6.6021,4.6557],[6.5668,4.6876],[6.5632,4.6865],[6.5776,4.6701],[6.6032,4.6535],[6.5949,4.6418],[6.589,4.6429],[6.5851,4.6418],[6.586,4.6324],[6.5935,4.6268],[6.5874,4.6185],[6.5887,4.5957],[6.5965,4.5929],[6.591,4.5868],[6.5904,4.5832],[6.5993,4.5679],[6.5946,4.5626],[6.5918,4.5571],[6.5776,4.5599],[6.5804,4.5704],[6.5704,4.5776],[6.5726,4.5851],[6.5721,4.5871],[6.5699,4.5771],[6.5796,4.5704],[6.5765,4.5604],[6.5774,4.5593],[6.5826,4.5574],[6.5901,4.556],[6.5937,4.5579],[6.5976,4.5637],[6.5951,4.5418],[6.6124,4.5421],[6.634,4.5087],[6.6621,4.4904],[6.671,4.4535],[6.6662,4.4363],[6.6468,4.4324],[6.6454,4.4396],[6.6432,4.4413],[6.6376,4.4396],[6.6368,4.4371],[6.6443,4.4399],[6.6457,4.4321],[6.6546,4.4321],[6.654,4.4254],[6.6576,4.434],[6.666,4.4332],[6.669,4.4171],[6.6876,4.4049],[6.6937,4.3865],[6.6835,4.381],[6.6951,4.3804],[6.7043,4.3485],[6.7001,4.3393],[6.6454,4.334],[6.6307,4.3185],[6.5979,4.3471],[6.6024,4.3513],[6.6015,4.3574],[6.6051,4.3535],[6.6107,4.3554],[6.609,4.3518],[6.609,4.3493],[6.6101,4.3482],[6.6215,4.3465],[6.6285,4.3493],[6.6268,4.3429],[6.6363,4.3424],[6.6476,4.3454],[6.6624,4.3563],[6.6646,4.3646],[6.6365,4.3443],[6.6293,4.3499],[6.6099,4.349],[6.6132,4.3574],[6.6015,4.3582],[6.5996,4.3504],[6.5943,4.3535],[6.6026,4.3865],[6.604,4.4635],[6.5796,4.4965],[6.544,4.514],[6.5451,4.5288],[6.5649,4.5482],[6.5635,4.5521],[6.5482,4.559],[6.5382,4.5704],[6.5468,4.5818],[6.5351,4.6137],[6.546,4.6187],[6.5507,4.6246],[6.551,4.6285],[6.5471,4.634],[6.5538,4.6354],[6.5551,4.6376],[6.5538,4.6404],[6.5485,4.6435],[6.5551,4.6457],[6.5554,4.649],[6.5532,4.6568],[6.5546,4.646],[6.5488,4.6457],[6.5479,4.6432],[6.5546,4.6379],[6.5465,4.6343],[6.5501,4.6251],[6.5357,4.6165],[6.5315,4.5985],[6.5454,4.5818],[6.5362,4.5732],[6.5385,4.5663],[6.5499,4.554],[6.5632,4.549],[6.5507,4.5349],[6.5318,4.5324],[6.5313,4.5476],[6.524,4.5521],[6.5293,4.5521],[6.5315,4.5535],[6.5343,4.5599],[6.5288,4.5651],[6.5224,4.5654],[6.5218,4.5674],[6.5237,4.569],[6.5232,4.5696],[6.5213,4.5676],[6.5218,4.5649],[6.5337,4.559],[6.5235,4.5526],[6.531,4.5449],[6.5235,4.5429],[6.5229,4.5314],[6.5085,4.5615],[6.4859,4.5803],[6.4593,4.6474],[6.4371,4.6597],[6.4349,4.6777],[6.4544,4.7147],[6.5689,4.7536],[6.601,4.7533],[6.623,4.7276],[6.6428,4.652],[6.7115,4.6063]]],[[[6.5985,4.5535],[6.6129,4.5529],[6.5979,4.5421],[6.5985,4.5535]]],[[[6.6201,4.5532],[6.6137,4.5454],[6.6071,4.546],[6.6129,4.5515],[6.6143,4.5563],[6.6201,4.5532]]],[[[6.6368,4.5965],[6.6476,4.5618],[6.6762,4.5321],[6.6449,4.5074],[6.6154,4.5432],[6.6215,4.5524],[6.6212,4.5565],[6.6079,4.5588],[6.6126,4.5665],[6.6126,4.5785],[6.6185,4.5804],[6.6204,4.5829],[6.6165,4.5901],[6.6368,4.5965]]],[[[6.6015,4.6412],[6.6229,4.6299],[6.6124,4.6129],[6.6224,4.5963],[6.616,4.5904],[6.6196,4.5826],[6.6121,4.5788],[6.6046,4.5568],[6.6001,4.5724],[6.5915,4.5826],[6.5974,4.5921],[6.5887,4.614],[6.5943,4.6274],[6.5857,4.6396],[6.6015,4.6412]]],[[[6.5826,4.6721],[6.5857,4.6687],[6.5813,4.6718],[6.5826,4.6721]]]]}},{"type":"Feature","properties":{"state":"Bayelsa","lga":"Ekeremor"},"geometry":{"type":"MultiPolygon","coordinates":[[[[5.6099,4.736],[5.5985,4.7429],[5.5932,4.7315],[5.5804,4.7329],[5.5821,4.744],[5.5668,4.7524],[5.5671,4.7557],[5.5726,4.7574],[5.5718,4.7582],[5.5665,4.756],[5.5662,4.7521],[5.5815,4.7438],[5.5779,4.7343],[5.5851,4.729],[5.5668,4.7226],[5.5624,4.7351],[5.5296,4.7543],[5.5265,4.7776],[5.461,4.8874],[5.4518,4.9118],[5.4546,4.9182],[5.4887,4.8476],[5.5168,4.8213],[5.5399,4.8182],[5.5524,4.8249],[5.5774,4.8079],[5.6082,4.8174],[5.6079,4.8046],[5.6121,4.799],[5.6218,4.8018],[5.6299,4.8101],[5.669,4.7954],[5.6601,4.7865],[5.6599,4.7815],[5.6782,4.776],[5.6542,4.7746],[5.6223,4.7394],[5.6099,4.736]]],[[[5.4357,4.9454],[5.4393,4.9451],[5.439,4.944],[5.4357,4.9454]]],[[[5.9894,4.9261],[5.9733,4.8939],[5.9288,4.8642],[5.7993,4.8135],[5.7882,4.8024],[5.7799,4.8035],[5.7843,4.8065],[5.7815,4.831],[5.7682,4.839],[5.781,4.8299],[5.7832,4.8074],[5.7685,4.8126],[5.7549,4.7954],[5.696,4.8113],[5.6868,4.776],[5.6626,4.7818],[5.6607,4.7849],[5.6688,4.7901],[5.6696,4.7974],[5.639,4.8099],[5.6265,4.8104],[5.6157,4.8004],[5.6101,4.8032],[5.6149,4.8271],[5.646,4.8424],[5.6382,4.8551],[5.6612,4.8771],[5.6746,4.8796],[5.6904,4.8696],[5.6913,4.876],[5.679,4.8776],[5.6787,4.8951],[5.676,4.8818],[5.6596,4.8787],[5.6568,4.8907],[5.6482,4.8993],[5.6663,4.9054],[5.6671,4.9079],[5.6629,4.9143],[5.6726,4.9151],[5.6732,4.9165],[5.6615,4.9149],[5.666,4.906],[5.6476,4.9004],[5.6585,4.8771],[5.6365,4.8576],[5.6432,4.8418],[5.6288,4.8426],[5.6249,4.8549],[5.619,4.8643],[5.6176,4.8643],[5.6265,4.8415],[5.579,4.811],[5.5585,4.8349],[5.5457,4.8318],[5.5488,4.8499],[5.5557,4.8499],[5.5607,4.8671],[5.5504,4.8804],[5.5582,4.8921],[5.5588,4.8971],[5.5554,4.9015],[5.549,4.9038],[5.5579,4.8974],[5.5496,4.8818],[5.5571,4.8576],[5.5488,4.8515],[5.5426,4.831],[5.526,4.8221],[5.5007,4.8463],[5.4621,4.9165],[5.4399,4.9421],[5.4457,4.9529],[5.4504,4.9499],[5.4451,4.9715],[5.3765,5.126],[5.4015,5.1374],[5.4101,5.1293],[5.429,5.1379],[5.4407,5.1271],[5.4526,5.1404],[5.4865,5.1064],[5.5334,5.0795],[5.5826,5.068],[5.6421,5.0243],[5.6796,5.0309],[5.6948,5.0248],[5.8157,5.0913],[5.858,5.0846],[5.9113,5.1111],[5.9352,5.1608],[5.9474,5.1689],[5.9611,5.1609],[5.963,5.15],[5.9525,5.088],[5.9741,4.9998],[5.9896,4.9733],[5.9894,4.9261]]]]}},{"type":"Feature","properties":{"state":"Bayelsa","lga":"Kolokuma/Opokuma"},"geometry":{"type":"Polygon","coordinates":[[[6.136,4.9911],[6.1999,5.0939],[6.2261,5.1163],[6.2339,5.1577],[6.2654,5.1954],[6.3051,5.2076],[6.3528,5.2075],[6.3848,5.1995],[6.4056,5.1757],[6.4077,5.1515],[6.3908,5.1151],[6.3555,5.0897],[6.3133,5.0747],[6.3048,5.035],[6.2967,5.0329],[6.2801,5.0493],[6.2716,5.0487],[6.2645,5.0269],[6.2517,5.0168],[6.2689,5.013],[6.2693,5.0061],[6.2419,4.9681],[6.2112,4.955],[6.1794,4.9277],[6.1584,4.9232],[6.1347,4.9327],[6.1278,4.9447],[6.1379,4.969],[6.136,4.9911]]]}},{"type":"Feature","properties":{"state":"Bayelsa","lga":"Nembe"},"geometry":{"type":"MultiPolygon","coordinates":[[[[6.4299,4.3865],[6.43,4.3865],[6.4299,4.3864],[6.4299,4.3865]]],[[[6.4387,4.3935],[6.4387,4.3938],[6.439,4.3937],[6.4387,4.3935]]],[[[6.439,4.3937],[6.439,4.394],[6.4393,4.394],[6.439,4.3937]]],[[[6.4393,4.394],[6.4393,4.3943],[6.4395,4.3943],[6.4393,4.394]]],[[[6.2885,4.3901],[6.2885,4.3904],[6.289,4.3904],[6.2885,4.3901]]],[[[6.289,4.3904],[6.289,4.3907],[6.2893,4.3907],[6.289,4.3904]]],[[[6.2935,4.4029],[6.2918,4.4037],[6.2949,4.4049],[6.2935,4.4029]]],[[[6.254,4.444],[6.2579,4.4321],[6.2532,4.4262],[6.2482,4.4363],[6.254,4.444]]],[[[6.4468,4.4032],[6.4468,4.4035],[6.4471,4.4035],[6.4468,4.4032]]],[[[6.3365,4.4721],[6.3432,4.4729],[6.3446,4.4615],[6.3365,4.4721]]],[[[6.5453,4.4782],[6.5451,4.4782],[6.5451,4.4785],[6.5453,4.4782]]],[[[6.4095,4.3754],[6.3985,4.3804],[6.4071,4.3871],[6.4121,4.3974],[6.4126,4.4026],[6.4118,4.4037],[6.4088,4.404],[6.4024,4.401],[6.3968,4.4113],[6.4021,4.4004],[6.4121,4.4024],[6.3976,4.3818],[6.3985,4.3762],[6.364,4.3759],[6.3499,4.3863],[6.3549,4.4029],[6.3435,4.4229],[6.351,4.4376],[6.3493,4.4604],[6.3382,4.4868],[6.3524,4.4871],[6.3571,4.4915],[6.3451,4.5099],[6.351,4.5207],[6.3485,4.5474],[6.3438,4.5601],[6.3504,4.5637],[6.3507,4.5671],[6.3429,4.5762],[6.3379,4.5799],[6.3385,4.5854],[6.3371,4.5868],[6.3349,4.5871],[6.3362,4.5896],[6.3357,4.5943],[6.334,4.5971],[6.3299,4.5979],[6.3678,4.6086],[6.3965,4.6397],[6.4064,4.6416],[6.44,4.6228],[6.4655,4.6302],[6.4882,4.5766],[6.5134,4.5534],[6.5229,4.5268],[6.5185,4.5254],[6.5149,4.5285],[6.5138,4.5282],[6.5182,4.5249],[6.5221,4.5249],[6.5237,4.5271],[6.5235,4.5303],[6.5451,4.4785],[6.5382,4.4682],[6.5032,4.4782],[6.4924,4.551],[6.481,4.5754],[6.4693,4.5862],[6.4904,4.551],[6.4871,4.5254],[6.4821,4.5362],[6.4815,4.5332],[6.4918,4.5176],[6.4968,4.4832],[6.506,4.474],[6.5296,4.4657],[6.5309,4.4365],[6.5052,4.4159],[6.4571,4.4113],[6.4657,4.4329],[6.4685,4.4465],[6.4682,4.4646],[6.4793,4.4646],[6.4815,4.4668],[6.4826,4.4707],[6.4818,4.4771],[6.4793,4.479],[6.4729,4.4807],[6.4732,4.4938],[6.4696,4.4938],[6.4724,4.4804],[6.4821,4.471],[6.4676,4.4649],[6.4537,4.4101],[6.4387,4.4465],[6.4429,4.4585],[6.439,4.4696],[6.444,4.4776],[6.4351,4.4832],[6.4424,4.5018],[6.4415,4.5051],[6.4371,4.5074],[6.4351,4.5135],[6.4365,4.5071],[6.4418,4.5035],[6.434,4.4849],[6.4351,4.4815],[6.4426,4.4785],[6.4376,4.4707],[6.4363,4.4512],[6.4421,4.4032],[6.4095,4.3754]]],[[[6.3318,4.4738],[6.3438,4.4537],[6.3424,4.4315],[6.3338,4.4254],[6.3018,4.4349],[6.301,4.461],[6.3093,4.4588],[6.3099,4.4685],[6.3124,4.4649],[6.314,4.4643],[6.3149,4.4688],[6.3235,4.4671],[6.3318,4.4738]]],[[[6.2158,4.4096],[6.1889,4.4278],[6.1662,4.4662],[6.172,4.5239],[6.1541,4.567],[6.1783,4.5899],[6.1893,4.6165],[6.1949,4.6115],[6.1926,4.609],[6.1924,4.6032],[6.1846,4.5968],[6.1813,4.581],[6.1887,4.5704],[6.1793,4.5612],[6.1732,4.5168],[6.1776,4.5012],[6.1865,4.4946],[6.1796,4.476],[6.1887,4.4674],[6.1882,4.4432],[6.2004,4.4246],[6.2338,4.4099],[6.2158,4.4096]]],[[[6.1918,4.5965],[6.1985,4.5785],[6.2076,4.5751],[6.1976,4.5637],[6.1943,4.5396],[6.2018,4.5243],[6.2087,4.521],[6.2046,4.5143],[6.2026,4.4924],[6.2018,4.4774],[6.2093,4.4676],[6.2049,4.4576],[6.2243,4.4435],[6.2221,4.434],[6.2124,4.4368],[6.2024,4.429],[6.1907,4.444],[6.1901,4.471],[6.1818,4.4757],[6.189,4.4949],[6.1749,4.5165],[6.1804,4.5582],[6.1901,4.5704],[6.184,4.5899],[6.1918,4.5965]]],[[[6.1895,4.6171],[6.2196,4.6134],[6.2375,4.6233],[6.2368,4.638],[6.2587,4.6678],[6.2701,4.6554],[6.2684,4.6398],[6.2902,4.6311],[6.297,4.6068],[6.3338,4.5965],[6.3343,4.5868],[6.3379,4.5851],[6.3376,4.579],[6.3493,4.566],[6.344,4.5629],[6.3429,4.5588],[6.3457,4.5151],[6.3399,4.5257],[6.331,4.534],[6.3304,4.5443],[6.324,4.5599],[6.3235,4.5574],[6.3301,4.5343],[6.3532,4.489],[6.3374,4.4904],[6.3376,4.4782],[6.3301,4.4763],[6.3332,4.4865],[6.326,4.4899],[6.3274,4.5037],[6.3182,4.5229],[6.3243,4.4918],[6.3268,4.4882],[6.3315,4.4857],[6.324,4.4679],[6.3151,4.4696],[6.3135,4.4649],[6.3093,4.469],[6.3057,4.4649],[6.306,4.4757],[6.3032,4.4754],[6.3021,4.4674],[6.3082,4.461],[6.3074,4.4599],[6.3004,4.4682],[6.291,4.4715],[6.2988,4.4721],[6.3015,4.4812],[6.2896,4.4724],[6.2863,4.4826],[6.284,4.4854],[6.2821,4.486],[6.2851,4.494],[6.2821,4.5099],[6.2801,4.5101],[6.2812,4.4863],[6.2888,4.4713],[6.2993,4.4665],[6.2976,4.4351],[6.3071,4.4249],[6.2638,4.3849],[6.2649,4.4351],[6.2529,4.4679],[6.2554,4.4771],[6.2646,4.4779],[6.2668,4.4938],[6.2615,4.4949],[6.2638,4.4968],[6.2649,4.5096],[6.2615,4.5129],[6.2643,4.5093],[6.261,4.4951],[6.2643,4.4815],[6.254,4.4779],[6.2524,4.474],[6.2412,4.4829],[6.2385,4.4996],[6.2501,4.5349],[6.2596,4.5407],[6.2646,4.556],[6.2638,4.5718],[6.2713,4.5746],[6.2718,4.579],[6.2801,4.571],[6.2857,4.5713],[6.2921,4.5774],[6.281,4.5943],[6.2804,4.611],[6.286,4.6118],[6.2874,4.6143],[6.279,4.611],[6.2774,4.6024],[6.2807,4.5929],[6.2896,4.5807],[6.2896,4.5771],[6.2807,4.5718],[6.2721,4.5799],[6.2613,4.5715],[6.2601,4.5879],[6.2593,4.5738],[6.2624,4.5682],[6.2607,4.5676],[6.2588,4.569],[6.2524,4.5687],[6.2465,4.5879],[6.2462,4.5746],[6.2512,4.5679],[6.2604,4.5674],[6.2624,4.5601],[6.2582,4.5432],[6.2476,4.5357],[6.2376,4.5112],[6.2351,4.5132],[6.231,4.514],[6.2263,4.5271],[6.2249,4.5282],[6.2215,4.5282],[6.2304,4.5137],[6.2368,4.5104],[6.2335,4.4876],[6.2471,4.4657],[6.2457,4.431],[6.2546,4.4182],[6.2451,4.3996],[6.229,4.4257],[6.2099,4.431],[6.2124,4.4335],[6.2215,4.4329],[6.2257,4.4351],[6.2279,4.4499],[6.2071,4.4582],[6.2118,4.4668],[6.2038,4.4774],[6.2099,4.5215],[6.1949,4.5393],[6.1982,4.5635],[6.2082,4.5757],[6.1988,4.5799],[6.1918,4.5999],[6.1985,4.6038],[6.199,4.6126],[6.1929,4.6032],[6.1957,4.6121],[6.1895,4.6171]]]]}},{"type":"Feature","properties":{"state":"Bayelsa","lga":"Ogbia"},"geometry":{"type":"Polygon","coordinates":[[[6.4544,4.7147],[6.4351,4.6738],[6.4371,4.6597],[6.4593,4.6474],[6.4592,4.6241],[6.44,4.6228],[6.4064,4.6416],[6.3965,4.6397],[6.3678,4.6086],[6.3206,4.5983],[6.297,4.6068],[6.2902,4.6311],[6.2684,4.6398],[6.2701,4.6554],[6.2587,4.6678],[6.2368,4.638],[6.2333,4.6199],[6.2196,4.6134],[6.1903,4.62],[6.1821,4.6949],[6.2029,4.8096],[6.2198,4.8291],[6.2606,4.8411],[6.2792,4.8776],[6.3319,4.9],[6.3573,4.9263],[6.4307,4.9753],[6.4178,4.9223],[6.3871,4.879],[6.3837,4.8211],[6.3941,4.7951],[6.4475,4.7718],[6.4407,4.7482],[6.4464,4.7167],[6.4544,4.7147]]]}},{"type":"Feature","properties":{"state":"Bayelsa","lga":"Sagbama"},"geometry":{"type":"Polygon","coordinates":[[[5.9953,4.8808],[5.9896,4.9733],[5.9741,4.9998],[5.9525,5.088],[5.9618,5.1238],[5.961,5.1609],[5.9814,5.1482],[6.0043,5.1171],[6.0279,5.1105],[6.0559,5.1149],[6.0714,5.1261],[6.0852,5.1527],[6.1338,5.1488],[6.2057,5.1831],[6.2015,5.2206],[6.2073,5.2359],[6.231,5.2346],[6.2438,5.2249],[6.2779,5.2334],[6.3103,5.2997],[6.3546,5.3077],[6.411,5.3005],[6.4444,5.3117],[6.5125,5.3498],[6.5,5.3898],[6.5167,5.3852],[6.5311,5.3913],[6.5451,5.3436],[6.4956,5.2636],[6.4414,5.2196],[6.3954,5.2012],[6.3203,5.2085],[6.2654,5.1954],[6.2339,5.1577],[6.2261,5.1163],[6.1999,5.0939],[6.1326,4.9866],[6.1055,4.9799],[6.0907,4.9898],[6.0663,5.0365],[6.0471,5.0498],[6.0288,5.0399],[6.0366,5.0108],[6.0638,4.9988],[6.0705,4.9828],[6.0587,4.8383],[6.0433,4.81],[5.9846,4.8188],[5.9953,4.8808]]]}},{"type":"Feature","properties":{"state":"Bayelsa","lga":"Southern Ijaw"},"geometry":{"type":"MultiPolygon","coordinates":[[[[5.6999,4.526],[5.7243,4.5079],[5.7354,4.4929],[5.7046,4.5151],[5.6999,4.526]]],[[[5.7735,4.6896],[5.7829,4.6857],[5.7726,4.6857],[5.7735,4.6896]]],[[[5.6223,4.7394],[5.6542,4.7746],[5.6896,4.7757],[5.6965,4.8101],[5.7368,4.7946],[5.761,4.7951],[5.7696,4.8124],[5.7793,4.8051],[5.771,4.7932],[5.7749,4.7849],[5.7637,4.7829],[5.7657,4.7735],[5.7554,4.7721],[5.7304,4.7332],[5.7032,4.7157],[5.6646,4.6729],[5.629,4.6929],[5.611,4.6946],[5.5863,4.6893],[5.5743,4.6979],[5.571,4.7174],[5.5935,4.731],[5.5951,4.7413],[5.6093,4.7363],[5.6074,4.7315],[5.6079,4.7285],[5.6129,4.7262],[5.6176,4.7262],[5.619,4.7271],[5.6093,4.7282],[5.6099,4.736],[5.6223,4.7394]]],[[[5.949,4.3921],[5.951,4.3896],[5.9501,4.3896],[5.949,4.3921]]],[[[5.8668,4.4363],[5.8635,4.434],[5.8615,4.434],[5.8668,4.4363]]],[[[5.9583,4.3687],[5.9337,4.3678],[5.8548,4.4018],[5.8491,4.4104],[5.8557,4.4121],[5.8593,4.419],[5.8676,4.4143],[5.8596,4.4101],[5.8593,4.4076],[5.8707,4.4012],[5.8749,4.4018],[5.8826,4.4074],[5.8818,4.4151],[5.8896,4.4093],[5.8918,4.4093],[5.8815,4.4157],[5.8821,4.4076],[5.8707,4.4021],[5.8607,4.4085],[5.8682,4.4124],[5.8674,4.4157],[5.8585,4.4199],[5.8501,4.414],[5.8449,4.4257],[5.8721,4.4357],[5.8982,4.4551],[5.9015,4.4551],[5.9046,4.4507],[5.9079,4.4504],[5.9038,4.4537],[5.9101,4.4565],[5.9062,4.4646],[5.904,4.4665],[5.8976,4.4676],[5.8924,4.4657],[5.8954,4.4757],[5.8932,4.4804],[5.8974,4.4887],[5.8951,4.4901],[5.8893,4.4896],[5.9018,4.4982],[5.8887,4.4907],[5.889,4.4887],[5.8965,4.4879],[5.8926,4.4807],[5.8918,4.4651],[5.9026,4.466],[5.909,4.4568],[5.8976,4.4576],[5.8863,4.4501],[5.8674,4.4674],[5.8813,4.4676],[5.8843,4.4699],[5.8826,4.4768],[5.8654,4.4818],[5.8671,4.4885],[5.8757,4.4832],[5.8785,4.4835],[5.8874,4.4965],[5.8868,4.4999],[5.8824,4.4996],[5.8868,4.4968],[5.8776,4.4835],[5.8685,4.4893],[5.8649,4.4882],[5.8635,4.4835],[5.8671,4.4788],[5.8829,4.4729],[5.8657,4.4674],[5.884,4.4482],[5.8604,4.4382],[5.8557,4.4465],[5.8507,4.4476],[5.8571,4.4371],[5.8313,4.4293],[5.8387,4.4262],[5.8393,4.4129],[5.791,4.4485],[5.8276,4.4751],[5.844,4.519],[5.8618,4.5196],[5.8721,4.5301],[5.8626,4.521],[5.8435,4.5199],[5.8243,4.4757],[5.7957,4.4579],[5.7893,4.4635],[5.8013,4.4688],[5.8021,4.4738],[5.7885,4.4882],[5.7943,4.486],[5.7988,4.4868],[5.7999,4.4899],[5.7954,4.4993],[5.7971,4.4999],[5.7996,4.496],[5.8018,4.4943],[5.804,4.4943],[5.806,4.496],[5.804,4.5074],[5.8115,4.506],[5.8135,4.506],[5.8157,4.5074],[5.8137,4.5101],[5.8099,4.5101],[5.8096,4.5132],[5.8254,4.5296],[5.8274,4.5388],[5.809,4.5135],[5.8093,4.5096],[5.8151,4.5076],[5.8035,4.5076],[5.8051,4.4957],[5.7976,4.5004],[5.7949,4.4996],[5.7985,4.4874],[5.7879,4.4885],[5.7985,4.4682],[5.781,4.4649],[5.7743,4.4721],[5.7646,4.4732],[5.7593,4.479],[5.7546,4.4801],[5.7524,4.4799],[5.7854,4.4612],[5.786,4.4568],[5.7449,4.4829],[5.7429,4.4935],[5.726,4.5057],[5.7624,4.526],[5.7949,4.5293],[5.8099,4.5412],[5.8185,4.5538],[5.8157,4.5849],[5.8324,4.5949],[5.8188,4.5899],[5.8313,4.6043],[5.8315,4.6112],[5.8146,4.5899],[5.8157,4.5524],[5.7963,4.5335],[5.776,4.5365],[5.7718,4.5429],[5.7846,4.5465],[5.7854,4.5515],[5.784,4.5554],[5.7815,4.5549],[5.7785,4.5513],[5.7763,4.5518],[5.7751,4.5571],[5.776,4.5513],[5.7787,4.5507],[5.7826,4.5549],[5.7849,4.5513],[5.771,4.5426],[5.776,4.5329],[5.7332,4.5129],[5.6857,4.5343],[5.7001,4.5443],[5.7035,4.5371],[5.7076,4.5365],[5.7129,4.5401],[5.7138,4.5468],[5.7263,4.5376],[5.7382,4.5376],[5.7432,4.5471],[5.7379,4.5382],[5.7129,4.5476],[5.704,4.5379],[5.7018,4.5704],[5.7118,4.5799],[5.714,4.5849],[5.7176,4.5824],[5.7285,4.5851],[5.729,4.5901],[5.7326,4.5904],[5.7324,4.5865],[5.7337,4.5829],[5.7412,4.5771],[5.7432,4.5771],[5.7446,4.5785],[5.7465,4.5901],[5.7501,4.5829],[5.7532,4.5843],[5.754,4.589],[5.756,4.5887],[5.7587,4.586],[5.7613,4.5854],[5.7562,4.5893],[5.7535,4.5896],[5.7501,4.584],[5.7476,4.5912],[5.746,4.5904],[5.7438,4.5854],[5.7435,4.5779],[5.7415,4.5776],[5.7343,4.5899],[5.7318,4.5915],[5.7287,4.5912],[5.7282,4.5857],[5.7138,4.586],[5.701,4.5732],[5.686,4.5857],[5.701,4.586],[5.7065,4.5899],[5.7021,4.6068],[5.7082,4.6157],[5.7204,4.6193],[5.7326,4.6318],[5.7293,4.6251],[5.739,4.6137],[5.7582,4.6115],[5.7607,4.6132],[5.7646,4.621],[5.7729,4.6151],[5.7763,4.6157],[5.7746,4.6276],[5.7824,4.6288],[5.7743,4.6285],[5.7749,4.616],[5.7643,4.6215],[5.7579,4.6124],[5.7501,4.6182],[5.7407,4.6137],[5.7318,4.6249],[5.7343,4.634],[5.7199,4.6238],[5.7201,4.6396],[5.7096,4.6449],[5.711,4.6513],[5.7382,4.6554],[5.756,4.6693],[5.7562,4.679],[5.771,4.6851],[5.7985,4.6743],[5.7938,4.6888],[5.7738,4.6935],[5.7543,4.6793],[5.7546,4.6699],[5.7393,4.6585],[5.7088,4.6524],[5.7076,4.6446],[5.7182,4.6401],[5.7199,4.6268],[5.6996,4.609],[5.7029,4.5896],[5.686,4.599],[5.684,4.599],[5.6824,4.5957],[5.6901,4.591],[5.6835,4.5837],[5.6979,4.5707],[5.7018,4.554],[5.686,4.5465],[5.6668,4.5565],[5.5462,4.724],[5.5421,4.7401],[5.5637,4.7193],[5.5665,4.7021],[5.5818,4.6888],[5.624,4.6915],[5.6599,4.6715],[5.6685,4.6726],[5.6804,4.6826],[5.6835,4.6757],[5.6821,4.6863],[5.7371,4.7343],[5.7562,4.7701],[5.771,4.7668],[5.7749,4.7724],[5.7821,4.7707],[5.791,4.7779],[5.8032,4.7751],[5.8079,4.779],[5.7899,4.7785],[5.766,4.7696],[5.7674,4.776],[5.7643,4.7815],[5.776,4.7846],[5.779,4.8015],[5.9479,4.8742],[5.9733,4.8939],[5.9894,4.9261],[5.9953,4.8808],[5.9846,4.8188],[6.0433,4.81],[6.0587,4.8383],[6.0716,4.9632],[6.0638,4.9988],[6.0366,5.0108],[6.0283,5.0284],[6.0288,5.0399],[6.0471,5.0498],[6.0663,5.0365],[6.0907,4.9898],[6.1055,4.9799],[6.136,4.9911],[6.1379,4.969],[6.1278,4.9447],[6.1365,4.9291],[6.1327,4.9082],[6.1534,4.8899],[6.1908,4.8752],[6.2166,4.8271],[6.1967,4.7986],[6.1939,4.7369],[6.1821,4.6949],[6.1909,4.6222],[6.1783,4.5899],[6.1538,4.5668],[6.1499,4.5718],[6.1507,4.5771],[6.1488,4.5843],[6.1449,4.5896],[6.1515,4.5935],[6.1504,4.6004],[6.1568,4.6032],[6.1474,4.6176],[6.1524,4.6274],[6.1488,4.6321],[6.1463,4.616],[6.1546,4.6026],[6.1496,4.6018],[6.144,4.5882],[6.149,4.5707],[6.1529,4.5658],[6.1201,4.5451],[6.1201,4.5557],[6.1154,4.5599],[6.1193,4.5579],[6.1232,4.5599],[6.1243,4.5626],[6.124,4.5704],[6.1251,4.5718],[6.1249,4.5751],[6.1235,4.5762],[6.1226,4.5601],[6.1149,4.5604],[6.1193,4.5447],[6.0741,4.5177],[6.0374,4.4707],[6.0329,4.4918],[6.0854,4.5696],[6.0771,4.5615],[6.0724,4.569],[6.0729,4.5557],[6.0296,4.4907],[6.0357,4.4696],[5.9936,4.4626],[5.9807,4.4532],[5.9595,4.3943],[5.9629,4.3765],[5.9535,4.3946],[5.9579,4.436],[5.956,4.4468],[5.9518,4.4535],[5.9187,4.4726],[5.956,4.444],[5.9449,4.396],[5.9583,4.3687]]]]}},{"type":"Feature","properties":{"state":"Bayelsa","lga":"Yenegoa"},"geometry":{"type":"Polygon","coordinates":[[[6.1347,4.9327],[6.1699,4.9235],[6.2329,4.9687],[6.2454,4.9706],[6.2693,5.0061],[6.2689,5.013],[6.2517,5.0168],[6.2645,5.0269],[6.2716,5.0487],[6.2801,5.0493],[6.2967,5.0329],[6.3048,5.035],[6.3133,5.0747],[6.3555,5.0897],[6.3908,5.1151],[6.4088,5.16],[6.4056,5.1757],[6.3848,5.1995],[6.4414,5.2196],[6.5008,5.2702],[6.5451,5.3436],[6.5311,5.3913],[6.5642,5.3932],[6.6075,5.3703],[6.6177,5.3455],[6.6181,5.3141],[6.6027,5.2901],[6.5773,5.2728],[6.5809,5.2434],[6.556,5.2307],[6.5495,5.2006],[6.5349,5.1821],[6.4902,5.185],[6.4177,5.058],[6.3963,4.9861],[6.4099,4.9734],[6.4307,4.9753],[6.3573,4.9263],[6.3319,4.9],[6.2792,4.8776],[6.2552,4.8368],[6.2166,4.8271],[6.1908,4.8752],[6.1534,4.8899],[6.1327,4.9082],[6.1347,4.9327]]]}},{"type":"Feature","properties":{"state":"Benue","lga":"Ado"},"geometry":{"type":"Polygon","coordinates":[[[8.0868,6.9692],[8.1186,6.8002],[8.146,6.779],[8.1566,6.7604],[8.1224,6.7123],[8.0914,6.6974],[8.0437,6.7014],[7.988,6.695],[7.9678,6.562],[7.9518,6.5288],[7.929,6.5193],[7.9004,6.5313],[7.8705,6.5579],[7.8355,6.5908],[7.8251,6.6156],[7.8646,6.734],[7.8541,6.8077],[7.8995,6.8156],[7.9123,6.8246],[7.9081,6.8496],[7.8822,6.8897],[7.8827,6.9058],[7.9044,6.9464],[7.9783,6.982],[8.0868,6.9692]]]}},{"type":"Feature","properties":{"state":"Benue","lga":"Agatu"},"geometry":{"type":"Polygon","coordinates":[[[8.0631,7.6917],[7.9689,7.7136],[7.847,7.7645],[7.7554,7.7453],[7.7426,7.786],[7.6989,7.828],[7.6686,7.88],[7.6597,7.9745],[7.665,8.0202],[7.8124,7.9802],[7.9499,7.9601],[8.0905,7.903],[8.1701,7.8576],[8.2319,7.8488],[8.1867,7.8101],[8.1351,7.7907],[8.1112,7.7681],[8.0631,7.6917]]]}},{"type":"Feature","properties":{"state":"Benue","lga":"Apa"},"geometry":{"type":"Polygon","coordinates":[[[7.7554,7.7453],[7.847,7.7645],[7.9689,7.7136],[8.0631,7.6917],[8.0768,7.6119],[7.9972,7.5382],[7.8548,7.4459],[7.8204,7.4283],[7.8042,7.4292],[7.7837,7.4462],[7.7637,7.5353],[7.7554,7.7453]]]}},{"type":"Feature","properties":{"state":"Benue","lga":"Buruku"},"geometry":{"type":"Polygon","coordinates":[[[8.9523,7.6782],[8.991,7.6418],[9.0164,7.6406],[9.0362,7.6565],[9.0722,7.6584],[9.1253,7.6128],[9.1665,7.5498],[9.267,7.539],[9.3126,7.4964],[9.3122,7.4367],[9.2816,7.3625],[9.2879,7.3127],[9.3167,7.2191],[9.2738,7.1785],[9.281,7.1547],[9.3079,7.1322],[9.2826,7.1017],[9.2308,7.0685],[9.1597,7.0464],[9.1238,7.0458],[9.0461,7.1003],[9.0432,7.1329],[9.152,7.2766],[9.1843,7.368],[9.1798,7.3716],[9.142,7.3341],[9.1197,7.3679],[9.1029,7.4316],[9.0846,7.4641],[9.0775,7.4582],[9.0456,7.468],[9.035,7.4619],[9.0131,7.4724],[8.9785,7.4664],[8.9785,7.461],[8.9084,7.4565],[8.9067,7.5136],[8.9198,7.5675],[8.9188,7.6085],[8.9523,7.6782]]]}},{"type":"Feature","properties":{"state":"Benue","lga":"Gboko"},"geometry":{"type":"Polygon","coordinates":[[[8.8245,7.456],[8.9785,7.461],[8.9785,7.4664],[9.0131,7.4724],[9.035,7.4619],[9.0456,7.468],[9.0775,7.4582],[9.0846,7.4641],[9.1029,7.4316],[9.1197,7.3679],[9.142,7.3341],[9.1798,7.3716],[9.1843,7.368],[9.1662,7.3018],[9.1175,7.2229],[9.0432,7.1329],[9.0407,7.1197],[9.0335,7.121],[9.0237,7.1895],[8.9844,7.218],[8.9402,7.2211],[8.8969,7.2073],[8.8644,7.1825],[8.7839,7.0972],[8.7676,7.0901],[8.7274,7.0982],[8.7132,7.106],[8.6904,7.1479],[8.6596,7.1684],[8.6457,7.2226],[8.6276,7.2441],[8.629,7.2759],[8.6132,7.3549],[8.6246,7.3921],[8.6946,7.5119],[8.7635,7.5639],[8.7673,7.5742],[8.79,7.5596],[8.7894,7.5206],[8.8245,7.456]]]}},{"type":"Feature","properties":{"state":"Benue","lga":"Guma"},"geometry":{"type":"Polygon","coordinates":[[[9.0362,7.6565],[9.0164,7.6406],[8.991,7.6418],[8.9499,7.6794],[8.8768,7.6786],[8.8245,7.6956],[8.7927,7.6849],[8.7678,7.6533],[8.6966,7.6611],[8.6749,7.6523],[8.6827,7.689],[8.6698,7.7563],[8.6488,7.8004],[8.6106,7.8336],[8.5627,7.8547],[8.5101,7.8519],[8.4532,7.8305],[8.4286,7.8107],[8.3558,7.9899],[8.3546,8.0305],[8.3711,8.0766],[8.3911,8.0993],[8.4549,8.1347],[8.519,8.1421],[8.5622,8.1349],[8.7252,8.0752],[8.8025,8.0559],[8.9149,8.0435],[8.9789,8.0471],[8.979,8.0583],[9.1694,7.9145],[9.0725,7.9129],[9.0167,7.8626],[9.0038,7.8213],[9.0387,7.7029],[9.0362,7.6565]]]}},{"type":"Feature","properties":{"state":"Benue","lga":"Gwer East"},"geometry":{"type":"Polygon","coordinates":[[[8.7592,7.6257],[8.7635,7.5639],[8.6946,7.5119],[8.6246,7.3921],[8.6164,7.365],[8.5203,7.2581],[8.4999,7.2248],[8.4876,7.1886],[8.4628,7.0303],[8.4415,6.9842],[8.3869,7.0258],[8.3575,7.0342],[8.2672,7.0872],[8.2682,7.1053],[8.2503,7.1528],[8.1609,7.2571],[8.1281,7.356],[8.1895,7.3888],[8.2277,7.4255],[8.2687,7.5069],[8.3256,7.5607],[8.3479,7.6134],[8.4047,7.6431],[8.4514,7.5789],[8.4848,7.5597],[8.5463,7.5529],[8.6017,7.5697],[8.6512,7.6096],[8.6749,7.6523],[8.716,7.6606],[8.7678,7.6533],[8.7592,7.6257]]]}},{"type":"Feature","properties":{"state":"Benue","lga":"GwerWest"},"geometry":{"type":"Polygon","coordinates":[[[8.0631,7.6917],[8.1112,7.7681],[8.1351,7.7907],[8.1867,7.8101],[8.2319,7.8488],[8.2722,7.8439],[8.3257,7.7987],[8.3837,7.7756],[8.3919,7.691],[8.4047,7.6431],[8.3479,7.6134],[8.3256,7.5607],[8.2687,7.5069],[8.2414,7.4435],[8.2195,7.4169],[8.1895,7.3888],[8.1281,7.356],[8.0901,7.5055],[8.0631,7.6917]]]}},{"type":"Feature","properties":{"state":"Benue","lga":"Katsina (Benue)"},"geometry":{"type":"Polygon","coordinates":[[[9.3721,7.0779],[9.281,7.1547],[9.2738,7.1785],[9.3167,7.2191],[9.2879,7.3127],[9.2816,7.3625],[9.3122,7.4367],[9.3121,7.4903],[9.3739,7.5121],[9.4653,7.5851],[9.5443,7.4881],[9.5986,7.4003],[9.6184,7.4004],[9.7316,7.4837],[9.7608,7.5239],[9.8411,7.5956],[9.9014,7.5386],[9.8992,7.5281],[9.9181,7.5062],[9.9138,7.4895],[9.9228,7.4607],[9.9134,7.4087],[9.875,7.3137],[9.8757,7.282],[9.8652,7.2672],[9.8092,7.2327],[9.7545,7.2093],[9.6579,7.1833],[9.5873,7.1396],[9.5739,7.1249],[9.5435,7.0186],[9.5244,6.9936],[9.467,7.0605],[9.3721,7.0779]]]}},{"type":"Feature","properties":{"state":"Benue","lga":"Konshish"},"geometry":{"type":"Polygon","coordinates":[[[8.6136,7.3629],[8.629,7.2759],[8.6276,7.2441],[8.6457,7.2226],[8.6596,7.1684],[8.6904,7.1479],[8.7132,7.106],[8.7657,7.0903],[8.815,7.0264],[8.8556,6.9962],[8.8902,6.9824],[8.9341,6.9301],[8.9627,6.8555],[8.9507,6.7925],[8.8334,6.8661],[8.7457,6.8934],[8.7115,6.8944],[8.6401,6.8742],[8.6155,6.8548],[8.6165,6.8431],[8.5931,6.8516],[8.5318,6.8833],[8.5124,6.9018],[8.4901,6.9455],[8.4415,6.9842],[8.4628,7.0303],[8.4932,7.2123],[8.5203,7.2581],[8.6136,7.3629]]]}},{"type":"Feature","properties":{"state":"Benue","lga":"Kwande"},"geometry":{"type":"Polygon","coordinates":[[[9.6451,6.5236],[9.5948,6.5289],[9.5828,6.4929],[9.588,6.4752],[9.528,6.4434],[9.4674,6.456],[9.3795,6.5827],[9.2902,6.6753],[9.266,6.6869],[9.2161,6.6905],[9.1307,6.6686],[9.1329,6.7162],[9.1517,6.7913],[9.1851,6.8686],[9.2186,6.8669],[9.2737,6.8837],[9.4115,7.0168],[9.4437,7.0618],[9.4567,7.0647],[9.4791,7.0508],[9.5244,6.9936],[9.5435,7.0186],[9.5739,7.1249],[9.5873,7.1396],[9.6579,7.1833],[9.7545,7.2093],[9.8092,7.2327],[9.8652,7.2672],[9.8757,7.282],[9.8821,7.2312],[9.873,7.2058],[9.7592,7.1114],[9.7058,7.0119],[9.6717,6.8264],[9.6816,6.8146],[9.6758,6.6556],[9.6451,6.5236]]]}},{"type":"Feature","properties":{"state":"Benue","lga":"Logo"},"geometry":{"type":"Polygon","coordinates":[[[9.3121,7.4903],[9.267,7.539],[9.1665,7.5498],[9.1469,7.5863],[9.1018,7.6375],[9.0722,7.6584],[9.0362,7.6565],[9.0387,7.7029],[9.0033,7.8278],[9.0167,7.8626],[9.0652,7.9102],[9.1229,7.9185],[9.1713,7.913],[9.1121,7.8301],[9.1082,7.8184],[9.1216,7.8112],[9.139,7.8091],[9.2378,7.8515],[9.3862,7.8656],[9.3739,7.7021],[9.3844,7.6651],[9.4491,7.5923],[9.4653,7.5851],[9.3739,7.5121],[9.3121,7.4903]]]}},{"type":"Feature","properties":{"state":"Benue","lga":"Makurdi"},"geometry":{"type":"Polygon","coordinates":[[[8.4286,7.8107],[8.4825,7.844],[8.5493,7.8553],[8.5769,7.8516],[8.6372,7.8144],[8.6698,7.7563],[8.6827,7.689],[8.6745,7.6511],[8.6512,7.6096],[8.6017,7.5697],[8.5463,7.5529],[8.4848,7.5597],[8.4514,7.5789],[8.402,7.6475],[8.3919,7.691],[8.3837,7.7756],[8.412,7.7628],[8.4303,7.7805],[8.4286,7.8107]]]}},{"type":"Feature","properties":{"state":"Benue","lga":"Obi"},"geometry":{"type":"Polygon","coordinates":[[[8.0909,6.943],[8.0868,6.9692],[8.1495,6.9815],[8.2113,7.0067],[8.2504,7.0724],[8.2672,7.0872],[8.411,7.0073],[8.4017,6.9465],[8.342,6.889],[8.2798,6.8945],[8.2493,6.9042],[8.2345,6.9201],[8.1827,6.9219],[8.0909,6.943]]]}},{"type":"Feature","properties":{"state":"Benue","lga":"Ogbadibo"},"geometry":{"type":"Polygon","coordinates":[[[7.6878,7.1157],[7.7643,7.0417],[7.7591,6.9784],[7.7187,6.9466],[7.7627,6.9295],[7.7729,6.9049],[7.7215,6.8495],[7.6876,6.8376],[7.6404,6.8622],[7.5571,6.9344],[7.5358,6.9609],[7.4915,7.0659],[7.5004,7.0826],[7.5684,7.02],[7.5816,7.0217],[7.6035,7.0047],[7.6319,7.0047],[7.6374,7.0761],[7.6528,7.0994],[7.6878,7.1157]]]}},{"type":"Feature","properties":{"state":"Benue","lga":"Ohimini"},"geometry":{"type":"Polygon","coordinates":[[[7.9719,7.0731],[7.9347,7.1065],[7.8363,7.1437],[7.8107,7.1561],[7.8108,7.1667],[7.7874,7.1733],[7.8208,7.2248],[7.8415,7.2938],[7.8475,7.3482],[7.9248,7.324],[7.9709,7.3234],[7.9899,7.3111],[8.0023,7.2796],[8.0355,7.2491],[8.0627,7.2341],[8.1074,7.2331],[8.1108,7.1743],[8.0946,7.1407],[8.0459,7.1099],[7.9914,7.0922],[7.9719,7.0731]]]}},{"type":"Feature","properties":{"state":"Benue","lga":"Oju"},"geometry":{"type":"Polygon","coordinates":[[[8.1566,6.7604],[8.146,6.779],[8.1186,6.8002],[8.1146,6.8482],[8.0909,6.943],[8.1827,6.9219],[8.2345,6.9201],[8.2493,6.9042],[8.2798,6.8945],[8.342,6.889],[8.4017,6.9465],[8.411,7.0073],[8.4901,6.9455],[8.5124,6.9018],[8.5318,6.8833],[8.6165,6.8431],[8.6278,6.8027],[8.628,6.7821],[8.5774,6.7512],[8.5268,6.7377],[8.4648,6.7399],[8.4315,6.7509],[8.4004,6.7436],[8.3403,6.6837],[8.2951,6.6731],[8.2646,6.7124],[8.2509,6.7812],[8.2226,6.8022],[8.2061,6.7649],[8.1566,6.7604]]]}},{"type":"Feature","properties":{"state":"Benue","lga":"Okpokwu"},"geometry":{"type":"Polygon","coordinates":[[[8.0534,6.9734],[7.9783,6.982],[7.9044,6.9464],[7.8814,6.8957],[7.9081,6.8496],[7.9123,6.8246],[7.8995,6.8156],[7.8541,6.8077],[7.8271,6.8592],[7.8025,6.8779],[7.7572,6.8835],[7.7729,6.9049],[7.7627,6.9295],[7.7187,6.9466],[7.7591,6.9784],[7.7643,7.0417],[7.6878,7.1157],[7.7568,7.1497],[7.7874,7.1733],[7.8108,7.1667],[7.8107,7.1561],[7.9106,7.1187],[7.9538,7.0924],[8.0044,7.0417],[8.0263,6.9964],[8.0534,6.9734]]]}},{"type":"Feature","properties":{"state":"Benue","lga":"Oturkpo"},"geometry":{"type":"Polygon","coordinates":[[[8.0868,6.9692],[8.0534,6.9734],[8.0351,6.9864],[8.0044,7.0417],[7.9719,7.0731],[7.9914,7.0922],[8.0459,7.1099],[8.0946,7.1407],[8.1108,7.1743],[8.1058,7.2359],[8.0627,7.2341],[8.0355,7.2491],[8.0023,7.2796],[7.9899,7.3111],[7.9709,7.3234],[7.9248,7.324],[7.8475,7.3482],[7.8558,7.378],[7.8758,7.3975],[7.8815,7.4267],[7.8576,7.4343],[7.8204,7.4283],[7.9972,7.5382],[8.0768,7.6119],[8.0901,7.5055],[8.1321,7.3301],[8.1609,7.2571],[8.1875,7.2322],[8.2052,7.201],[8.235,7.1759],[8.2682,7.1053],[8.2672,7.0871],[8.2504,7.0724],[8.2113,7.0067],[8.1495,6.9815],[8.0868,6.9692]]]}},{"type":"Feature","properties":{"state":"Benue","lga":"Tarka"},"geometry":{"type":"Polygon","coordinates":[[[8.9523,7.6782],[8.9188,7.6085],[8.9198,7.5675],[8.9067,7.5136],[8.9084,7.4565],[8.8245,7.456],[8.7894,7.5206],[8.79,7.5596],[8.7661,7.5789],[8.7592,7.6257],[8.7744,7.6665],[8.7927,7.6849],[8.8245,7.6956],[8.8768,7.6786],[8.9523,7.6782]]]}},{"type":"Feature","properties":{"state":"Benue","lga":"Ukum"},"geometry":{"type":"Polygon","coordinates":[[[9.8411,7.5956],[9.7608,7.5239],[9.7316,7.4837],[9.6184,7.4004],[9.5986,7.4003],[9.4812,7.5714],[9.4491,7.5923],[9.3844,7.6651],[9.3739,7.7021],[9.3862,7.8656],[9.4906,7.8591],[9.6115,7.8307],[9.6945,7.7518],[9.7662,7.6607],[9.8411,7.5956]]]}},{"type":"Feature","properties":{"state":"Benue","lga":"Ushongo"},"geometry":{"type":"Polygon","coordinates":[[[9.0407,7.1197],[9.0461,7.1003],[9.1238,7.0458],[9.1597,7.0464],[9.2308,7.0685],[9.2826,7.1017],[9.3079,7.1322],[9.3721,7.0779],[9.4437,7.0618],[9.4115,7.0168],[9.2737,6.8837],[9.2186,6.8669],[9.1873,6.8701],[9.1732,6.9404],[9.1438,6.9631],[9.0984,6.9706],[8.9918,6.9674],[8.9115,6.9835],[8.896,6.9801],[8.8556,6.9962],[8.815,7.0264],[8.7657,7.0903],[8.7928,7.104],[8.8644,7.1825],[8.9264,7.2197],[8.9844,7.218],[9.0237,7.1895],[9.0335,7.121],[9.0407,7.1197]]]}},{"type":"Feature","properties":{"state":"Benue","lga":"Vandeiky"},"geometry":{"type":"Polygon","coordinates":[[[8.9507,6.7925],[8.9627,6.8555],[8.9341,6.9301],[8.8902,6.9824],[8.9918,6.9674],[9.1348,6.9674],[9.1732,6.9404],[9.1876,6.8719],[9.1462,6.7732],[9.1307,6.6686],[9.0616,6.6542],[8.9908,6.6613],[8.9713,6.6757],[8.9794,6.769],[8.9507,6.7925]]]}},{"type":"Feature","properties":{"state":"Borno","lga":"Abadam"},"geometry":{"type":"Polygon","coordinates":[[[12.924,13.4832],[12.9542,13.5096],[12.9612,13.4972],[12.9706,13.5155],[12.9758,13.5095],[13.0078,13.5111],[13.0302,13.5321],[13.0467,13.5244],[13.0476,13.5414],[13.065,13.5471],[13.0814,13.5457],[13.0671,13.5271],[13.0908,13.5147],[13.1056,13.5353],[13.1274,13.519],[13.1242,13.5397],[13.1482,13.5477],[13.1432,13.5148],[13.158,13.5129],[13.1653,13.5283],[13.1839,13.5322],[13.1987,13.5103],[13.2143,13.5503],[13.2201,13.5466],[13.2411,13.5636],[13.2324,13.5735],[13.2355,13.5848],[13.2548,13.5815],[13.2652,13.5941],[13.2548,13.5969],[13.2483,13.613],[13.2754,13.6383],[13.2745,13.6475],[13.2985,13.658],[13.2978,13.6727],[13.3148,13.6894],[13.3348,13.6933],[13.3411,13.71],[13.359,13.7128],[13.3703,13.6236],[13.3568,13.5761],[13.4132,13.4772],[13.4099,13.4374],[13.4026,13.4296],[13.4071,13.4639],[13.3904,13.443],[13.3868,13.4126],[13.4252,13.3723],[13.465,13.3626],[13.4544,13.3521],[13.4715,13.3404],[13.4861,13.3082],[13.4444,13.3028],[13.4254,13.2919],[13.3911,13.2417],[13.3509,13.1407],[13.2504,13.0774],[13.1755,13.0752],[13.1608,13.1156],[13.0905,13.1713],[13.0585,13.2208],[13.0055,13.2688],[12.8897,13.3449],[12.8791,13.3626],[12.8319,13.3987],[12.8316,13.4173],[12.8161,13.4212],[12.838,13.429],[12.8378,13.4426],[12.8612,13.4366],[12.8554,13.4495],[12.8625,13.4656],[12.8493,13.4704],[12.8585,13.48],[12.8784,13.4701],[12.8738,13.495],[12.8915,13.493],[12.8925,13.4856],[12.9062,13.4811],[12.924,13.4832]]]}},{"type":"Feature","properties":{"state":"Borno","lga":"Askira/U"},"geometry":{"type":"Polygon","coordinates":[[[13.3131,10.4711],[13.2935,10.4439],[13.2226,10.4437],[13.145,10.4784],[13.0991,10.5281],[13.0574,10.553],[12.9479,10.5797],[12.8735,10.5821],[12.8329,10.5585],[12.7988,10.524],[12.7631,10.4649],[12.7284,10.4482],[12.6407,10.5971],[12.5837,10.624],[12.5298,10.6313],[12.4952,10.6562],[12.5757,10.744],[12.63,10.762],[12.6621,10.7168],[12.6903,10.7037],[12.7135,10.7031],[12.7444,10.7153],[12.898,10.6917],[12.9868,10.7034],[13.0357,10.7031],[13.0923,10.6911],[13.1124,10.741],[13.113,10.8144],[13.2115,10.8278],[13.4107,10.8116],[13.3994,10.7363],[13.3359,10.5874],[13.3131,10.4711]]]}},{"type":"Feature","properties":{"state":"Borno","lga":"Bama"},"geometry":{"type":"Polygon","coordinates":[[[14.6013,11.766],[14.5767,11.7504],[14.5719,11.7353],[14.5485,11.723],[14.5568,11.7089],[14.5991,11.7006],[14.6096,11.6783],[14.6407,11.6508],[14.6373,11.6284],[14.6502,11.6092],[14.6145,11.513],[14.5549,11.482],[14.5161,11.4728],[14.4661,11.425],[14.4283,11.4199],[14.3571,11.3556],[14.2357,11.2887],[14.1988,11.2528],[14.1827,11.2547],[14.169,11.2456],[14.125,11.2581],[14.1107,11.2628],[14.1008,11.2788],[14.0678,11.2822],[13.9856,11.3204],[13.9721,11.3018],[13.9165,11.2842],[13.8661,11.2922],[13.8195,11.3566],[13.7643,11.3926],[13.6427,11.4457],[13.5172,11.479],[13.5498,11.5105],[13.6187,11.5408],[13.6741,11.5307],[13.6824,11.5137],[13.7487,11.5102],[13.7594,11.516],[13.7759,11.5372],[13.7618,11.5666],[13.7652,11.6422],[13.8113,11.6867],[13.8143,11.7223],[13.8509,11.7697],[13.8759,11.7439],[13.9304,11.724],[14.038,11.7237],[14.1116,11.7075],[14.1533,11.7391],[14.1835,11.782],[14.2086,11.7963],[14.4014,11.8479],[14.5164,11.7934],[14.6013,11.766]]]}},{"type":"Feature","properties":{"state":"Borno","lga":"Bayo"},"geometry":{"type":"Polygon","coordinates":[[[11.8721,10.2447],[11.8247,10.2088],[11.8138,10.1893],[11.8026,10.2043],[11.7704,10.2208],[11.7111,10.2417],[11.6423,10.327],[11.6293,10.3723],[11.7128,10.4932],[11.7229,10.5414],[11.7011,10.5942],[11.7503,10.6052],[11.793,10.66],[11.8242,10.6571],[11.8563,10.6718],[11.8732,10.6971],[11.9044,10.7072],[11.91,10.6917],[11.8925,10.6413],[11.8985,10.6169],[11.8704,10.5831],[11.8614,10.5554],[11.8684,10.4847],[11.9048,10.3721],[11.9248,10.275],[11.907,10.2564],[11.8721,10.2447]]]}},{"type":"Feature","properties":{"state":"Borno","lga":"Biu"},"geometry":{"type":"Polygon","coordinates":[[[12.63,10.762],[12.5757,10.744],[12.4961,10.657],[12.4243,10.6122],[12.3246,10.5333],[12.296,10.5518],[12.2698,10.6024],[12.2571,10.6038],[12.2415,10.5692],[12.2204,10.5728],[12.1511,10.6396],[12.1279,10.6505],[12.1136,10.6452],[12.0568,10.5502],[11.9824,10.5719],[11.897,10.6194],[11.8936,10.6521],[11.91,10.6917],[11.9044,10.7072],[11.8732,10.6971],[11.8563,10.6718],[11.8242,10.6571],[11.793,10.66],[11.8052,10.6776],[11.8008,10.8115],[11.8107,10.8558],[11.8384,10.901],[11.8813,10.9316],[12.0625,10.9799],[12.111,11.0041],[12.1612,11.0381],[12.1944,11.0867],[12.3277,11.0192],[12.4195,10.953],[12.4916,10.8914],[12.5377,10.826],[12.5543,10.8139],[12.61,10.8059],[12.63,10.762]]]}},{"type":"Feature","properties":{"state":"Borno","lga":"Chibok"},"geometry":{"type":"Polygon","coordinates":[[[13.1204,10.8171],[13.1104,10.8036],[13.1079,10.7204],[13.0923,10.6911],[13.0357,10.7031],[12.9868,10.7034],[12.898,10.6917],[12.7444,10.7153],[12.7135,10.7031],[12.6903,10.7037],[12.6621,10.7168],[12.6176,10.7811],[12.61,10.8059],[12.6002,10.8083],[12.6824,10.8961],[12.7524,10.9376],[12.7968,10.9602],[12.9215,10.9893],[12.9905,10.9857],[13.0084,10.9764],[13.0617,10.9189],[13.1204,10.8171]]]}},{"type":"Feature","properties":{"state":"Borno","lga":"Damboa"},"geometry":{"type":"Polygon","coordinates":[[[13.4444,10.9334],[13.4181,10.9298],[13.4141,10.8083],[13.2115,10.8278],[13.1204,10.8171],[13.0617,10.9189],[13.0084,10.9764],[12.9905,10.9857],[12.9215,10.9893],[12.7968,10.9602],[12.6824,10.8961],[12.6002,10.8083],[12.5543,10.8139],[12.5377,10.826],[12.4916,10.8914],[12.4195,10.953],[12.3277,11.0192],[12.1944,11.0867],[12.1988,11.1342],[12.186,11.2478],[12.2004,11.2934],[12.2471,11.3468],[12.3005,11.4408],[12.3414,11.4748],[12.3765,11.5171],[12.4137,11.4947],[12.4728,11.4083],[12.5738,11.3585],[12.6303,11.3223],[12.6503,11.2976],[12.7065,11.2587],[12.7549,11.2545],[12.8009,11.2824],[12.8083,11.2649],[12.8757,11.2263],[12.9125,11.187],[12.9319,11.2012],[12.9664,11.2645],[13.0142,11.2836],[13.0309,11.2824],[13.1066,11.3296],[13.123,11.3591],[13.1369,11.4244],[13.1667,11.4363],[13.2013,11.4342],[13.2564,11.3996],[13.3395,11.3191],[13.3826,11.2949],[13.4113,11.2942],[13.4361,11.2829],[13.4304,11.2395],[13.4625,11.0949],[13.456,11.0572],[13.4217,10.9934],[13.4444,10.9334]]]}},{"type":"Feature","properties":{"state":"Borno","lga":"Dikwa"},"geometry":{"type":"Polygon","coordinates":[[[14.3952,11.8472],[14.2086,11.7963],[14.1835,11.782],[14.1533,11.7391],[14.1116,11.7075],[14.038,11.7237],[13.9304,11.724],[13.8759,11.7439],[13.8509,11.7697],[13.8819,11.7835],[13.8949,11.8034],[13.8896,11.811],[13.9153,11.8374],[13.9341,11.9486],[13.9195,12.0284],[13.9254,12.0636],[13.9726,12.1151],[14.043,12.1214],[14.0541,12.1314],[14.0655,12.1714],[14.0944,12.1513],[14.1523,12.0842],[14.1691,12.0254],[14.197,11.9934],[14.2212,11.9858],[14.2529,11.9916],[14.2966,12.0319],[14.4086,12.0498],[14.4021,11.8638],[14.3952,11.8472]]]}},{"type":"Feature","properties":{"state":"Borno","lga":"Gubio"},"geometry":{"type":"Polygon","coordinates":[[[12.8954,13.0302],[12.9698,12.9269],[12.9861,12.8169],[13.0163,12.8029],[13.0422,12.8102],[13.0532,12.7763],[13.0333,12.6666],[12.9775,12.5048],[12.9295,12.4235],[12.9252,12.3905],[12.8903,12.4094],[12.7277,12.4165],[12.6921,12.4605],[12.6421,12.4835],[12.5539,12.4945],[12.4702,12.5714],[12.4408,12.5818],[12.4598,12.6062],[12.4893,12.6786],[12.6161,12.7413],[12.6997,12.7937],[12.7348,12.8445],[12.7999,12.9042],[12.8662,12.9809],[12.8954,13.0302]]]}},{"type":"Feature","properties":{"state":"Borno","lga":"Guzamala"},"geometry":{"type":"Polygon","coordinates":[[[13.1755,13.0752],[13.2504,13.0774],[13.3189,13.1171],[13.3584,13.1516],[13.3778,13.1441],[13.3754,13.1291],[13.4101,13.0239],[13.4304,12.9067],[13.4859,12.8201],[13.5414,12.7582],[13.592,12.7234],[13.6366,12.675],[13.6302,12.6561],[13.591,12.6171],[13.4946,12.5745],[13.4689,12.5799],[13.3963,12.6378],[13.3642,12.6284],[13.3177,12.6385],[13.2857,12.676],[13.2477,12.7704],[13.2052,12.7806],[13.2002,12.8398],[13.191,12.8563],[13.1225,12.8692],[13.0885,12.8564],[13.0479,12.8125],[13.032,12.8059],[13.0163,12.8029],[12.9861,12.8169],[12.9698,12.9269],[12.8954,13.0302],[12.904,13.0455],[12.9464,13.0845],[12.9985,13.0939],[13.1755,13.0752]]]}},{"type":"Feature","properties":{"state":"Borno","lga":"Gwoza"},"geometry":{"type":"Polygon","coordinates":[[[13.9721,11.3018],[13.9532,11.2457],[13.9272,11.2026],[13.9153,11.197],[13.9102,11.1737],[13.8817,11.1534],[13.8554,11.1007],[13.8295,11.0858],[13.8256,11.0713],[13.8123,11.0692],[13.7925,11.0097],[13.7347,11.0114],[13.7263,10.9835],[13.6947,10.9668],[13.6917,10.939],[13.601,10.9113],[13.5385,10.9066],[13.478,10.9249],[13.468,10.9366],[13.4444,10.9334],[13.4217,10.9934],[13.456,11.0572],[13.4625,11.0949],[13.4304,11.2395],[13.4334,11.2717],[13.4756,11.3766],[13.4778,11.3985],[13.5172,11.479],[13.6427,11.4457],[13.7643,11.3926],[13.8195,11.3566],[13.8661,11.2922],[13.9165,11.2842],[13.9721,11.3018]]]}},{"type":"Feature","properties":{"state":"Borno","lga":"Hawul"},"geometry":{"type":"Polygon","coordinates":[[[12.7284,10.4482],[12.6715,10.4444],[12.6583,10.4018],[12.6188,10.36],[12.5792,10.3419],[12.5235,10.3244],[12.422,10.3165],[12.3813,10.3026],[12.3524,10.2741],[12.2999,10.288],[12.2083,10.2577],[12.1578,10.2767],[12.0986,10.3345],[12.0698,10.3439],[12.0982,10.3721],[12.1116,10.427],[12.1106,10.4565],[12.1,10.5143],[12.0604,10.5533],[12.1136,10.6452],[12.1279,10.6505],[12.1511,10.6396],[12.2204,10.5728],[12.2415,10.5692],[12.2571,10.6038],[12.2698,10.6024],[12.296,10.5518],[12.3246,10.5333],[12.4243,10.6122],[12.4952,10.6562],[12.5298,10.6313],[12.5837,10.624],[12.6525,10.5863],[12.6852,10.5127],[12.7284,10.4482]]]}},{"type":"Feature","properties":{"state":"Borno","lga":"Jere"},"geometry":{"type":"Polygon","coordinates":[[[13.157,11.9557],[13.1463,12.0027],[13.1533,12.0978],[13.1727,12.15],[13.2199,12.1581],[13.2775,12.0698],[13.2927,12.0724],[13.3166,12.0614],[13.3306,12.0132],[13.3311,11.9584],[13.3487,11.9372],[13.392,11.9111],[13.4093,11.8778],[13.4063,11.8622],[13.3754,11.8281],[13.3098,11.8199],[13.3019,11.8065],[13.3244,11.7667],[13.3713,11.7286],[13.3728,11.7178],[13.3504,11.6863],[13.2953,11.6899],[13.286,11.7131],[13.2612,11.7391],[13.174,11.6974],[13.1398,11.6903],[13.1173,11.692],[13.0948,11.7128],[13.0938,11.7372],[13.1063,11.7607],[13.1101,11.7566],[13.1264,11.7724],[13.1369,11.8024],[13.2118,11.8009],[13.2379,11.7805],[13.2587,11.8055],[13.2289,11.8977],[13.157,11.9557]]]}},{"type":"Feature","properties":{"state":"Borno","lga":"Kaga"},"geometry":{"type":"Polygon","coordinates":[[[12.8009,11.2824],[12.7549,11.2545],[12.7065,11.2587],[12.6503,11.2976],[12.6303,11.3223],[12.5738,11.3585],[12.4728,11.4083],[12.4137,11.4947],[12.3765,11.5171],[12.3897,11.545],[12.3762,11.5981],[12.3549,11.6294],[12.3256,11.6577],[12.2463,11.6544],[12.236,11.6601],[12.2336,11.691],[12.3099,11.8364],[12.2942,11.9197],[12.4165,11.9359],[12.5415,11.9309],[12.6022,11.9112],[12.631,11.9154],[12.6647,11.9055],[12.7029,11.887],[12.7311,11.8588],[12.7498,11.8346],[12.7605,11.7603],[12.7557,11.7349],[12.7105,11.7162],[12.7002,11.6959],[12.7019,11.6588],[12.7315,11.5162],[12.755,11.4712],[12.7518,11.3921],[12.8009,11.2824]]]}},{"type":"Feature","properties":{"state":"Borno","lga":"Kala/Balge"},"geometry":{"type":"Polygon","coordinates":[[[14.444,12.3578],[14.448,12.3468],[14.4635,12.3593],[14.476,12.3449],[14.4872,12.3515],[14.4871,12.3387],[14.5181,12.3277],[14.5207,12.314],[14.5097,12.3149],[14.511,12.2962],[14.545,12.2803],[14.5481,12.2564],[14.5597,12.2593],[14.5487,12.2353],[14.5719,12.2241],[14.5921,12.2257],[14.5905,12.2159],[14.6073,12.197],[14.5975,12.1903],[14.629,12.1792],[14.632,12.1922],[14.6594,12.1971],[14.6626,12.1782],[14.676,12.1662],[14.6495,12.1358],[14.654,12.1175],[14.634,12.0918],[14.6531,12.0623],[14.6316,12.0581],[14.6197,12.0403],[14.6331,11.9895],[14.6537,11.957],[14.6337,11.9316],[14.642,11.9101],[14.6034,11.8674],[14.6143,11.8503],[14.6047,11.8331],[14.6046,11.7956],[14.6126,11.7806],[14.5988,11.7597],[14.5951,11.7573],[14.6013,11.766],[14.5164,11.7934],[14.4104,11.8471],[14.3952,11.8472],[14.4021,11.8638],[14.4083,12.0523],[14.4396,12.1274],[14.4528,12.244],[14.4316,12.3607],[14.444,12.3578]]]}},{"type":"Feature","properties":{"state":"Borno","lga":"Konduga"},"geometry":{"type":"Polygon","coordinates":[[[13.8509,11.7697],[13.8143,11.7223],[13.8113,11.6867],[13.7652,11.6422],[13.7591,11.6006],[13.7618,11.5666],[13.7759,11.5372],[13.7693,11.525],[13.7487,11.5102],[13.6824,11.5137],[13.6741,11.5307],[13.6187,11.5408],[13.5498,11.5105],[13.5131,11.4747],[13.4361,11.2829],[13.4113,11.2942],[13.3826,11.2949],[13.3395,11.3191],[13.2923,11.368],[13.2159,11.4291],[13.1667,11.4363],[13.1369,11.4244],[13.123,11.3591],[13.1066,11.3296],[13.0309,11.2824],[13.0142,11.2836],[12.9664,11.2645],[12.9319,11.2012],[12.9125,11.187],[12.8757,11.2263],[12.8083,11.2649],[12.7589,11.3674],[12.7499,11.4138],[12.755,11.4712],[12.7315,11.5162],[12.7002,11.6959],[12.7105,11.7162],[12.7557,11.7349],[12.7605,11.7603],[12.7498,11.8346],[12.7422,11.8444],[12.7942,11.8611],[12.8382,11.8485],[12.9453,11.867],[13.0547,11.9239],[13.043,11.9547],[13.0372,12.0194],[13.0453,12.0471],[13.0897,12.1222],[13.0848,12.1443],[13.1878,12.2047],[13.2004,12.1968],[13.2199,12.1581],[13.1727,12.15],[13.1533,12.0978],[13.1463,12.0027],[13.1623,11.9339],[13.164,11.8699],[13.1264,11.7724],[13.1101,11.7566],[13.1063,11.7607],[13.0938,11.7372],[13.0948,11.7128],[13.1073,11.6984],[13.1238,11.6903],[13.1648,11.6945],[13.2612,11.7391],[13.286,11.7131],[13.2953,11.6899],[13.3504,11.6863],[13.3728,11.7178],[13.3713,11.7286],[13.3283,11.7627],[13.3024,11.7968],[13.3098,11.8199],[13.3367,11.826],[13.3643,11.8233],[13.3357,11.8048],[13.333,11.7903],[13.3537,11.7766],[13.3999,11.7791],[13.4487,11.7942],[13.511,11.7813],[13.5995,11.7847],[13.6431,11.7951],[13.7013,11.8221],[13.7556,11.8231],[13.8148,11.7993],[13.8509,11.7697]]]}},{"type":"Feature","properties":{"state":"Borno","lga":"Kukawa"},"geometry":{"type":"Polygon","coordinates":[[[13.3584,13.1516],[13.3911,13.2417],[13.4254,13.2919],[13.4444,13.3028],[13.4861,13.3082],[13.5436,13.2213],[13.5893,13.1725],[13.6604,13.1349],[13.7229,13.123],[13.7271,13.1094],[13.7178,13.1095],[13.7087,13.0921],[13.7054,13.1085],[13.6828,13.1001],[13.7062,13.0747],[13.7105,13.0468],[13.7732,13.0652],[13.8105,13.1066],[13.8503,13.1385],[13.8762,13.1491],[13.8588,13.1213],[13.8612,13.1142],[13.8717,13.1172],[13.8808,13.0801],[13.8756,13.0767],[13.8647,13.0985],[13.851,13.0908],[13.8418,13.0714],[13.8092,13.0624],[13.82,13.0326],[13.8008,13.0147],[13.7708,12.9555],[13.7773,12.9435],[13.7994,12.9505],[13.7983,12.9119],[13.7889,12.8936],[13.8028,12.893],[13.7972,12.8714],[13.7786,12.8471],[13.7851,12.838],[13.8105,12.8448],[13.8151,12.8362],[13.7727,12.814],[13.8044,12.8062],[13.8021,12.792],[13.8215,12.7912],[13.8094,12.7778],[13.788,12.7726],[13.79,12.7659],[13.81,12.7695],[13.8119,12.7601],[13.8041,12.7531],[13.8005,12.7589],[13.7841,12.7552],[13.788,12.7434],[13.7999,12.7453],[13.7863,12.7188],[13.7951,12.7188],[13.6794,12.7067],[13.6366,12.675],[13.592,12.7234],[13.5414,12.7582],[13.4859,12.8201],[13.4304,12.9067],[13.4101,13.0239],[13.3754,13.1291],[13.3778,13.1441],[13.3584,13.1516]]]}},{"type":"Feature","properties":{"state":"Borno","lga":"Kwaya Kusar"},"geometry":{"type":"Polygon","coordinates":[[[11.8721,10.2447],[11.907,10.2564],[11.9248,10.275],[11.8631,10.5199],[11.8614,10.5554],[11.8704,10.5831],[11.8985,10.6169],[11.9824,10.5719],[12.0704,10.55],[12.1,10.5143],[12.1116,10.427],[12.0982,10.3721],[11.9756,10.2694],[11.9253,10.2404],[11.8934,10.2345],[11.8721,10.2447]]]}},{"type":"Feature","properties":{"state":"Borno","lga":"Lake Chad"},"geometry":{"type":"Polygon","coordinates":[[[14.0855,13.0774],[14.1837,12.5292],[14.197,12.5039],[14.1879,12.4989],[14.1845,12.4822],[14.1741,12.4796],[14.1789,12.4615],[14.1381,12.4627],[14.1144,12.4499],[14.085,12.4488],[14.0787,12.4378],[14.0653,12.4387],[14.0697,12.4552],[14.0375,12.4594],[14.0147,12.4515],[13.9967,12.4602],[13.9852,12.4703],[13.9912,12.4893],[13.9804,12.5051],[13.981,12.5226],[13.9461,12.5348],[13.9409,12.5519],[13.9213,12.5632],[13.9098,12.5935],[13.9024,12.5966],[13.8763,12.5816],[13.8665,12.5897],[13.861,12.6131],[13.8295,12.6218],[13.8334,12.6399],[13.8249,12.6591],[13.8092,12.6626],[13.8086,12.6697],[13.7755,12.6709],[13.8049,12.6824],[13.8141,12.6942],[13.7822,12.697],[13.8106,12.7155],[13.7863,12.7188],[13.7999,12.7453],[13.788,12.7434],[13.7841,12.7552],[13.8005,12.7589],[13.8041,12.7531],[13.8119,12.7601],[13.81,12.7695],[13.79,12.7659],[13.788,12.7726],[13.8094,12.7778],[13.8215,12.7912],[13.8021,12.792],[13.8044,12.8062],[13.7727,12.814],[13.8151,12.8362],[13.8105,12.8448],[13.7851,12.838],[13.7786,12.8471],[13.7972,12.8714],[13.8028,12.893],[13.7889,12.8936],[13.7983,12.9119],[13.7994,12.9505],[13.7773,12.9435],[13.7708,12.9555],[13.8008,13.0147],[13.82,13.0326],[13.8092,13.0624],[13.8418,13.0714],[13.851,13.0908],[13.8647,13.0985],[13.8756,13.0767],[13.8808,13.0801],[13.8717,13.1172],[13.8612,13.1142],[13.8588,13.1213],[13.8762,13.1491],[13.8503,13.1385],[13.8105,13.1066],[13.7732,13.0652],[13.7105,13.0468],[13.7062,13.0747],[13.6828,13.1001],[13.7054,13.1085],[13.7087,13.0921],[13.7178,13.1095],[13.7271,13.1094],[13.7229,13.123],[13.6604,13.1349],[13.634,13.1539],[13.6226,13.153],[13.6063,13.1691],[13.5893,13.1725],[13.5436,13.2213],[13.4715,13.3404],[13.4589,13.3435],[13.4544,13.3521],[13.465,13.3626],[13.4252,13.3723],[13.3868,13.4126],[13.3904,13.443],[13.4071,13.4639],[13.4026,13.4296],[13.4099,13.4374],[13.4132,13.4772],[13.3568,13.5761],[13.3703,13.6236],[13.359,13.7128],[13.6345,13.7107],[14.0855,13.0774]]]}},{"type":"Feature","properties":{"state":"Borno","lga":"Mafa"},"geometry":{"type":"Polygon","coordinates":[[[13.9802,12.1169],[13.9203,12.0524],[13.9312,11.9275],[13.9153,11.8374],[13.8896,11.811],[13.8923,11.7958],[13.8741,11.7795],[13.8509,11.7697],[13.8148,11.7993],[13.7556,11.8231],[13.7013,11.8221],[13.6431,11.7951],[13.5995,11.7847],[13.511,11.7813],[13.4487,11.7942],[13.3754,11.776],[13.3537,11.7766],[13.333,11.7903],[13.3357,11.8048],[13.3754,11.8281],[13.4063,11.8622],[13.4093,11.8778],[13.392,11.9111],[13.3487,11.9372],[13.3311,11.9584],[13.3306,12.0132],[13.3166,12.0614],[13.3436,12.0878],[13.3473,12.157],[13.327,12.2541],[13.3095,12.2967],[13.3058,12.3391],[13.3175,12.3408],[13.3453,12.3197],[13.3971,12.255],[13.435,12.2521],[13.5066,12.2707],[13.5355,12.2657],[13.5413,12.2708],[13.5739,12.2267],[13.7015,12.1305],[13.7614,12.1302],[13.7754,12.1367],[13.8389,12.2062],[13.8504,12.21],[13.8605,12.1948],[13.8928,12.1814],[13.9174,12.1826],[13.9546,12.1588],[13.9802,12.1169]]]}},{"type":"Feature","properties":{"state":"Borno","lga":"Magumeri"},"geometry":{"type":"Polygon","coordinates":[[[12.4408,12.5818],[12.4702,12.5714],[12.5539,12.4945],[12.6421,12.4835],[12.6921,12.4605],[12.7277,12.4165],[12.8903,12.4094],[12.9166,12.3966],[13.0174,12.3135],[13.0825,12.2785],[13.1878,12.2047],[13.0848,12.1443],[13.0897,12.1222],[13.0453,12.0471],[13.0372,12.0194],[13.043,11.9547],[13.0547,11.9239],[12.9453,11.867],[12.8382,11.8485],[12.7942,11.8611],[12.7422,11.8444],[12.7029,11.887],[12.6647,11.9055],[12.631,11.9154],[12.6022,11.9112],[12.5415,11.9309],[12.4165,11.9359],[12.2942,11.9197],[12.2824,11.9548],[12.2846,12.0105],[12.3256,12.2694],[12.3282,12.3416],[12.3265,12.3613],[12.2986,12.4222],[12.3075,12.4571],[12.3206,12.4735],[12.3962,12.5293],[12.4408,12.5818]]]}},{"type":"Feature","properties":{"state":"Borno","lga":"Maidugur"},"geometry":{"type":"Polygon","coordinates":[[[13.157,11.9557],[13.2289,11.8977],[13.2587,11.8055],[13.2379,11.7805],[13.2118,11.8009],[13.1369,11.8024],[13.164,11.8699],[13.157,11.9557]]]}},{"type":"Feature","properties":{"state":"Borno","lga":"Marte"},"geometry":{"type":"Polygon","coordinates":[[[14.1734,12.4294],[14.1406,12.319],[14.0724,12.1892],[14.0541,12.1314],[14.0282,12.1175],[13.9802,12.1169],[13.9546,12.1588],[13.9174,12.1826],[13.8928,12.1814],[13.8605,12.1948],[13.8504,12.21],[13.8389,12.2062],[13.7754,12.1367],[13.7614,12.1302],[13.7015,12.1305],[13.5739,12.2267],[13.5413,12.2708],[13.5391,12.3496],[13.5639,12.4003],[13.5839,12.4085],[13.6687,12.4103],[13.7888,12.4765],[13.7822,12.5523],[13.8045,12.6251],[13.8291,12.6528],[13.8295,12.6218],[13.861,12.6131],[13.8665,12.5897],[13.8849,12.5814],[13.9024,12.5966],[13.9098,12.5935],[13.9213,12.5632],[13.9409,12.5519],[13.9461,12.5348],[13.981,12.5226],[13.9804,12.5051],[13.9912,12.4893],[13.9852,12.4703],[13.9967,12.4602],[14.0147,12.4515],[14.0375,12.4594],[14.0697,12.4552],[14.0653,12.4387],[14.0787,12.4378],[14.085,12.4488],[14.1144,12.4499],[14.1381,12.4627],[14.1778,12.464],[14.1805,12.4464],[14.1944,12.4481],[14.186,12.4431],[14.1927,12.4331],[14.1734,12.4294]]]}},{"type":"Feature","properties":{"state":"Borno","lga":"Mobbar"},"geometry":{"type":"Polygon","coordinates":[[[12.566,13.2402],[12.581,13.2702],[12.5914,13.2633],[12.5892,13.2778],[12.6261,13.2723],[12.6451,13.3004],[12.6509,13.2837],[12.6638,13.2846],[12.6683,13.2738],[12.6765,13.2743],[12.6939,13.3005],[12.6929,13.3132],[12.7216,13.3067],[12.7146,13.3168],[12.7383,13.3214],[12.743,13.3288],[12.7376,13.335],[12.7533,13.3536],[12.7874,13.3612],[12.8253,13.4072],[12.8279,13.3968],[12.8791,13.3626],[12.8897,13.3449],[13.0285,13.2494],[13.0585,13.2208],[13.0905,13.1713],[13.1608,13.1156],[13.1755,13.0752],[12.9985,13.0939],[12.9464,13.0845],[12.904,13.0455],[12.8662,12.9809],[12.7999,12.9042],[12.7348,12.8445],[12.6997,12.7937],[12.6161,12.7413],[12.4893,12.6786],[12.4818,12.7323],[12.4042,12.7931],[12.3809,12.822],[12.3609,12.8831],[12.385,13.0101],[12.3864,13.0768],[12.4805,13.0647],[12.4809,13.0836],[12.4969,13.0838],[12.4906,13.09],[12.4969,13.0937],[12.4948,13.1289],[12.5187,13.1499],[12.5396,13.1393],[12.5588,13.1577],[12.5534,13.1761],[12.5652,13.1931],[12.5614,13.1982],[12.5436,13.1924],[12.5361,13.2124],[12.5529,13.2037],[12.5535,13.2191],[12.5724,13.2312],[12.566,13.2402]]]}},{"type":"Feature","properties":{"state":"Borno","lga":"Monguno"},"geometry":{"type":"Polygon","coordinates":[[[13.4689,12.5799],[13.4946,12.5745],[13.5765,12.6067],[13.6302,12.6561],[13.6434,12.6831],[13.6794,12.7067],[13.8106,12.7155],[13.7822,12.697],[13.8141,12.6942],[13.8049,12.6824],[13.7755,12.6709],[13.8086,12.6697],[13.8092,12.6626],[13.8291,12.6528],[13.8045,12.6251],[13.7822,12.5523],[13.7888,12.4765],[13.6687,12.4103],[13.5839,12.4085],[13.5639,12.4003],[13.5391,12.3496],[13.5407,12.2665],[13.5206,12.2721],[13.435,12.2521],[13.3971,12.255],[13.3453,12.3197],[13.3175,12.3408],[13.3058,12.3391],[13.304,12.415],[13.3138,12.4457],[13.3623,12.5147],[13.4293,12.5633],[13.4689,12.5799]]]}},{"type":"Feature","properties":{"state":"Borno","lga":"Ngala"},"geometry":{"type":"MultiPolygon","coordinates":[[[[14.1716,12.4095],[14.1856,12.406],[14.1977,12.386],[14.2182,12.376],[14.2205,12.3624],[14.2732,12.3735],[14.293,12.3556],[14.2914,12.3725],[14.309,12.3586],[14.3289,12.3747],[14.3788,12.357],[14.3999,12.3662],[14.4229,12.3614],[14.432,12.3693],[14.4436,12.3622],[14.4316,12.3607],[14.4526,12.2708],[14.4495,12.2127],[14.4396,12.1274],[14.4086,12.0498],[14.2966,12.0319],[14.2529,11.9916],[14.2212,11.9858],[14.197,11.9934],[14.1691,12.0254],[14.1523,12.0842],[14.0944,12.1513],[14.0655,12.1714],[14.1406,12.319],[14.1716,12.4095]]],[[[14.1762,12.4191],[14.1756,12.4161],[14.1745,12.4156],[14.1762,12.4191]]]]}},{"type":"Feature","properties":{"state":"Borno","lga":"Nganzai"},"geometry":{"type":"Polygon","coordinates":[[[12.9252,12.3905],[12.9295,12.4235],[12.9775,12.5048],[13.0333,12.6666],[13.0536,12.7598],[13.0422,12.8102],[13.0885,12.8564],[13.1056,12.8635],[13.144,12.8682],[13.191,12.8563],[13.2002,12.8398],[13.2052,12.7806],[13.2477,12.7704],[13.2857,12.676],[13.3177,12.6385],[13.3642,12.6284],[13.3963,12.6378],[13.4689,12.5799],[13.4293,12.5633],[13.3623,12.5147],[13.3138,12.4457],[13.304,12.415],[13.3053,12.3186],[13.3473,12.157],[13.3436,12.0878],[13.3214,12.0619],[13.2927,12.0724],[13.2775,12.0698],[13.2631,12.0845],[13.2004,12.1968],[13.143,12.2305],[13.0825,12.2785],[13.0174,12.3135],[12.9252,12.3905]]]}},{"type":"Feature","properties":{"state":"Borno","lga":"Shani"},"geometry":{"type":"Polygon","coordinates":[[[12.0485,10.0293],[11.9438,10.0451],[11.8824,10.08],[11.8531,10.1056],[11.8138,10.1893],[11.8247,10.2088],[11.8721,10.2447],[11.8934,10.2345],[11.9374,10.2449],[12.0698,10.3439],[12.0986,10.3345],[12.1578,10.2767],[12.2083,10.2577],[12.2999,10.288],[12.3524,10.2741],[12.1935,10.0705],[12.1313,10.041],[12.0485,10.0293]]]}},{"type":"Feature","properties":{"state":"Cross River","lga":"Abi"},"geometry":{"type":"Polygon","coordinates":[[[8.0146,5.7953],[7.9943,5.8016],[7.9581,5.772],[7.9386,5.7654],[7.9124,5.7699],[7.9217,5.7793],[7.916,5.8223],[7.9396,5.8427],[7.945,5.8645],[7.9798,5.9131],[7.9784,5.9408],[7.9601,5.981],[7.9997,6.0032],[8.042,6.0061],[8.0805,5.9353],[8.0949,5.9406],[8.1153,5.9712],[8.1234,5.9662],[8.1286,5.935],[8.1219,5.9167],[8.0909,5.9128],[8.0878,5.9196],[8.0797,5.9054],[8.0457,5.8986],[8.0449,5.8362],[8.025,5.8179],[8.0146,5.7953]]]}},{"type":"Feature","properties":{"state":"Cross River","lga":"Akamkpa"},"geometry":{"type":"Polygon","coordinates":[[[8.8652,5.6568],[8.9037,5.6165],[8.9203,5.5647],[8.8667,5.4894],[8.8653,5.4735],[8.8405,5.4546],[8.831,5.43],[8.8402,5.3878],[8.8342,5.3285],[8.8152,5.2838],[8.8187,5.1856],[8.7816,5.1133],[8.7484,5.1012],[8.7253,5.0748],[8.7174,5.0526],[8.7211,5.0418],[8.6815,5.0001],[8.6941,4.9882],[8.6718,4.9684],[8.5521,4.9764],[8.4906,4.9662],[8.4632,4.9717],[8.4446,4.9898],[8.4226,5.0418],[8.402,5.0509],[8.3791,5.0923],[8.3623,5.0933],[8.3391,5.1125],[8.2999,5.1731],[8.2867,5.1828],[8.2237,5.1949],[8.1689,5.2325],[8.126,5.2427],[8.099,5.271],[8.0972,5.277],[8.1271,5.2848],[8.1431,5.3014],[8.2157,5.3863],[8.2171,5.401],[8.2146,5.4306],[8.1391,5.5814],[8.1215,5.6485],[8.1275,5.6537],[8.1574,5.6486],[8.2139,5.6727],[8.2824,5.7131],[8.3719,5.7834],[8.39,5.7898],[8.4258,5.7827],[8.4405,5.7502],[8.4605,5.7416],[8.6541,5.6932],[8.8652,5.6568]]]}},{"type":"Feature","properties":{"state":"Cross River","lga":"Akpabuyo"},"geometry":{"type":"Polygon","coordinates":[[[8.6653,4.9508],[8.6509,4.9427],[8.6495,4.9118],[8.622,4.905],[8.6081,4.8851],[8.603,4.8683],[8.6175,4.8518],[8.6019,4.8456],[8.5892,4.8194],[8.5715,4.8089],[8.5618,4.818],[8.5444,4.8033],[8.4995,4.7902],[8.4664,4.7528],[8.4585,4.7551],[8.4485,4.7357],[8.4296,4.7279],[8.4007,4.7332],[8.3857,4.7474],[8.3982,4.7654],[8.4132,4.7671],[8.4004,4.769],[8.3996,4.7815],[8.3746,4.776],[8.3601,4.7865],[8.3484,4.779],[8.3416,4.824],[8.3231,4.8504],[8.2943,4.8695],[8.3055,4.9228],[8.346,4.9253],[8.3503,4.9474],[8.3817,4.9386],[8.3897,4.9462],[8.3922,4.9575],[8.3718,4.9696],[8.3722,4.9804],[8.3529,4.983],[8.3377,4.996],[8.3609,5.0613],[8.3519,5.0836],[8.3702,5.0961],[8.3791,5.0923],[8.402,5.0509],[8.4226,5.0418],[8.4446,4.9898],[8.4632,4.9717],[8.4906,4.9662],[8.5521,4.9764],[8.6545,4.9724],[8.6718,4.9684],[8.6653,4.9508]]]}},{"type":"Feature","properties":{"state":"Cross River","lga":"Bakassi"},"geometry":{"type":"Polygon","coordinates":[[[8.6175,4.8518],[8.6276,4.8389],[8.6265,4.8175],[8.597,4.8012],[8.5461,4.8008],[8.5401,4.7949],[8.5224,4.7337],[8.5318,4.7104],[8.5168,4.7035],[8.5035,4.7082],[8.5096,4.6943],[8.4901,4.6896],[8.4563,4.6987],[8.4646,4.7274],[8.4818,4.7293],[8.4616,4.7572],[8.4664,4.7528],[8.4855,4.7794],[8.5097,4.7954],[8.5444,4.8033],[8.5618,4.818],[8.5771,4.8115],[8.5892,4.8194],[8.6019,4.8456],[8.6175,4.8518]]]}},{"type":"Feature","properties":{"state":"Cross River","lga":"Bekwarra"},"geometry":{"type":"Polygon","coordinates":[[[8.9229,6.8111],[8.9794,6.769],[8.9776,6.694],[8.9629,6.6525],[8.9623,6.6202],[8.9027,6.586],[8.8378,6.5652],[8.825,6.602],[8.8321,6.6146],[8.8166,6.6374],[8.8315,6.6611],[8.819,6.6738],[8.8212,6.6992],[8.8959,6.7633],[8.9229,6.8111]]]}},{"type":"Feature","properties":{"state":"Cross River","lga":"Biase"},"geometry":{"type":"Polygon","coordinates":[[[7.9008,5.5134],[7.8855,5.5778],[7.8953,5.6695],[7.8778,5.6903],[7.884,5.729],[7.9124,5.7699],[7.9386,5.7654],[7.9581,5.772],[7.9943,5.8016],[8.0209,5.7935],[8.0492,5.729],[8.0891,5.6855],[8.1035,5.6539],[8.1215,5.6485],[8.1391,5.5814],[8.2146,5.4306],[8.2157,5.3863],[8.1271,5.2848],[8.0743,5.2739],[8.0078,5.2944],[7.9912,5.3115],[7.9879,5.3326],[7.9907,5.365],[8.0032,5.3947],[7.9815,5.4523],[7.9876,5.4727],[7.9801,5.5073],[7.9644,5.5212],[7.9008,5.5134]]]}},{"type":"Feature","properties":{"state":"Cross River","lga":"Boki"},"geometry":{"type":"Polygon","coordinates":[[[9.3329,6.2929],[9.3204,6.2877],[9.3217,6.275],[9.3082,6.2628],[9.2657,6.1842],[9.2117,6.1673],[9.1675,6.1307],[9.1526,6.0906],[8.9451,5.9112],[8.9722,5.9351],[8.9429,5.9735],[8.8663,6.0287],[8.8111,6.0419],[8.784,6.0933],[8.7096,6.1422],[8.7105,6.1671],[8.7224,6.1784],[8.7383,6.2335],[8.7225,6.3081],[8.6889,6.3608],[8.7151,6.409],[8.7419,6.4292],[8.7422,6.4465],[8.7558,6.4603],[8.7613,6.5003],[8.7747,6.5287],[8.8199,6.5593],[8.8298,6.5416],[8.834,6.5028],[8.8513,6.4749],[8.9222,6.4748],[8.9357,6.4568],[8.9678,6.4382],[9.1084,6.4639],[9.1926,6.5044],[9.2293,6.4958],[9.2523,6.4777],[9.2769,6.4316],[9.2816,6.396],[9.2678,6.381],[9.2881,6.3282],[9.3329,6.2929]]]}},{"type":"Feature","properties":{"state":"Cross River","lga":"Calabar"},"geometry":{"type":"Polygon","coordinates":[[[8.3519,5.0836],[8.3609,5.0613],[8.3377,4.996],[8.3529,4.983],[8.3722,4.9804],[8.3718,4.9696],[8.3879,4.9617],[8.3911,4.9511],[8.3817,4.9386],[8.3503,4.9474],[8.3439,4.9242],[8.3055,4.9228],[8.2562,4.954],[8.253,4.9981],[8.2628,5.0157],[8.2893,5.0291],[8.286,5.0517],[8.2928,5.0739],[8.3519,5.0836]]]}},{"type":"Feature","properties":{"state":"Cross River","lga":"Calabar South"},"geometry":{"type":"Polygon","coordinates":[[[8.2758,4.788],[8.1905,4.8803],[8.2072,4.8857],[8.2507,4.9422],[8.2615,4.9484],[8.2792,4.9444],[8.3049,4.9263],[8.2943,4.8695],[8.3231,4.8504],[8.3416,4.824],[8.3485,4.7787],[8.3179,4.751],[8.3084,4.7673],[8.2758,4.788]]]}},{"type":"Feature","properties":{"state":"Cross River","lga":"Etung"},"geometry":{"type":"Polygon","coordinates":[[[8.9427,5.9118],[8.9123,5.9025],[8.9029,5.8631],[8.883,5.8605],[8.8588,5.8451],[8.856,5.8307],[8.84,5.8263],[8.8471,5.7923],[8.8724,5.8018],[8.8833,5.7913],[8.8817,5.7707],[8.8684,5.7586],[8.875,5.747],[8.8542,5.7195],[8.8541,5.7087],[8.8422,5.6994],[8.8318,5.7044],[8.8372,5.6779],[8.8652,5.6568],[8.6541,5.6932],[8.5858,5.714],[8.5854,5.7674],[8.6192,5.8286],[8.6554,5.8298],[8.6738,5.8419],[8.6892,5.8912],[8.7515,5.9374],[8.7778,5.9931],[8.815,6.0413],[8.8663,6.0287],[8.9538,5.9627],[8.9722,5.9351],[8.9427,5.9118]]]}},{"type":"Feature","properties":{"state":"Cross River","lga":"Ikom"},"geometry":{"type":"Polygon","coordinates":[[[8.5858,5.714],[8.4556,5.7431],[8.4481,5.8328],[8.436,5.8697],[8.47,5.9034],[8.4557,5.9336],[8.4572,5.9555],[8.4966,5.9811],[8.5122,6.0029],[8.4988,6.0308],[8.4643,6.0367],[8.4495,6.0478],[8.4423,6.0756],[8.4154,6.1214],[8.4038,6.2046],[8.4406,6.2383],[8.4436,6.27],[8.4649,6.2885],[8.4792,6.316],[8.4699,6.3565],[8.4889,6.3593],[8.5779,6.3288],[8.6255,6.3354],[8.6889,6.3608],[8.7225,6.3081],[8.7383,6.2335],[8.7224,6.1784],[8.7105,6.1671],[8.7096,6.1422],[8.784,6.0933],[8.8142,6.0356],[8.7778,5.9931],[8.7515,5.9374],[8.6892,5.8912],[8.6738,5.8419],[8.6554,5.8298],[8.6192,5.8286],[8.5854,5.7674],[8.5858,5.714]]]}},{"type":"Feature","properties":{"state":"Cross River","lga":"Obanliku"},"geometry":{"type":"Polygon","coordinates":[[[9.4674,6.456],[9.4313,6.3172],[9.3483,6.3539],[9.3435,6.3289],[9.3339,6.3197],[9.3329,6.2929],[9.2965,6.3177],[9.2772,6.3514],[9.2678,6.381],[9.2816,6.396],[9.2769,6.4316],[9.2523,6.4777],[9.2293,6.4958],[9.1926,6.5044],[9.1142,6.4672],[9.0768,6.5582],[9.0887,6.5758],[9.0816,6.5852],[9.1229,6.6012],[9.1509,6.6248],[9.16,6.6359],[9.1688,6.6785],[9.2161,6.6905],[9.266,6.6869],[9.2902,6.6753],[9.3795,6.5827],[9.4674,6.456]]]}},{"type":"Feature","properties":{"state":"Cross River","lga":"Obubra"},"geometry":{"type":"Polygon","coordinates":[[[8.4556,5.7431],[8.4405,5.7502],[8.4311,5.7792],[8.39,5.7898],[8.3637,5.778],[8.3051,5.7322],[8.2438,5.852],[8.1994,5.8771],[8.2057,5.9054],[8.2009,5.9255],[8.195,5.9334],[8.1695,5.9346],[8.1535,5.9438],[8.1348,5.975],[8.1775,6.007],[8.1876,6.0306],[8.2123,6.033],[8.2476,6.0125],[8.2612,6.0273],[8.2722,6.0645],[8.2738,6.1065],[8.2866,6.1302],[8.3861,6.2455],[8.3985,6.2807],[8.4094,6.2819],[8.4518,6.2784],[8.44,6.2622],[8.4406,6.2383],[8.4038,6.2046],[8.4154,6.1214],[8.4423,6.0756],[8.4495,6.0478],[8.4643,6.0367],[8.4988,6.0308],[8.5122,6.0029],[8.4966,5.9811],[8.4572,5.9555],[8.4557,5.9336],[8.47,5.9034],[8.436,5.8697],[8.4481,5.8328],[8.4556,5.7431]]]}},{"type":"Feature","properties":{"state":"Cross River","lga":"Obudu"},"geometry":{"type":"Polygon","coordinates":[[[9.0266,6.6543],[9.1688,6.6785],[9.16,6.6359],[9.1229,6.6012],[9.0816,6.5852],[9.0887,6.5758],[9.0768,6.5582],[9.1138,6.4688],[8.9697,6.4382],[8.9357,6.4568],[8.9242,6.4724],[8.9862,6.5571],[8.9846,6.6007],[8.9612,6.623],[8.9713,6.6757],[8.9908,6.6613],[9.0266,6.6543]]]}},{"type":"Feature","properties":{"state":"Cross River","lga":"Odukpani"},"geometry":{"type":"Polygon","coordinates":[[[7.8834,5.3633],[7.9523,5.3527],[7.962,5.3724],[7.9498,5.4136],[7.9221,5.446],[7.9008,5.5134],[7.9644,5.5212],[7.9801,5.5073],[7.9876,5.4727],[7.984,5.4398],[8.0005,5.4139],[8.0023,5.3871],[7.9876,5.3443],[7.9984,5.3003],[8.0495,5.2785],[8.0972,5.277],[8.126,5.2427],[8.1689,5.2325],[8.2237,5.1949],[8.2867,5.1828],[8.361,5.094],[8.3466,5.0785],[8.2928,5.0739],[8.286,5.0517],[8.2893,5.0291],[8.2628,5.0157],[8.253,4.9981],[8.2562,4.954],[8.2695,4.9482],[8.2395,4.931],[8.2072,4.8857],[8.1905,4.8803],[8.1366,4.9285],[8.0715,5.0309],[8.0539,5.1099],[8.0651,5.19],[8.0587,5.224],[7.9786,5.2674],[7.9016,5.2583],[7.8648,5.3237],[7.8834,5.3633]]]}},{"type":"Feature","properties":{"state":"Cross River","lga":"Ogoja"},"geometry":{"type":"Polygon","coordinates":[[[8.8212,6.6992],[8.819,6.6738],[8.8315,6.6611],[8.8166,6.6374],[8.8321,6.6146],[8.825,6.602],[8.8378,6.5652],[8.9027,6.586],[8.9612,6.623],[8.9815,6.607],[8.9862,6.5571],[8.939,6.4867],[8.9242,6.4724],[8.8513,6.4749],[8.834,6.5028],[8.8256,6.5509],[8.8121,6.5582],[8.7747,6.5287],[8.7613,6.5003],[8.7558,6.4603],[8.7422,6.4465],[8.7419,6.4292],[8.7151,6.409],[8.6927,6.3628],[8.6255,6.3354],[8.5779,6.3288],[8.4889,6.3593],[8.4699,6.3565],[8.4766,6.3976],[8.4563,6.4389],[8.472,6.4541],[8.5271,6.4396],[8.5317,6.4519],[8.5122,6.4868],[8.5136,6.5161],[8.5328,6.5231],[8.5862,6.5153],[8.6025,6.5231],[8.7557,6.664],[8.8212,6.6992]]]}},{"type":"Feature","properties":{"state":"Cross River","lga":"Yakurr"},"geometry":{"type":"Polygon","coordinates":[[[8.0146,5.7953],[8.025,5.8179],[8.0449,5.8362],[8.0457,5.8986],[8.0797,5.9054],[8.0878,5.9196],[8.0909,5.9128],[8.1219,5.9167],[8.1288,5.9465],[8.1186,5.9708],[8.1347,5.976],[8.1535,5.9438],[8.1695,5.9346],[8.195,5.9334],[8.2009,5.9255],[8.2057,5.9054],[8.1994,5.8771],[8.2438,5.852],[8.3051,5.7322],[8.2139,5.6727],[8.1574,5.6486],[8.1145,5.6488],[8.099,5.6592],[8.0891,5.6855],[8.0492,5.729],[8.0146,5.7953]]]}},{"type":"Feature","properties":{"state":"Cross River","lga":"Yala Cross"},"geometry":{"type":"Polygon","coordinates":[[[8.628,6.7821],[8.6155,6.8548],[8.6401,6.8742],[8.7314,6.8955],[8.8334,6.8661],[8.9157,6.8162],[8.9224,6.8052],[8.8959,6.7633],[8.8367,6.7092],[8.7557,6.664],[8.6025,6.5231],[8.5862,6.5153],[8.5328,6.5231],[8.5136,6.5161],[8.5122,6.4868],[8.5317,6.4519],[8.5271,6.4396],[8.472,6.4541],[8.4563,6.4389],[8.4766,6.3976],[8.4678,6.3512],[8.4792,6.316],[8.4569,6.2806],[8.3985,6.2807],[8.3688,6.3305],[8.3685,6.3563],[8.3953,6.3826],[8.4307,6.3887],[8.4441,6.4161],[8.4402,6.4331],[8.4178,6.4491],[8.4028,6.4794],[8.4045,6.5107],[8.3838,6.5288],[8.3757,6.5564],[8.3321,6.5867],[8.3,6.629],[8.292,6.6756],[8.3403,6.6837],[8.4004,6.7436],[8.4315,6.7509],[8.4648,6.7399],[8.5268,6.7377],[8.5774,6.7512],[8.628,6.7821]]]}},{"type":"Feature","properties":{"state":"Delta","lga":"AniochaN"},"geometry":{"type":"Polygon","coordinates":[[[6.614,6.2495],[6.5911,6.2484],[6.5676,6.2893],[6.5197,6.2998],[6.4256,6.2417],[6.3717,6.2394],[6.3679,6.2524],[6.3934,6.293],[6.3896,6.3246],[6.3817,6.3252],[6.3671,6.3497],[6.3594,6.3925],[6.5088,6.483],[6.5712,6.4961],[6.5665,6.438],[6.5846,6.3715],[6.5637,6.3224],[6.614,6.2495]]]}},{"type":"Feature","properties":{"state":"Delta","lga":"AniochaS"},"geometry":{"type":"Polygon","coordinates":[[[6.3717,6.2394],[6.4256,6.2417],[6.5197,6.2998],[6.5735,6.2856],[6.5893,6.25],[6.614,6.2495],[6.6303,6.2325],[6.6104,6.143],[6.6445,6.1013],[6.6316,6.058],[6.5951,6.0794],[6.5728,6.0711],[6.5652,6.0601],[6.5751,6.0293],[6.5656,5.9907],[6.5081,5.9924],[6.4156,5.9804],[6.4034,5.9841],[6.3877,6.0223],[6.3562,5.9867],[6.3408,5.9874],[6.3137,6.013],[6.3319,6.0544],[6.3293,6.08],[6.3494,6.1089],[6.3389,6.1444],[6.357,6.1517],[6.3621,6.1666],[6.3919,6.1856],[6.3717,6.2394]]]}},{"type":"Feature","properties":{"state":"Delta","lga":"Bomadi"},"geometry":{"type":"MultiPolygon","coordinates":[[[[5.9611,5.1609],[5.9392,5.166],[5.9113,5.1111],[5.8882,5.1031],[5.8744,5.1932],[5.8987,5.2],[5.9186,5.1816],[5.9552,5.184],[5.9836,5.1733],[5.975,5.1476],[5.9611,5.1609]]],[[[5.8164,5.1871],[5.7786,5.1764],[5.7584,5.2097],[5.782,5.231],[5.8412,5.2609],[5.8493,5.2416],[5.8379,5.2192],[5.791,5.1995],[5.7885,5.1875],[5.8164,5.1871]]],[[[5.7338,5.276],[5.8044,5.3358],[5.7984,5.3185],[5.8086,5.3066],[5.8252,5.3031],[5.8151,5.2936],[5.7338,5.276]]]]}},{"type":"Feature","properties":{"state":"Delta","lga":"Burutu"},"geometry":{"type":"MultiPolygon","coordinates":[[[[5.8882,5.1031],[5.858,5.0846],[5.8157,5.0913],[5.6948,5.0248],[5.6796,5.0309],[5.6525,5.0235],[5.5826,5.068],[5.5334,5.0795],[5.4865,5.1064],[5.4526,5.1404],[5.4654,5.1454],[5.4718,5.1754],[5.4799,5.1724],[5.4815,5.1846],[5.4849,5.1793],[5.491,5.1829],[5.4974,5.1771],[5.4979,5.1776],[5.491,5.1837],[5.4812,5.1854],[5.4799,5.1746],[5.4724,5.1765],[5.4671,5.1701],[5.4529,5.179],[5.461,5.2221],[5.4912,5.2213],[5.4985,5.2254],[5.5046,5.2418],[5.5112,5.2324],[5.5201,5.2335],[5.519,5.2254],[5.5213,5.2329],[5.5046,5.2435],[5.4932,5.2249],[5.474,5.2235],[5.4576,5.2362],[5.4707,5.2396],[5.4926,5.2562],[5.4921,5.2671],[5.4874,5.2768],[5.5021,5.2785],[5.5115,5.2707],[5.521,5.2715],[5.5285,5.2765],[5.534,5.2854],[5.5343,5.2951],[5.541,5.2882],[5.5446,5.2876],[5.5568,5.301],[5.5607,5.2793],[5.5668,5.2754],[5.5751,5.2735],[5.5762,5.2746],[5.5624,5.279],[5.5565,5.3029],[5.5426,5.289],[5.5374,5.2962],[5.5326,5.296],[5.5185,5.2721],[5.5038,5.2799],[5.4938,5.2793],[5.4929,5.2832],[5.5001,5.2885],[5.5001,5.2912],[5.491,5.301],[5.4824,5.3018],[5.4799,5.3146],[5.4776,5.3151],[5.4743,5.3135],[5.4685,5.2999],[5.4576,5.3079],[5.4718,5.3168],[5.4726,5.3274],[5.4893,5.326],[5.4946,5.3368],[5.4932,5.3254],[5.4957,5.3229],[5.504,5.3179],[5.5207,5.3204],[5.5246,5.3129],[5.5224,5.321],[5.5007,5.3257],[5.5057,5.3343],[5.506,5.3401],[5.514,5.3412],[5.5057,5.3415],[5.4976,5.3254],[5.4962,5.3385],[5.4915,5.3368],[5.4846,5.3265],[5.4579,5.339],[5.466,5.3485],[5.5071,5.3549],[5.5421,5.3676],[5.5537,5.3615],[5.5479,5.3549],[5.5485,5.3521],[5.5579,5.3582],[5.5432,5.3712],[5.5437,5.3826],[5.5543,5.3885],[5.5793,5.3704],[5.5901,5.3532],[5.5762,5.3615],[5.5751,5.3579],[5.6043,5.334],[5.6021,5.3282],[5.6015,5.3193],[5.5835,5.3074],[5.6074,5.3124],[5.6096,5.3149],[5.6088,5.3196],[5.6104,5.3201],[5.6157,5.3082],[5.6188,5.3085],[5.6212,5.3113],[5.6237,5.3113],[5.631,5.3024],[5.6388,5.3021],[5.6451,5.3046],[5.6326,5.3024],[5.6265,5.311],[5.6218,5.3121],[5.616,5.3088],[5.6104,5.321],[5.6079,5.3201],[5.6071,5.3129],[5.6013,5.3182],[5.6026,5.3204],[5.6046,5.3332],[5.6157,5.3335],[5.639,5.3626],[5.649,5.3479],[5.6704,5.3385],[5.6785,5.3493],[5.6996,5.3563],[5.7157,5.3735],[5.7199,5.3383],[5.7378,5.3227],[5.7573,5.3434],[5.7806,5.3407],[5.79,5.3523],[5.8135,5.3526],[5.8426,5.3652],[5.8807,5.3558],[5.9067,5.3805],[5.9284,5.3831],[5.9187,5.339],[5.8063,5.3372],[5.731,5.2722],[5.7299,5.2632],[5.7434,5.2533],[5.8462,5.2923],[5.8412,5.2609],[5.782,5.231],[5.7584,5.2097],[5.7786,5.1764],[5.8196,5.1873],[5.8446,5.1774],[5.8744,5.1932],[5.8882,5.1031]]],[[[5.6951,5.4138],[5.6974,5.4007],[5.7179,5.3865],[5.7168,5.3799],[5.699,5.3582],[5.6765,5.3507],[5.671,5.341],[5.6496,5.3504],[5.6421,5.3651],[5.6226,5.3504],[5.616,5.3382],[5.6076,5.3351],[5.5799,5.3751],[5.5804,5.3807],[5.5982,5.3771],[5.6398,5.3829],[5.6598,5.3897],[5.6823,5.4131],[5.6951,5.4138]]],[[[5.541,5.3888],[5.5371,5.3726],[5.5288,5.364],[5.5338,5.3724],[5.5193,5.366],[5.5079,5.3779],[5.4951,5.3799],[5.511,5.3807],[5.541,5.3888]]],[[[5.6099,5.3799],[5.6087,5.38],[5.6099,5.38],[5.6099,5.3799]]],[[[5.3251,5.3649],[5.3537,5.3601],[5.3543,5.3487],[5.3554,5.3574],[5.3676,5.3499],[5.3865,5.3601],[5.4274,5.3626],[5.4213,5.3368],[5.4174,5.3415],[5.4124,5.3421],[5.4126,5.3326],[5.3951,5.3182],[5.3801,5.2949],[5.3929,5.3018],[5.3971,5.3176],[5.4146,5.331],[5.4143,5.3407],[5.4207,5.3343],[5.4238,5.341],[5.429,5.336],[5.4238,5.3435],[5.4318,5.3624],[5.4415,5.3632],[5.4563,5.3329],[5.4713,5.3235],[5.4704,5.3182],[5.4585,5.3124],[5.451,5.3012],[5.4688,5.2988],[5.4785,5.3143],[5.4815,5.3018],[5.4996,5.2907],[5.4921,5.2832],[5.4912,5.2788],[5.4868,5.2779],[5.486,5.2751],[5.4918,5.2571],[5.4565,5.2385],[5.4485,5.1999],[5.4104,5.204],[5.4132,5.2185],[5.4026,5.2226],[5.4076,5.2301],[5.4082,5.2415],[5.4082,5.2507],[5.404,5.2562],[5.4015,5.2235],[5.4029,5.2199],[5.4121,5.2176],[5.4101,5.2026],[5.446,5.196],[5.4465,5.1779],[5.4618,5.156],[5.4226,5.1543],[5.386,5.139],[5.3524,5.1757],[5.3562,5.2085],[5.3304,5.2999],[5.3251,5.3649]]],[[[5.3904,5.3049],[5.3915,5.3021],[5.3876,5.3012],[5.3904,5.3049]]],[[[5.5035,5.3604],[5.4988,5.3568],[5.496,5.3576],[5.5035,5.3604]]],[[[5.5054,5.3774],[5.5121,5.3629],[5.4618,5.3649],[5.4824,5.3779],[5.5054,5.3774]]],[[[5.5054,5.3863],[5.5146,5.3838],[5.504,5.3846],[5.5054,5.3863]]],[[[5.5004,5.3896],[5.529,5.3954],[5.5343,5.3913],[5.5004,5.3896]]],[[[5.5079,5.3979],[5.5085,5.3965],[5.5074,5.3968],[5.5079,5.3979]]],[[[5.4315,5.4001],[5.4324,5.3882],[5.3501,5.3929],[5.2565,5.4332],[5.2287,5.4527],[5.3002,5.467],[5.3777,5.4201],[5.4315,5.4001]]]]}},{"type":"Feature","properties":{"state":"Delta","lga":"Ethiope West"},"geometry":{"type":"Polygon","coordinates":[[[5.8831,5.7883],[5.8599,5.7801],[5.8408,5.7834],[5.8159,5.7687],[5.7969,5.7812],[5.7903,5.7988],[5.766,5.8096],[5.7661,5.846],[5.7148,5.8522],[5.7091,5.8873],[5.6704,5.902],[5.6309,5.9412],[5.6104,5.9281],[5.6017,5.9071],[5.574,5.9184],[5.5623,5.9389],[5.5462,5.9474],[5.5547,5.965],[5.557,6.0142],[5.6457,6.05],[5.6721,6.0283],[5.7988,5.9657],[5.8311,5.9199],[5.8942,5.8819],[5.9018,5.8684],[5.8689,5.8032],[5.8831,5.7883]]]}},{"type":"Feature","properties":{"state":"Delta","lga":"EthiopeE"},"geometry":{"type":"MultiPolygon","coordinates":[[[[5.9899,5.7513],[6.0247,5.7038],[6.0556,5.6312],[6.0458,5.6106],[6.0278,5.5966],[5.9583,5.5642],[5.9345,5.5738],[5.9054,5.6089],[5.9101,5.6357],[5.8993,5.653],[5.8591,5.6776],[5.8404,5.7019],[5.8905,5.7685],[5.8835,5.7481],[5.8933,5.7419],[5.918,5.739],[5.9899,5.7513]]],[[[6.1549,5.7403],[6.1062,5.7359],[6.0561,5.7436],[6.034,5.767],[6.0766,5.7976],[6.1097,5.8421],[6.1549,5.7403]]]]}},{"type":"Feature","properties":{"state":"Delta","lga":"IkaNorth"},"geometry":{"type":"Polygon","coordinates":[[[6.3594,6.3925],[6.3671,6.3497],[6.3817,6.3252],[6.3896,6.3246],[6.3934,6.293],[6.3679,6.2524],[6.3919,6.1856],[6.3621,6.1666],[6.357,6.1517],[6.3389,6.1444],[6.3469,6.1203],[6.2704,6.1001],[6.2526,6.0855],[6.2365,6.0885],[6.1762,6.1658],[6.1463,6.1612],[6.1436,6.1751],[6.1877,6.2373],[6.2303,6.2455],[6.25,6.2104],[6.2811,6.2642],[6.2439,6.2921],[6.2317,6.3258],[6.2578,6.3503],[6.3594,6.3925]]]}},{"type":"Feature","properties":{"state":"Delta","lga":"IkaSouth"},"geometry":{"type":"Polygon","coordinates":[[[6.3469,6.1203],[6.347,6.1009],[6.3293,6.08],[6.3319,6.0544],[6.3236,6.0257],[6.3055,6.0074],[6.2891,6.0171],[6.2237,6.0087],[6.2212,6.0185],[6.1852,6.0315],[6.1232,6.0942],[6.0904,6.1522],[6.0817,6.2301],[6.0582,6.2432],[6.0517,6.2553],[6.0541,6.2935],[6.0685,6.3263],[6.0973,6.3519],[6.1405,6.3401],[6.1822,6.2764],[6.1926,6.2771],[6.2304,6.3236],[6.2439,6.2921],[6.2639,6.2832],[6.2801,6.2576],[6.25,6.2104],[6.2303,6.2455],[6.1877,6.2373],[6.1457,6.1787],[6.1431,6.164],[6.1762,6.1658],[6.2313,6.0923],[6.2459,6.0853],[6.2704,6.1001],[6.3469,6.1203]]]}},{"type":"Feature","properties":{"state":"Delta","lga":"IsokoNor"},"geometry":{"type":"MultiPolygon","coordinates":[[[[6.2734,5.4627],[6.2988,5.4349],[6.2952,5.4227],[6.278,5.4103],[6.2499,5.4309],[6.2442,5.4506],[6.2734,5.4627]]],[[[6.3586,5.4373],[6.3442,5.4461],[6.3356,5.4716],[6.3167,5.4846],[6.3212,5.5078],[6.3342,5.5226],[6.3265,5.5342],[6.2942,5.546],[6.2375,5.5069],[6.1931,5.5445],[6.1775,5.5102],[6.1527,5.4865],[6.1238,5.439],[6.0981,5.4194],[6.0857,5.3932],[6.0468,5.459],[6.0797,5.5241],[6.113,5.5394],[6.1146,5.5857],[6.1437,5.5967],[6.1648,5.5899],[6.1987,5.6193],[6.3098,5.6276],[6.3214,5.6345],[6.3365,5.6239],[6.3708,5.5493],[6.3834,5.4855],[6.3925,5.481],[6.3814,5.4644],[6.3852,5.4549],[6.4189,5.4594],[6.455,5.45],[6.4384,5.4203],[6.4022,5.4355],[6.3586,5.4373]]]]}},{"type":"Feature","properties":{"state":"Delta","lga":"IsokoSou"},"geometry":{"type":"Polygon","coordinates":[[[6.0857,5.3932],[6.0981,5.4194],[6.1238,5.439],[6.1527,5.4865],[6.1775,5.5102],[6.1931,5.5445],[6.2375,5.5069],[6.2914,5.5459],[6.3265,5.5342],[6.3342,5.5226],[6.3212,5.5078],[6.3167,5.4846],[6.3356,5.4716],[6.3442,5.4461],[6.3595,5.4371],[6.3388,5.4255],[6.3217,5.3935],[6.3169,5.3136],[6.2792,5.2924],[6.2524,5.2295],[6.1991,5.2423],[6.1721,5.2193],[6.129,5.2599],[6.0931,5.3105],[6.0857,5.3932]],[[6.2727,5.4629],[6.2442,5.4506],[6.2499,5.4309],[6.278,5.4103],[6.2952,5.4227],[6.2988,5.4349],[6.2727,5.4629]]]}},{"type":"Feature","properties":{"state":"Delta","lga":"Ndokwa East"},"geometry":{"type":"Polygon","coordinates":[[[6.7249,5.982],[6.6649,5.8432],[6.6594,5.8006],[6.6084,5.7129],[6.6229,5.6697],[6.6238,5.6418],[6.5983,5.5758],[6.5651,5.5528],[6.5539,5.5288],[6.5509,5.443],[6.5032,5.4222],[6.4905,5.4081],[6.5125,5.3498],[6.47,5.3231],[6.411,5.3005],[6.3546,5.3077],[6.3103,5.2997],[6.2938,5.2661],[6.2796,5.2739],[6.2747,5.2816],[6.2818,5.2953],[6.3169,5.3136],[6.318,5.3804],[6.3388,5.4255],[6.3595,5.4371],[6.3884,5.4366],[6.4384,5.4203],[6.4547,5.4442],[6.4404,5.4572],[6.3852,5.4549],[6.3814,5.4644],[6.3925,5.481],[6.3834,5.4855],[6.3708,5.5493],[6.3365,5.6239],[6.32,5.6334],[6.3398,5.6462],[6.3707,5.6441],[6.3918,5.6654],[6.4257,5.6618],[6.4629,5.6936],[6.4594,5.7184],[6.4326,5.7329],[6.4318,5.7532],[6.437,5.7936],[6.4763,5.8655],[6.4689,5.8781],[6.44,5.8901],[6.4846,5.9892],[6.6091,5.9889],[6.6323,6.0145],[6.6457,5.9998],[6.69,6.0025],[6.7249,5.982]]]}},{"type":"Feature","properties":{"state":"Delta","lga":"Ndokwa West"},"geometry":{"type":"Polygon","coordinates":[[[6.3137,6.013],[6.3485,5.9836],[6.3877,6.0223],[6.4066,5.9822],[6.4398,5.9795],[6.4846,5.9892],[6.44,5.8901],[6.4689,5.8781],[6.4763,5.8655],[6.437,5.7936],[6.4318,5.7532],[6.4326,5.7329],[6.4555,5.7223],[6.465,5.6996],[6.4361,5.6671],[6.4201,5.661],[6.3856,5.6636],[6.3707,5.6441],[6.3398,5.6462],[6.3098,5.6276],[6.2069,5.6192],[6.1759,5.6506],[6.1605,5.7263],[6.1884,5.7529],[6.1863,5.7797],[6.2124,5.7656],[6.2541,5.7781],[6.2841,5.7628],[6.3599,5.8025],[6.354,5.8506],[6.2981,5.9301],[6.2694,5.9543],[6.2203,5.9676],[6.2237,6.0087],[6.2891,6.0171],[6.3004,6.0054],[6.3137,6.013]]]}},{"type":"Feature","properties":{"state":"Delta","lga":"Okpe"},"geometry":{"type":"Polygon","coordinates":[[[5.7675,5.8085],[5.7903,5.7988],[5.7969,5.7812],[5.8159,5.7687],[5.8408,5.7834],[5.8599,5.7801],[5.8831,5.7883],[5.8948,5.7772],[5.8404,5.7019],[5.8591,5.6776],[5.8934,5.6584],[5.9081,5.6406],[5.9054,5.6089],[5.8572,5.5975],[5.8301,5.5792],[5.8106,5.587],[5.7876,5.618],[5.772,5.6247],[5.6979,5.5766],[5.6746,5.5916],[5.6543,5.6257],[5.6699,5.6458],[5.6925,5.641],[5.6972,5.6513],[5.6394,5.698],[5.6881,5.7125],[5.7188,5.7307],[5.7675,5.8085]]]}},{"type":"Feature","properties":{"state":"Delta","lga":"Oshimili North"},"geometry":{"type":"Polygon","coordinates":[[[6.6655,6.5228],[6.6999,6.3681],[6.7181,6.3498],[6.7314,6.2582],[6.6935,6.2471],[6.677,6.1833],[6.6813,6.163],[6.6994,6.1544],[6.6997,6.1426],[6.6768,6.1096],[6.6496,6.1006],[6.6304,6.1116],[6.6104,6.143],[6.6303,6.2325],[6.5637,6.3224],[6.5846,6.3715],[6.5652,6.4583],[6.5712,6.4961],[6.6352,6.4899],[6.6655,6.5228]]]}},{"type":"Feature","properties":{"state":"Delta","lga":"Oshimili South"},"geometry":{"type":"Polygon","coordinates":[[[6.7314,6.2582],[6.7606,6.1489],[6.74,6.0899],[6.7359,6.0055],[6.7249,5.982],[6.69,6.0025],[6.6457,5.9998],[6.6323,6.0145],[6.6135,5.9902],[6.5656,5.9907],[6.5751,6.0293],[6.5652,6.0564],[6.5693,6.0672],[6.5951,6.0794],[6.6316,6.058],[6.6445,6.1013],[6.6768,6.1096],[6.6973,6.136],[6.6994,6.1544],[6.6813,6.163],[6.677,6.1833],[6.6952,6.2492],[6.7314,6.2582]]]}},{"type":"Feature","properties":{"state":"Delta","lga":"Patani"},"geometry":{"type":"Polygon","coordinates":[[[6.2938,5.2661],[6.2844,5.2399],[6.2702,5.2298],[6.2438,5.2249],[6.231,5.2346],[6.2073,5.2359],[6.2015,5.2206],[6.2057,5.1831],[6.1945,5.1755],[6.1338,5.1488],[6.0852,5.1527],[6.0714,5.1261],[6.0559,5.1149],[6.0279,5.1105],[6.0043,5.1171],[5.9755,5.1483],[5.9887,5.186],[6.0065,5.2011],[6.0646,5.2048],[6.1221,5.2208],[6.1675,5.2256],[6.1721,5.2193],[6.1991,5.2423],[6.2193,5.2409],[6.2493,5.2286],[6.2747,5.2777],[6.2938,5.2661]]]}},{"type":"Feature","properties":{"state":"Delta","lga":"Sapele"},"geometry":{"type":"Polygon","coordinates":[[[5.5462,5.9474],[5.5955,5.9056],[5.6139,5.9322],[5.6309,5.9412],[5.6704,5.902],[5.7091,5.8873],[5.7148,5.8522],[5.7661,5.846],[5.7675,5.8085],[5.7188,5.7307],[5.6881,5.7125],[5.6394,5.698],[5.6014,5.7324],[5.6042,5.7732],[5.5983,5.7811],[5.5708,5.7783],[5.5556,5.8254],[5.5456,5.8334],[5.5494,5.8557],[5.5383,5.8625],[5.5469,5.8698],[5.5481,5.8866],[5.5261,5.8927],[5.5004,5.9194],[5.5002,5.9314],[5.5332,5.9327],[5.5462,5.9474]]]}},{"type":"Feature","properties":{"state":"Delta","lga":"Udu"},"geometry":{"type":"Polygon","coordinates":[[[5.8289,5.5432],[5.8856,5.458],[5.8745,5.431],[5.8289,5.4035],[5.8139,5.4076],[5.7968,5.4337],[5.7805,5.4398],[5.7806,5.4545],[5.749,5.4686],[5.7488,5.4753],[5.7558,5.4952],[5.775,5.4841],[5.775,5.5016],[5.7903,5.5292],[5.7838,5.5436],[5.8174,5.5382],[5.8289,5.5432]]]}},{"type":"Feature","properties":{"state":"Delta","lga":"Ughelli North"},"geometry":{"type":"Polygon","coordinates":[[[5.9054,5.6089],[5.9345,5.5738],[5.9694,5.5644],[6.0278,5.5966],[6.0537,5.6234],[6.0475,5.6581],[6.035,5.6702],[6.0265,5.7003],[5.9892,5.7527],[6.034,5.767],[6.0561,5.7436],[6.1062,5.7359],[6.1549,5.7403],[6.168,5.7074],[6.1683,5.6684],[6.1759,5.6506],[6.2073,5.6193],[6.198,5.6191],[6.1648,5.5899],[6.1437,5.5967],[6.1146,5.5857],[6.113,5.5394],[6.0797,5.5241],[6.0468,5.459],[6.0886,5.3887],[6.0914,5.3186],[6.0991,5.295],[6.1675,5.2256],[6.0588,5.2046],[6.0191,5.2403],[6.0056,5.2611],[6.0178,5.2885],[6.0147,5.3669],[5.9788,5.4166],[5.9792,5.4541],[5.9933,5.471],[5.9598,5.4826],[5.9701,5.5036],[5.919,5.4969],[5.8958,5.5065],[5.9252,5.5403],[5.8457,5.5566],[5.8473,5.5896],[5.9054,5.6089]]]}},{"type":"Feature","properties":{"state":"Delta","lga":"Ughelli South"},"geometry":{"type":"MultiPolygon","coordinates":[[[[5.9809,5.1743],[5.9552,5.184],[5.9186,5.1816],[5.8987,5.2],[5.8446,5.1774],[5.8196,5.1873],[5.7885,5.1875],[5.7973,5.2074],[5.8313,5.2142],[5.8419,5.2258],[5.8493,5.2416],[5.8415,5.2546],[5.8433,5.2945],[5.7594,5.2569],[5.7434,5.2533],[5.7299,5.2632],[5.7326,5.2743],[5.8214,5.2978],[5.8243,5.3051],[5.8086,5.3066],[5.7984,5.3185],[5.8063,5.3372],[5.8859,5.3345],[5.9187,5.339],[5.9244,5.3461],[5.9284,5.3831],[5.9121,5.3832],[5.8807,5.3558],[5.8426,5.3652],[5.8135,5.3526],[5.79,5.3523],[5.7806,5.3407],[5.7573,5.3434],[5.7378,5.3227],[5.7199,5.3383],[5.719,5.386],[5.7032,5.3946],[5.6968,5.4144],[5.7421,5.4146],[5.7829,5.4397],[5.7968,5.4337],[5.8169,5.405],[5.8289,5.4035],[5.8816,5.438],[5.8841,5.4684],[5.829,5.5408],[5.8458,5.5583],[5.9252,5.5403],[5.8958,5.5065],[5.919,5.4969],[5.9701,5.5036],[5.9598,5.4826],[5.9933,5.471],[5.9792,5.4541],[5.9788,5.4166],[6.0147,5.3669],[6.0178,5.2885],[6.0056,5.2611],[6.0588,5.2046],[6.003,5.1998],[5.9809,5.1743]]],[[[5.7121,5.3885],[5.7119,5.3888],[5.7121,5.3888],[5.7121,5.3885]]],[[[5.7113,5.3893],[5.7113,5.3892],[5.711,5.3893],[5.7113,5.3893]]]]}},{"type":"Feature","properties":{"state":"Delta","lga":"Ukwuani"},"geometry":{"type":"Polygon","coordinates":[[[6.1605,5.7263],[6.1097,5.8421],[6.1897,5.9069],[6.2146,5.9378],[6.2203,5.9676],[6.2694,5.9543],[6.2981,5.9301],[6.354,5.8506],[6.3582,5.7984],[6.309,5.7804],[6.2841,5.7628],[6.2541,5.7781],[6.2124,5.7656],[6.1879,5.7806],[6.1884,5.7529],[6.1605,5.7263]]]}},{"type":"Feature","properties":{"state":"Delta","lga":"Uvwie"},"geometry":{"type":"Polygon","coordinates":[[[5.6979,5.5766],[5.772,5.6247],[5.8244,5.5807],[5.8534,5.5939],[5.8426,5.5818],[5.8458,5.5583],[5.8288,5.5431],[5.8174,5.5382],[5.7838,5.5436],[5.7903,5.5292],[5.779,5.5018],[5.7507,5.5456],[5.6979,5.5766]]]}},{"type":"Feature","properties":{"state":"Delta","lga":"Warri North"},"geometry":{"type":"MultiPolygon","coordinates":[[[[5.2436,5.686],[5.1132,5.6651],[5.0796,5.729],[5.0946,5.8004],[5.1076,5.8079],[5.1396,5.8007],[5.156,5.7693],[5.156,5.7501],[5.1771,5.7476],[5.1749,5.734],[5.1765,5.7254],[5.194,5.7179],[5.1949,5.7107],[5.204,5.7165],[5.2199,5.7071],[5.2243,5.7038],[5.2268,5.6949],[5.231,5.6915],[5.2365,5.6915],[5.2486,5.7068],[5.2436,5.686]]],[[[5.331,5.7871],[5.331,5.7601],[5.3393,5.7432],[5.3226,5.7313],[5.314,5.7082],[5.2999,5.6982],[5.2993,5.7074],[5.2949,5.7104],[5.2999,5.6976],[5.2894,5.6944],[5.2795,5.7107],[5.259,5.7094],[5.2534,5.7201],[5.2321,5.6921],[5.2257,5.7038],[5.2168,5.7113],[5.1765,5.7282],[5.1801,5.7413],[5.1729,5.7574],[5.176,5.7624],[5.176,5.7676],[5.1729,5.7729],[5.186,5.7685],[5.1932,5.7735],[5.1732,5.7749],[5.1718,5.7715],[5.1751,5.7646],[5.1715,5.7571],[5.1746,5.7524],[5.1576,5.7529],[5.1604,5.7688],[5.1451,5.8129],[5.1965,5.8535],[5.2329,5.8693],[5.2462,5.8607],[5.249,5.8307],[5.2238,5.8176],[5.2176,5.8049],[5.2296,5.7932],[5.2271,5.7871],[5.234,5.7943],[5.2315,5.7846],[5.2329,5.7807],[5.2543,5.7754],[5.2524,5.7838],[5.2326,5.7824],[5.244,5.8004],[5.246,5.8149],[5.2382,5.7935],[5.2196,5.8085],[5.2499,5.8274],[5.2474,5.8649],[5.2638,5.8907],[5.2929,5.9049],[5.2904,5.8915],[5.2946,5.8815],[5.2976,5.8796],[5.2999,5.8799],[5.3057,5.8863],[5.3126,5.8801],[5.3068,5.8729],[5.3074,5.8574],[5.319,5.8488],[5.3338,5.8454],[5.3313,5.8399],[5.3326,5.8237],[5.3215,5.819],[5.3226,5.8129],[5.3296,5.809],[5.3499,5.8115],[5.3532,5.8076],[5.331,5.7871]]],[[[5.5566,6.0125],[5.5547,5.965],[5.5425,5.9406],[5.5332,5.9327],[5.498,5.9289],[5.5124,5.9044],[5.5501,5.8824],[5.5383,5.8625],[5.5494,5.8557],[5.5434,5.8406],[5.5667,5.7987],[5.5691,5.7756],[5.549,5.7732],[5.5277,5.7814],[5.5208,5.7967],[5.5238,5.8151],[5.5271,5.814],[5.5226,5.8026],[5.5232,5.7979],[5.526,5.7943],[5.5532,5.779],[5.5662,5.7763],[5.5249,5.7971],[5.5296,5.8165],[5.5221,5.8165],[5.5185,5.8138],[5.5157,5.7913],[5.5085,5.7865],[5.4637,5.8054],[5.471,5.8071],[5.4715,5.8093],[5.4637,5.8071],[5.4549,5.826],[5.4249,5.8243],[5.4165,5.8326],[5.4085,5.8201],[5.3796,5.8235],[5.3637,5.8026],[5.3496,5.8129],[5.3265,5.8113],[5.3229,5.8185],[5.3332,5.8226],[5.3371,5.8446],[5.3076,5.8585],[5.314,5.8807],[5.3068,5.8874],[5.2937,5.8843],[5.2962,5.9087],[5.2904,5.9171],[5.0968,5.8157],[5.0757,5.7954],[5.0663,5.7696],[5.0438,5.7838],[5.0037,5.8557],[5.1152,6.127],[5.2029,6.0817],[5.2298,6.0548],[5.2322,6.0316],[5.2208,5.9843],[5.2322,5.9031],[5.259,5.9043],[5.3251,5.9565],[5.3335,5.9736],[5.3191,5.999],[5.3201,6.0156],[5.3303,6.0205],[5.3463,6.0255],[5.3944,6.0139],[5.4456,6.0248],[5.4679,6.02],[5.5046,5.988],[5.5331,5.9815],[5.5566,6.0125]]]]}},{"type":"Feature","properties":{"state":"Delta","lga":"Warri South"},"geometry":{"type":"MultiPolygon","coordinates":[[[[5.682,5.4665],[5.6125,5.5023],[5.606,5.5099],[5.6221,5.5113],[5.6057,5.5143],[5.6132,5.5262],[5.6171,5.5401],[5.6301,5.5399],[5.6443,5.5271],[5.6588,5.5276],[5.6607,5.5399],[5.6826,5.531],[5.6982,5.5335],[5.7143,5.5121],[5.7243,5.5082],[5.7126,5.4971],[5.6996,5.4665],[5.682,5.4665]]],[[[5.6113,5.5376],[5.6126,5.529],[5.6065,5.5201],[5.606,5.5357],[5.6113,5.5376]]],[[[5.6757,5.5399],[5.679,5.5351],[5.6732,5.5368],[5.6757,5.5399]]],[[[5.6543,5.6257],[5.6746,5.5916],[5.7379,5.5557],[5.7645,5.5301],[5.775,5.4841],[5.7558,5.4952],[5.7085,5.4781],[5.7135,5.4971],[5.7271,5.5071],[5.729,5.5135],[5.7157,5.5132],[5.704,5.539],[5.6843,5.5338],[5.679,5.5421],[5.6621,5.5443],[5.6565,5.556],[5.6599,5.5643],[5.6588,5.5674],[5.6368,5.5746],[5.6401,5.5829],[5.6399,5.5982],[5.6376,5.5993],[5.6329,5.5976],[5.631,5.6021],[5.6363,5.6043],[5.6371,5.6074],[5.6304,5.614],[5.6454,5.6151],[5.6543,5.6257]]],[[[5.6018,5.5121],[5.6015,5.5121],[5.6014,5.5121],[5.6018,5.5121]]],[[[5.5904,5.5221],[5.589,5.5179],[5.581,5.5154],[5.5904,5.5221]]],[[[5.5601,5.5316],[5.5329,5.5327],[5.5365,5.5418],[5.514,5.5801],[5.5068,5.576],[5.5021,5.5826],[5.5335,5.6026],[5.5396,5.6013],[5.5554,5.604],[5.564,5.6015],[5.5662,5.5876],[5.5779,5.5799],[5.5818,5.5835],[5.5796,5.6018],[5.5843,5.6051],[5.5932,5.6046],[5.5949,5.5918],[5.5979,5.5899],[5.6021,5.5907],[5.6115,5.6243],[5.6229,5.6118],[5.6365,5.6071],[5.636,5.6049],[5.6307,5.6029],[5.6301,5.6007],[5.6335,5.5965],[5.6385,5.5982],[5.6354,5.5799],[5.6357,5.5754],[5.6382,5.571],[5.659,5.5657],[5.6554,5.5537],[5.6596,5.544],[5.6474,5.5315],[5.634,5.5476],[5.616,5.5504],[5.604,5.5443],[5.5965,5.526],[5.5796,5.5185],[5.5826,5.5265],[5.5799,5.5304],[5.5735,5.5335],[5.5785,5.5418],[5.5785,5.5446],[5.5729,5.5329],[5.5812,5.5265],[5.5718,5.521],[5.5496,5.5435],[5.5471,5.5435],[5.5446,5.5415],[5.5426,5.536],[5.5399,5.5365],[5.5404,5.5449],[5.5354,5.5501],[5.5451,5.5582],[5.5349,5.5504],[5.5393,5.536],[5.5429,5.5354],[5.5493,5.5429],[5.5601,5.5316]]],[[[5.5051,5.6129],[5.5376,5.6154],[5.5404,5.6029],[5.5332,5.604],[5.5088,5.5924],[5.4857,5.6185],[5.5051,5.6129]]],[[[5.6338,5.6326],[5.6413,5.626],[5.6285,5.6129],[5.6271,5.6224],[5.6338,5.6326]]],[[[5.6014,5.7324],[5.6983,5.6455],[5.6867,5.6407],[5.6748,5.6485],[5.6632,5.6386],[5.6615,5.6485],[5.6682,5.6476],[5.6718,5.656],[5.684,5.6557],[5.6718,5.6568],[5.6596,5.6474],[5.6615,5.6374],[5.6443,5.6165],[5.6382,5.6171],[5.6424,5.6271],[5.6346,5.634],[5.626,5.6265],[5.6251,5.6132],[5.6168,5.6243],[5.6104,5.6251],[5.5999,5.5918],[5.5951,5.6054],[5.5799,5.6057],[5.5776,5.5999],[5.5782,5.5821],[5.5646,5.6032],[5.5401,5.6068],[5.5443,5.6229],[5.5376,5.6379],[5.5515,5.6304],[5.5707,5.6435],[5.5779,5.6387],[5.5749,5.6443],[5.5824,5.6485],[5.5924,5.6721],[5.6057,5.6646],[5.6282,5.6771],[5.6335,5.6729],[5.6438,5.671],[5.6282,5.6779],[5.6051,5.666],[5.5901,5.679],[5.5915,5.7018],[5.5979,5.7043],[5.6026,5.7093],[5.6032,5.7132],[5.5904,5.7013],[5.5882,5.6829],[5.5904,5.6746],[5.5788,5.6485],[5.5524,5.6349],[5.5371,5.6424],[5.5382,5.6235],[5.5018,5.6207],[5.4807,5.6376],[5.5126,5.6568],[5.521,5.6935],[5.5251,5.6879],[5.5332,5.6829],[5.554,5.6818],[5.556,5.684],[5.5529,5.6893],[5.5451,5.6957],[5.5449,5.6982],[5.5624,5.7132],[5.5626,5.716],[5.5585,5.7215],[5.5615,5.7143],[5.544,5.6985],[5.5443,5.6957],[5.5549,5.6857],[5.5546,5.6832],[5.5315,5.6843],[5.5174,5.7035],[5.5162,5.7229],[5.4979,5.7457],[5.5065,5.7663],[5.5204,5.7549],[5.5379,5.7549],[5.5326,5.7707],[5.5082,5.7824],[5.5179,5.7915],[5.5213,5.814],[5.5234,5.7877],[5.5329,5.7762],[5.5562,5.7728],[5.5983,5.7811],[5.6042,5.7732],[5.6014,5.7324]]]]}},{"type":"Feature","properties":{"state":"Delta","lga":"Warri South-West"},"geometry":{"type":"MultiPolygon","coordinates":[[[[5.6171,5.3885],[5.5999,5.3782],[5.5901,5.3793],[5.5907,5.3807],[5.6082,5.3843],[5.6171,5.3885]]],[[[5.6946,5.4149],[5.6598,5.3897],[5.6135,5.3801],[5.6368,5.4007],[5.6351,5.3932],[5.6363,5.3937],[5.6574,5.4279],[5.6946,5.4149]]],[[[5.6376,5.4057],[5.6393,5.4024],[5.6363,5.4015],[5.6376,5.4057]]],[[[5.5401,5.5057],[5.5546,5.4904],[5.5493,5.4801],[5.5535,5.4724],[5.5671,5.4707],[5.5699,5.4804],[5.5874,5.4843],[5.5924,5.4907],[5.5974,5.481],[5.6021,5.4774],[5.604,5.4774],[5.6121,5.4818],[5.6215,5.4943],[5.6263,5.4829],[5.6418,5.4824],[5.6454,5.4865],[5.6487,5.4551],[5.6571,5.4524],[5.6626,5.4565],[5.6649,5.4493],[5.6307,5.3996],[5.5996,5.384],[5.5993,5.394],[5.581,5.4187],[5.5888,5.4251],[5.609,5.4212],[5.6157,5.4226],[5.6204,5.4257],[5.6196,5.4271],[5.5868,5.426],[5.5801,5.4204],[5.5818,5.4143],[5.5982,5.3932],[5.5899,5.3815],[5.5451,5.3924],[5.5265,5.4049],[5.5226,5.4126],[5.5399,5.4124],[5.5451,5.4265],[5.5546,5.4246],[5.556,5.431],[5.5599,5.4285],[5.566,5.4324],[5.5649,5.4279],[5.5735,5.4235],[5.5765,5.4246],[5.5665,5.4332],[5.554,5.4324],[5.5593,5.4349],[5.5582,5.439],[5.5629,5.4388],[5.5604,5.444],[5.5529,5.4351],[5.5537,5.4271],[5.5449,5.4285],[5.5368,5.4146],[5.5132,5.4301],[5.5088,5.4515],[5.5176,5.5004],[5.5401,5.5057]]],[[[5.752,5.488],[5.749,5.4686],[5.7806,5.4545],[5.7796,5.4363],[5.7421,5.4146],[5.7088,5.4124],[5.6579,5.4299],[5.6676,5.4524],[5.7004,5.4579],[5.709,5.4699],[5.7101,5.4757],[5.7085,5.4781],[5.7343,5.4899],[5.752,5.488]]],[[[5.673,5.4667],[5.6996,5.4665],[5.709,5.4757],[5.6993,5.4615],[5.6704,5.4543],[5.6651,5.451],[5.6629,5.4571],[5.6496,5.4551],[5.646,5.4837],[5.673,5.4667]]],[[[5.6024,5.5115],[5.6426,5.4837],[5.626,5.4837],[5.6254,5.4929],[5.6212,5.4949],[5.6038,5.4779],[5.5926,5.4921],[5.5724,5.4843],[5.5682,5.4804],[5.566,5.4718],[5.551,5.4774],[5.5568,5.4879],[5.551,5.5043],[5.5801,5.5024],[5.6024,5.5115]]],[[[5.5615,5.3865],[5.5729,5.3846],[5.5746,5.3776],[5.5615,5.3865]]],[[[5.5151,5.3993],[5.5274,5.3968],[5.5157,5.3957],[5.5151,5.3993]]],[[[5.5329,5.5327],[5.5685,5.5263],[5.5654,5.5171],[5.5201,5.5229],[5.5304,5.5176],[5.5068,5.4951],[5.4729,5.4046],[5.4196,5.424],[5.4337,5.4465],[5.4451,5.4443],[5.4507,5.4487],[5.4554,5.4426],[5.4607,5.4413],[5.4635,5.4585],[5.4701,5.4657],[5.4696,5.4688],[5.4621,5.4596],[5.4582,5.4429],[5.4513,5.4507],[5.4349,5.4501],[5.4321,5.4621],[5.4432,5.4643],[5.4438,5.4776],[5.4551,5.4776],[5.4599,5.4815],[5.4718,5.5043],[5.4713,5.509],[5.4668,5.5121],[5.4743,5.5138],[5.4718,5.5257],[5.481,5.5321],[5.4804,5.5393],[5.4935,5.541],[5.4974,5.5701],[5.5057,5.571],[5.5107,5.5774],[5.5365,5.5418],[5.5329,5.5327]]],[[[5.4893,5.6032],[5.5046,5.5912],[5.5046,5.5735],[5.4968,5.5715],[5.4921,5.5637],[5.4921,5.5426],[5.4807,5.5415],[5.4785,5.5346],[5.4735,5.5379],[5.4679,5.536],[5.4665,5.5479],[5.4643,5.5482],[5.4612,5.5471],[5.4601,5.5438],[5.4629,5.5376],[5.4596,5.5362],[5.4635,5.5371],[5.4649,5.5476],[5.4668,5.5357],[5.4796,5.5321],[5.4701,5.5282],[5.4721,5.5149],[5.466,5.5143],[5.4665,5.5099],[5.4701,5.506],[5.4576,5.4815],[5.4429,5.479],[5.4374,5.4646],[5.4221,5.4779],[5.4399,5.4924],[5.4371,5.5065],[5.4424,5.5029],[5.4432,5.4993],[5.4443,5.499],[5.4415,5.5051],[5.4351,5.5096],[5.4365,5.5196],[5.4312,5.5249],[5.439,5.526],[5.4463,5.5404],[5.4488,5.5404],[5.4507,5.5388],[5.4579,5.5365],[5.4593,5.5368],[5.446,5.5415],[5.4362,5.526],[5.4376,5.5401],[5.4329,5.5449],[5.4362,5.5338],[5.4296,5.5279],[5.4312,5.5076],[5.4385,5.4946],[5.4204,5.4826],[5.429,5.4501],[5.4157,5.4404],[5.3996,5.476],[5.4046,5.4801],[5.4029,5.4904],[5.4171,5.4918],[5.4182,5.4929],[5.4182,5.4982],[5.4118,5.5068],[5.4165,5.5229],[5.4007,5.5157],[5.4051,5.5285],[5.4018,5.5496],[5.4246,5.5835],[5.4496,5.5788],[5.4551,5.5871],[5.4585,5.5826],[5.4632,5.5843],[5.4662,5.5912],[5.4796,5.5843],[5.4918,5.5846],[5.4893,5.6032]]],[[[5.3957,5.4846],[5.3968,5.4821],[5.3963,5.4821],[5.3957,5.4846]]],[[[5.4101,5.5118],[5.416,5.4932],[5.4021,5.491],[5.3993,5.4793],[5.394,5.5035],[5.4101,5.5118]]],[[[5.4312,5.4006],[5.3002,5.467],[5.2285,5.4526],[5.1635,5.5293],[5.1596,5.5446],[5.2129,5.6013],[5.2896,5.599],[5.3104,5.5921],[5.3037,5.5835],[5.3126,5.5901],[5.3732,5.5857],[5.3535,5.5568],[5.361,5.5415],[5.3529,5.5335],[5.3535,5.5262],[5.3601,5.5163],[5.3551,5.5118],[5.3554,5.5093],[5.359,5.5007],[5.3662,5.4968],[5.3662,5.4918],[5.369,5.4871],[5.3604,5.484],[5.3579,5.479],[5.3521,5.4876],[5.3421,5.4929],[5.3438,5.5007],[5.3399,5.5135],[5.336,5.514],[5.3329,5.5088],[5.3329,5.5138],[5.3293,5.5157],[5.3276,5.5151],[5.3326,5.5079],[5.3396,5.5126],[5.3404,5.4935],[5.3571,5.4774],[5.3718,5.4851],[5.3751,5.4732],[5.3985,5.471],[5.4143,5.4193],[5.4312,5.4006]]],[[[5.3646,5.5382],[5.3807,5.529],[5.4018,5.5271],[5.3913,5.5037],[5.394,5.4754],[5.3749,5.4754],[5.3743,5.4849],[5.3665,5.4976],[5.3601,5.5007],[5.3615,5.5174],[5.3543,5.529],[5.3646,5.5382]]],[[[5.4024,5.6368],[5.4626,5.6343],[5.4807,5.6226],[5.486,5.601],[5.4751,5.5888],[5.4654,5.5918],[5.4607,5.5835],[5.4535,5.5893],[5.449,5.5799],[5.4396,5.5818],[5.4407,5.5885],[5.4232,5.5854],[5.399,5.5529],[5.3985,5.5354],[5.3807,5.5457],[5.3946,5.5546],[5.3935,5.5646],[5.3982,5.5643],[5.4004,5.5657],[5.3937,5.5657],[5.3924,5.5646],[5.3935,5.5551],[5.3793,5.5482],[5.3815,5.5401],[5.3887,5.5404],[5.3893,5.5338],[5.3799,5.5332],[5.3615,5.5457],[5.3576,5.5618],[5.3976,5.5965],[5.4024,5.6368]]],[[[5.4924,5.6428],[5.491,5.6496],[5.4957,5.6465],[5.4968,5.6468],[5.4907,5.6507],[5.4912,5.6404],[5.479,5.6393],[5.484,5.6329],[5.4824,5.6318],[5.4376,5.6546],[5.4335,5.6654],[5.4568,5.684],[5.4713,5.6826],[5.4749,5.6787],[5.4662,5.6762],[5.4668,5.6646],[5.4793,5.6607],[5.499,5.6618],[5.5081,5.6543],[5.4924,5.6428]]],[[[5.4629,5.8057],[5.4954,5.7962],[5.536,5.7624],[5.5268,5.7554],[5.5068,5.7682],[5.4971,5.7551],[5.4979,5.7413],[5.5154,5.7196],[5.5107,5.7076],[5.484,5.7076],[5.4724,5.7371],[5.454,5.7549],[5.4563,5.7485],[5.4037,5.7046],[5.3579,5.6957],[5.3479,5.709],[5.3224,5.7204],[5.3426,5.7426],[5.334,5.7596],[5.3335,5.7876],[5.3524,5.8032],[5.3671,5.8024],[5.3812,5.8226],[5.4093,5.819],[5.4157,5.8287],[5.454,5.8249],[5.4629,5.8057]]],[[[5.1143,5.6643],[5.2403,5.6805],[5.2534,5.7201],[5.259,5.7094],[5.2795,5.7107],[5.2894,5.6944],[5.3182,5.7118],[5.3213,5.7063],[5.2982,5.6574],[5.2907,5.6188],[5.2426,5.6254],[5.2099,5.6188],[5.1946,5.6049],[5.1751,5.6182],[5.194,5.6038],[5.1818,5.5943],[5.1418,5.6243],[5.1143,5.6643]]],[[[5.4607,5.7443],[5.4843,5.7043],[5.4957,5.7026],[5.5174,5.709],[5.5232,5.6999],[5.5096,5.656],[5.4979,5.6637],[5.4685,5.6654],[5.4765,5.6815],[5.4568,5.6871],[5.4329,5.669],[5.4324,5.6526],[5.4065,5.6543],[5.381,5.6029],[5.3546,5.5985],[5.3235,5.609],[5.3076,5.6432],[5.3257,5.6799],[5.3299,5.7113],[5.359,5.6924],[5.4082,5.7013],[5.4607,5.7443]]],[[[5.3313,5.7879],[5.331,5.7879],[5.3313,5.7881],[5.3313,5.7879]]]]}},{"type":"Feature","properties":{"state":"Ebonyi","lga":"Abakalik"},"geometry":{"type":"Polygon","coordinates":[[[8.3985,6.2807],[8.3861,6.2455],[8.3234,6.1788],[8.3172,6.2092],[8.3016,6.2176],[8.2615,6.1911],[8.224,6.1862],[8.1794,6.1616],[8.1435,6.1691],[8.1038,6.1543],[8.0499,6.1714],[8.0333,6.1862],[8.0333,6.2037],[8.0517,6.2428],[8.052,6.2868],[8.0419,6.3046],[8.0568,6.3162],[8.1227,6.3098],[8.1542,6.3351],[8.1627,6.3326],[8.1703,6.3023],[8.1893,6.2909],[8.3208,6.3177],[8.3541,6.3091],[8.3766,6.316],[8.3985,6.2807]]]}},{"type":"Feature","properties":{"state":"Ebonyi","lga":"Afikpo"},"geometry":{"type":"Polygon","coordinates":[[[7.9668,5.9606],[7.9784,5.9408],[7.977,5.9016],[7.945,5.8645],[7.9396,5.8427],[7.916,5.8223],[7.9217,5.7793],[7.8937,5.7428],[7.8751,5.7766],[7.8597,5.84],[7.85,5.9066],[7.8532,5.9351],[7.87,5.9475],[7.9104,5.947],[7.9173,5.959],[7.9239,5.9537],[7.9668,5.9606]]]}},{"type":"Feature","properties":{"state":"Ebonyi","lga":"AfikpoSo"},"geometry":{"type":"Polygon","coordinates":[[[7.7694,5.8138],[7.6664,5.8183],[7.7088,5.8626],[7.7274,5.9077],[7.778,5.9366],[7.8008,5.9316],[7.8124,5.9533],[7.8447,5.9407],[7.8533,5.934],[7.8509,5.8962],[7.8751,5.7766],[7.8937,5.7428],[7.8808,5.7187],[7.8778,5.6903],[7.8562,5.6937],[7.8044,5.7315],[7.7931,5.7483],[7.7895,5.7837],[7.7694,5.8138]]]}},{"type":"Feature","properties":{"state":"Ebonyi","lga":"Ebonyi"},"geometry":{"type":"Polygon","coordinates":[[[8.0691,6.6993],[8.0914,6.6974],[8.1224,6.7123],[8.1381,6.7389],[8.1594,6.6986],[8.1736,6.6184],[8.1658,6.5349],[8.1563,6.5074],[8.1536,6.4238],[8.1675,6.3722],[8.1636,6.3294],[8.1464,6.3322],[8.1227,6.3098],[8.0679,6.3172],[8.0419,6.3046],[8.0207,6.3196],[8.0225,6.35],[8.0437,6.4056],[8.0624,6.4306],[8.094,6.5455],[8.0913,6.6055],[8.0691,6.6993]]]}},{"type":"Feature","properties":{"state":"Ebonyi","lga":"Ezza North"},"geometry":{"type":"Polygon","coordinates":[[[8.0419,6.3046],[8.052,6.2868],[8.0517,6.2428],[8.033,6.1979],[7.9809,6.188],[7.976,6.142],[7.9678,6.1334],[7.9415,6.1324],[7.9331,6.1538],[7.9197,6.151],[7.8988,6.1709],[7.8782,6.1768],[7.8715,6.1986],[7.8862,6.2073],[7.8955,6.2251],[7.921,6.3392],[7.9463,6.3545],[7.9797,6.3521],[8.0419,6.3046]]]}},{"type":"Feature","properties":{"state":"Ebonyi","lga":"Ezza South"},"geometry":{"type":"Polygon","coordinates":[[[8.033,6.1979],[8.0432,6.1752],[8.1038,6.1543],[8.1483,6.1682],[8.1434,6.1336],[8.1271,6.1086],[8.0954,6.0902],[8.0488,6.091],[8.0461,6.0841],[8.0599,6.0756],[8.0629,6.0612],[8.0451,6.0463],[8.0068,6.0343],[8.0053,6.0233],[7.9912,6.0408],[7.9645,6.0452],[7.9103,6.0304],[7.8967,6.0415],[7.8923,6.0593],[7.8995,6.0723],[7.8987,6.1246],[7.8708,6.1537],[7.8782,6.1768],[7.8988,6.1709],[7.9197,6.151],[7.9331,6.1538],[7.9376,6.1348],[7.9567,6.1301],[7.976,6.142],[7.9809,6.188],[8.033,6.1979]]]}},{"type":"Feature","properties":{"state":"Ebonyi","lga":"Ikwo"},"geometry":{"type":"Polygon","coordinates":[[[8.1695,5.9993],[8.1071,5.9669],[8.0854,5.9334],[8.0491,6.0012],[8.0108,6.0052],[8.0068,6.0343],[8.0451,6.0463],[8.0629,6.0612],[8.0632,6.0707],[8.0457,6.0878],[8.0954,6.0902],[8.1186,6.1013],[8.1434,6.1336],[8.1483,6.1682],[8.1794,6.1616],[8.224,6.1862],[8.2615,6.1911],[8.2937,6.2149],[8.3172,6.2092],[8.3234,6.1788],[8.2738,6.1065],[8.2722,6.0645],[8.2612,6.0273],[8.2476,6.0125],[8.2123,6.033],[8.1876,6.0306],[8.1695,5.9993]]]}},{"type":"Feature","properties":{"state":"Ebonyi","lga":"Ishielu"},"geometry":{"type":"Polygon","coordinates":[[[7.8277,6.6303],[7.8251,6.6156],[7.8355,6.5908],[7.9157,6.5249],[7.9268,6.4087],[7.9211,6.3395],[7.8955,6.2251],[7.8727,6.1994],[7.8026,6.2316],[7.7757,6.2359],[7.7116,6.2258],[7.7079,6.2525],[7.6904,6.2699],[7.6908,6.2897],[7.735,6.3885],[7.7352,6.4825],[7.7246,6.5011],[7.7186,6.5542],[7.6947,6.6334],[7.7988,6.6245],[7.8277,6.6303]]]}},{"type":"Feature","properties":{"state":"Ebonyi","lga":"Ivo"},"geometry":{"type":"Polygon","coordinates":[[[7.6664,5.8183],[7.5418,5.8278],[7.5266,5.8444],[7.5336,5.973],[7.5922,5.9893],[7.6243,5.9618],[7.6368,5.9604],[7.6709,5.9197],[7.6986,5.9193],[7.7274,5.9077],[7.7088,5.8626],[7.6664,5.8183]]]}},{"type":"Feature","properties":{"state":"Ebonyi","lga":"Izzi"},"geometry":{"type":"Polygon","coordinates":[[[8.1381,6.7389],[8.1511,6.7589],[8.2061,6.7649],[8.2226,6.8022],[8.2509,6.7812],[8.2566,6.7347],[8.2789,6.6859],[8.292,6.6756],[8.3,6.629],[8.3321,6.5867],[8.3757,6.5564],[8.3838,6.5288],[8.4045,6.5107],[8.4028,6.4794],[8.423,6.4423],[8.4402,6.4331],[8.4441,6.4161],[8.4307,6.3887],[8.3953,6.3826],[8.3685,6.3563],[8.3766,6.316],[8.3541,6.3091],[8.3208,6.3177],[8.1893,6.2909],[8.1703,6.3023],[8.1539,6.4678],[8.1736,6.6184],[8.1594,6.6986],[8.1381,6.7389]]]}},{"type":"Feature","properties":{"state":"Ebonyi","lga":"Ohaozara"},"geometry":{"type":"Polygon","coordinates":[[[7.9173,5.959],[7.9104,5.947],[7.87,5.9475],[7.8533,5.934],[7.8124,5.9533],[7.8008,5.9316],[7.778,5.9366],[7.7374,5.9094],[7.6829,5.9191],[7.694,5.9486],[7.6804,5.9892],[7.6778,6.0318],[7.7108,6.0674],[7.7855,6.0542],[7.8933,6.0049],[7.9173,5.959]]]}},{"type":"Feature","properties":{"state":"Ebonyi","lga":"Ohaukwu"},"geometry":{"type":"Polygon","coordinates":[[[7.9157,6.5249],[7.929,6.5193],[7.9518,6.5288],[7.9678,6.562],[7.988,6.695],[8.0691,6.6993],[8.0913,6.6055],[8.094,6.5455],[8.0624,6.4306],[8.0437,6.4056],[8.0225,6.35],[8.0215,6.3186],[7.9797,6.3521],[7.9463,6.3545],[7.921,6.3392],[7.9268,6.4087],[7.9157,6.5249]]]}},{"type":"Feature","properties":{"state":"Ebonyi","lga":"Onicha"},"geometry":{"type":"Polygon","coordinates":[[[8.0108,6.0052],[7.9629,5.9858],[7.9599,5.9699],[7.9668,5.9606],[7.9239,5.9537],[7.8858,6.0099],[7.7855,6.0542],[7.7108,6.0674],[7.7339,6.1039],[7.7116,6.2258],[7.7757,6.2359],[7.8182,6.2262],[7.8695,6.2021],[7.8786,6.1787],[7.8708,6.1537],[7.8987,6.1246],[7.8967,6.0415],[7.9177,6.0296],[7.9542,6.0444],[7.9912,6.0408],[8.0108,6.0052]]]}},{"type":"Feature","properties":{"state":"Edo","lga":"Akoko-Ed"},"geometry":{"type":"Polygon","coordinates":[[[6.2364,7.1909],[6.1974,7.1251],[6.1706,7.1037],[6.1526,7.1033],[6.1548,7.1132],[6.1264,7.169],[6.0688,7.1879],[6.0453,7.2291],[5.9614,7.2082],[5.9375,7.2298],[5.8906,7.2493],[5.9447,7.2847],[5.9678,7.3417],[5.9484,7.3863],[5.9626,7.4329],[5.93,7.4462],[5.9235,7.4597],[5.9264,7.482],[5.9493,7.5097],[5.9744,7.5075],[5.9889,7.5171],[6.0284,7.5734],[6.0409,7.5631],[6.0691,7.5691],[6.0804,7.5633],[6.085,7.5524],[6.0788,7.538],[6.0862,7.5275],[6.1214,7.5315],[6.1258,7.5187],[6.1103,7.4888],[6.1066,7.4577],[6.1112,7.4408],[6.1285,7.4282],[6.163,7.4196],[6.2589,7.4669],[6.2842,7.433],[6.2946,7.4342],[6.315,7.4115],[6.3327,7.404],[6.3464,7.3809],[6.3888,7.3798],[6.3541,7.3427],[6.3278,7.3273],[6.323,7.3122],[6.2778,7.3424],[6.2463,7.3471],[6.2378,7.3392],[6.2465,7.3029],[6.2364,7.1909]]]}},{"type":"Feature","properties":{"state":"Edo","lga":"Egor"},"geometry":{"type":"Polygon","coordinates":[[[5.6255,6.4062],[5.6183,6.3533],[5.5418,6.3067],[5.5007,6.2712],[5.491,6.3189],[5.5473,6.3912],[5.5685,6.4047],[5.6046,6.3997],[5.6255,6.4062]]]}},{"type":"Feature","properties":{"state":"Edo","lga":"EsanCent"},"geometry":{"type":"Polygon","coordinates":[[[6.3587,6.7971],[6.3503,6.7495],[6.2134,6.7251],[6.2425,6.6327],[6.1962,6.6042],[6.1826,6.5753],[6.1144,6.5705],[6.1157,6.5795],[6.1616,6.6061],[6.1643,6.6312],[6.1447,6.7],[6.1896,6.7407],[6.1914,6.7923],[6.2136,6.7953],[6.2261,6.8233],[6.2427,6.7868],[6.2517,6.7843],[6.2925,6.8113],[6.3587,6.7971]]]}},{"type":"Feature","properties":{"state":"Edo","lga":"EsanNort"},"geometry":{"type":"Polygon","coordinates":[[[6.2425,6.6327],[6.2134,6.7251],[6.3503,6.7495],[6.3587,6.7971],[6.3869,6.8021],[6.3986,6.8127],[6.4252,6.8581],[6.4707,6.91],[6.4754,6.8969],[6.4985,6.8813],[6.5083,6.859],[6.5107,6.8265],[6.5032,6.819],[6.5097,6.779],[6.4514,6.7667],[6.4427,6.7714],[6.413,6.7599],[6.4165,6.7025],[6.3589,6.6947],[6.3145,6.6469],[6.2647,6.647],[6.2425,6.6327]]]}},{"type":"Feature","properties":{"state":"Edo","lga":"EsanSout"},"geometry":{"type":"Polygon","coordinates":[[[6.6644,6.5275],[6.6352,6.4899],[6.569,6.4961],[6.5267,6.4899],[6.3765,6.4004],[6.267,6.3601],[6.2816,6.3806],[6.283,6.3988],[6.2659,6.4097],[6.2735,6.4651],[6.2525,6.4942],[6.2637,6.5436],[6.3105,6.5677],[6.3255,6.5863],[6.3284,6.6192],[6.3209,6.6503],[6.3493,6.6896],[6.3855,6.7019],[6.3984,6.6961],[6.4165,6.7025],[6.4097,6.754],[6.4314,6.7684],[6.5204,6.7798],[6.535,6.7699],[6.5546,6.7693],[6.6238,6.7781],[6.6106,6.6993],[6.6249,6.6573],[6.6477,6.6249],[6.6644,6.5275]]]}},{"type":"Feature","properties":{"state":"Edo","lga":"EsanWest"},"geometry":{"type":"Polygon","coordinates":[[[6.2261,6.8233],[6.2136,6.7953],[6.1873,6.7854],[6.1861,6.735],[6.1447,6.7],[6.1643,6.6312],[6.1616,6.6061],[6.1122,6.5736],[6.1826,6.5753],[6.1787,6.5494],[6.1884,6.5377],[6.189,6.5004],[6.1784,6.4867],[6.1111,6.4805],[6.0831,6.4623],[6.0453,6.5452],[6.046,6.5731],[6.0599,6.5943],[6.0625,6.6693],[5.9878,6.755],[6.0283,6.7662],[6.0956,6.8033],[6.2155,6.8292],[6.2261,6.8233]]]}},{"type":"Feature","properties":{"state":"Edo","lga":"Etsako Central"},"geometry":{"type":"Polygon","coordinates":[[[6.5097,6.779],[6.5043,6.8715],[6.4754,6.8969],[6.4618,6.9218],[6.4339,6.9402],[6.4067,6.9423],[6.3615,6.9249],[6.3466,6.9339],[6.3546,6.9731],[6.3822,6.9957],[6.3915,7.0135],[6.3584,7.0374],[6.3572,7.0455],[6.3998,7.0853],[6.394,7.1485],[6.4622,7.1481],[6.4846,7.1348],[6.518,7.0731],[6.5096,7.0132],[6.5302,6.9911],[6.5807,6.9735],[6.6708,6.9596],[6.6399,6.8804],[6.605,6.8231],[6.6257,6.7883],[6.6238,6.7781],[6.5546,6.7693],[6.5097,6.779]]]}},{"type":"Feature","properties":{"state":"Edo","lga":"EtsakoEa"},"geometry":{"type":"Polygon","coordinates":[[[6.2364,7.1909],[6.2465,7.3029],[6.2378,7.3392],[6.2463,7.3471],[6.2778,7.3424],[6.323,7.3122],[6.3278,7.3273],[6.3541,7.3427],[6.3963,7.3863],[6.4453,7.3852],[6.4625,7.3529],[6.4636,7.3333],[6.4773,7.3233],[6.4851,7.2953],[6.497,7.2863],[6.4932,7.2781],[6.5038,7.2518],[6.5643,7.2653],[6.5714,7.2592],[6.595,7.2752],[6.6251,7.2818],[6.6533,7.259],[6.6623,7.2249],[6.6858,7.2074],[6.6984,7.1749],[6.701,7.12],[6.6697,7.0254],[6.6708,6.9596],[6.5626,6.9782],[6.517,7.0013],[6.5096,7.0132],[6.518,7.0731],[6.4741,7.1449],[6.3877,7.1491],[6.2364,7.1909]]]}},{"type":"Feature","properties":{"state":"Edo","lga":"EtsakoWe"},"geometry":{"type":"Polygon","coordinates":[[[6.1767,7.1069],[6.2123,7.1426],[6.2364,7.1909],[6.394,7.1485],[6.3998,7.0853],[6.3572,7.0455],[6.3584,7.0374],[6.3915,7.0135],[6.3822,6.9957],[6.3546,6.9731],[6.3466,6.9339],[6.3615,6.9249],[6.4067,6.9423],[6.4339,6.9402],[6.4707,6.91],[6.3869,6.8021],[6.3684,6.796],[6.2925,6.8113],[6.2517,6.7843],[6.2427,6.7868],[6.2349,6.8155],[6.2155,6.8292],[6.1412,6.8116],[6.18,6.9045],[6.1862,6.9479],[6.1767,7.1069]]]}},{"type":"Feature","properties":{"state":"Edo","lga":"Igueben"},"geometry":{"type":"Polygon","coordinates":[[[6.2691,6.3556],[6.2495,6.3442],[6.2042,6.4015],[6.1512,6.4054],[6.1237,6.4019],[6.111,6.3901],[6.0893,6.4311],[6.0831,6.4623],[6.1111,6.4805],[6.1784,6.4867],[6.1914,6.5082],[6.1849,6.5184],[6.1884,6.5377],[6.1787,6.5494],[6.1962,6.6042],[6.2647,6.647],[6.3209,6.6503],[6.3284,6.6192],[6.3255,6.5863],[6.3105,6.5677],[6.2698,6.5511],[6.2564,6.5216],[6.2525,6.4942],[6.2735,6.4651],[6.264,6.4185],[6.283,6.3988],[6.2691,6.3556]]]}},{"type":"Feature","properties":{"state":"Edo","lga":"Ikpoba-Okha"},"geometry":{"type":"Polygon","coordinates":[[[5.7229,6.0082],[5.6721,6.0283],[5.6457,6.05],[5.563,6.02],[5.5331,5.9815],[5.5046,5.988],[5.4679,6.02],[5.4456,6.0248],[5.4024,6.0166],[5.4288,6.0899],[5.4803,6.0859],[5.503,6.1094],[5.5457,6.1967],[5.587,6.2069],[5.6024,6.2225],[5.5986,6.3134],[5.625,6.3461],[5.6181,6.3539],[5.6255,6.4062],[5.6655,6.3968],[5.6938,6.324],[5.7459,6.307],[5.7972,6.2425],[5.7964,6.2197],[5.768,6.2165],[5.7387,6.2006],[5.7274,6.1768],[5.7211,6.1115],[5.7015,6.0978],[5.6998,6.0824],[5.7229,6.0082]]]}},{"type":"Feature","properties":{"state":"Edo","lga":"Oredo Edo"},"geometry":{"type":"Polygon","coordinates":[[[5.5007,6.2712],[5.5975,6.3438],[5.625,6.3507],[5.5986,6.3134],[5.6058,6.2466],[5.5989,6.2164],[5.5457,6.1967],[5.503,6.1094],[5.4803,6.0859],[5.4288,6.0899],[5.4653,6.217],[5.5007,6.2712]]]}},{"type":"Feature","properties":{"state":"Edo","lga":"Orhionmw"},"geometry":{"type":"Polygon","coordinates":[[[5.8948,5.7772],[5.8689,5.8032],[5.9018,5.8684],[5.8942,5.8819],[5.8311,5.9199],[5.7988,5.9657],[5.7229,6.0082],[5.6999,6.0886],[5.7015,6.0978],[5.7211,6.1115],[5.7353,6.1947],[5.7592,6.2132],[5.7964,6.2197],[5.7942,6.2534],[5.8558,6.2417],[5.9241,6.242],[5.9835,6.3066],[6.0564,6.3363],[6.1237,6.4019],[6.2042,6.4015],[6.2495,6.3442],[6.1926,6.2771],[6.1822,6.2764],[6.1405,6.3401],[6.1063,6.3533],[6.0831,6.3429],[6.0635,6.3183],[6.0517,6.2553],[6.0582,6.2432],[6.0817,6.2301],[6.0904,6.1522],[6.1232,6.0942],[6.1852,6.0315],[6.2212,6.0185],[6.2259,5.9902],[6.2146,5.9378],[6.1634,5.8801],[6.1137,5.8473],[6.0766,5.7976],[6.0318,5.7654],[5.918,5.739],[5.8933,5.7419],[5.8835,5.7481],[5.8948,5.7772]]]}},{"type":"Feature","properties":{"state":"Edo","lga":"OviaNort"},"geometry":{"type":"Polygon","coordinates":[[[5.4024,6.0166],[5.3656,6.0171],[5.3463,6.0255],[5.3201,6.0156],[5.3191,5.999],[5.3335,5.9736],[5.3251,5.9565],[5.259,5.9043],[5.2322,5.9031],[5.2208,5.9843],[5.2324,6.0386],[5.2535,6.0586],[5.2525,6.0653],[5.2414,6.066],[5.2375,6.081],[5.2509,6.1211],[5.2658,6.1303],[5.2895,6.1287],[5.3124,6.1468],[5.3281,6.1762],[5.3145,6.2226],[5.3567,6.264],[5.4007,6.2589],[5.4327,6.3252],[5.413,6.3469],[5.4076,6.4113],[5.4109,6.429],[5.4343,6.45],[5.4385,6.4829],[5.4485,6.4998],[5.4563,6.498],[5.4613,6.5228],[5.3977,6.588],[5.3858,6.6315],[5.3505,6.7058],[5.3554,6.7246],[5.3923,6.7678],[5.4251,6.8693],[5.487,6.8754],[5.5135,6.8698],[5.5292,6.8564],[5.5396,6.8304],[5.5091,6.7998],[5.543,6.7115],[5.555,6.712],[5.6159,6.7631],[5.6375,6.7611],[5.6698,6.7315],[5.7131,6.7481],[5.722,6.7687],[5.7566,6.7805],[5.7633,6.7986],[5.8468,6.7858],[5.7446,6.5549],[5.6233,6.4551],[5.6117,6.4387],[5.6097,6.4127],[5.6244,6.407],[5.6046,6.3997],[5.5685,6.4047],[5.5473,6.3912],[5.4948,6.3269],[5.4902,6.3129],[5.5012,6.2692],[5.4653,6.217],[5.4024,6.0166]]]}},{"type":"Feature","properties":{"state":"Edo","lga":"OviaSouth-West"},"geometry":{"type":"Polygon","coordinates":[[[5.2324,6.0386],[5.2298,6.0548],[5.2029,6.0817],[5.1152,6.127],[5.1215,6.1456],[5.1016,6.1822],[5.0802,6.199],[5.055,6.2005],[5.0283,6.2481],[4.9857,6.2709],[4.9786,6.2856],[4.9827,6.2952],[4.9782,6.2881],[4.9832,6.297],[4.991,6.2994],[5.0065,6.358],[5.0159,6.368],[5.0635,6.3819],[5.0771,6.4424],[5.1053,6.4701],[5.1187,6.5017],[5.1245,6.5295],[5.1152,6.5529],[5.0927,6.5898],[5.0728,6.6],[5.0728,6.6459],[5.0858,6.6619],[5.0843,6.6977],[5.0921,6.7132],[5.1205,6.7393],[5.1277,6.756],[5.1556,6.7689],[5.1684,6.8056],[5.1838,6.8166],[5.1926,6.8608],[5.2282,6.877],[5.2625,6.8706],[5.2993,6.8767],[5.4251,6.8693],[5.3923,6.7678],[5.3554,6.7246],[5.3505,6.7058],[5.3858,6.6315],[5.3977,6.588],[5.4613,6.5228],[5.4563,6.498],[5.4485,6.4998],[5.4385,6.4829],[5.4343,6.45],[5.4109,6.429],[5.4076,6.4113],[5.413,6.3469],[5.4312,6.3185],[5.4007,6.2589],[5.3567,6.264],[5.3145,6.2226],[5.3254,6.1668],[5.2958,6.1319],[5.2658,6.1303],[5.2509,6.1211],[5.2375,6.081],[5.2414,6.066],[5.2525,6.0653],[5.2535,6.0586],[5.2324,6.0386]]]}},{"type":"Feature","properties":{"state":"Edo","lga":"Owan East"},"geometry":{"type":"Polygon","coordinates":[[[5.8906,7.2493],[5.9375,7.2298],[5.9614,7.2082],[6.0453,7.2291],[6.0688,7.1879],[6.1264,7.169],[6.1548,7.1132],[6.1526,7.1033],[6.1767,7.1069],[6.1862,6.9479],[6.18,6.9045],[6.1412,6.8116],[6.0956,6.8033],[6.0196,6.7645],[6.0138,6.8361],[5.9884,6.8363],[5.9646,6.9076],[5.9452,6.9312],[5.9432,6.9684],[5.962,7.016],[5.9555,7.0288],[5.8818,7.063],[5.8383,7.0706],[5.8244,7.0821],[5.8764,7.1991],[5.8755,7.2265],[5.8906,7.2493]]]}},{"type":"Feature","properties":{"state":"Edo","lga":"OwanWest"},"geometry":{"type":"Polygon","coordinates":[[[6.0196,6.7645],[5.9878,6.755],[5.9477,6.7736],[5.9122,6.773],[5.7696,6.7999],[5.7566,6.7805],[5.722,6.7687],[5.7375,6.8028],[5.7529,6.8828],[5.7761,6.8787],[5.7763,6.905],[5.7905,6.9133],[5.7689,6.9471],[5.7789,7.0219],[5.7989,7.0488],[5.8234,7.0606],[5.8294,7.0744],[5.8818,7.063],[5.9555,7.0288],[5.962,7.016],[5.9432,6.9684],[5.9452,6.9312],[5.9646,6.9076],[5.9884,6.8363],[6.0138,6.8361],[6.0196,6.7645]]]}},{"type":"Feature","properties":{"state":"Edo","lga":"Uhunmwonde"},"geometry":{"type":"Polygon","coordinates":[[[5.6655,6.3968],[5.6097,6.4127],[5.6117,6.4387],[5.6233,6.4551],[5.7559,6.5701],[5.8468,6.7858],[5.9707,6.7681],[6.0529,6.6868],[6.0652,6.6502],[6.0599,6.5943],[6.046,6.5731],[6.0453,6.5452],[6.111,6.3901],[6.0865,6.3588],[6.0564,6.3363],[5.9835,6.3066],[5.9311,6.2462],[5.8874,6.2396],[5.7911,6.2509],[5.7459,6.307],[5.6938,6.324],[5.6655,6.3968]]]}},{"type":"Feature","properties":{"state":"Ekiti","lga":"Ado-Ekiti"},"geometry":{"type":"Polygon","coordinates":[[[5.3022,7.5131],[5.1439,7.5934],[5.1126,7.5993],[5.1595,7.6314],[5.2079,7.6412],[5.2625,7.6686],[5.2965,7.671],[5.386,7.652],[5.365,7.6319],[5.361,7.6105],[5.3957,7.5995],[5.3951,7.5915],[5.3742,7.5702],[5.3685,7.5348],[5.3455,7.5149],[5.3022,7.5131]]]}},{"type":"Feature","properties":{"state":"Ekiti","lga":"Efon"},"geometry":{"type":"Polygon","coordinates":[[[4.9529,7.5368],[4.9185,7.6021],[4.9118,7.6416],[4.9073,7.6791],[4.9266,7.7433],[4.9182,7.773],[4.991,7.7274],[5.0025,7.7108],[5.0089,7.6748],[4.9984,7.6284],[4.9805,7.6073],[4.9529,7.5368]]]}},{"type":"Feature","properties":{"state":"Ekiti","lga":"EkitiEas"},"geometry":{"type":"Polygon","coordinates":[[[5.6638,7.6624],[5.6041,7.6667],[5.5757,7.6957],[5.6268,7.7445],[5.6391,7.7883],[5.6577,7.8211],[5.6715,7.822],[5.7013,7.7947],[5.8114,7.7561],[5.7869,7.7176],[5.7736,7.7128],[5.7495,7.7328],[5.7193,7.7266],[5.7057,7.6934],[5.6638,7.6624]]]}},{"type":"Feature","properties":{"state":"Ekiti","lga":"EkitiSouth-West"},"geometry":{"type":"Polygon","coordinates":[[[5.1126,7.5993],[5.1439,7.5934],[5.1959,7.5679],[5.1829,7.5531],[5.1654,7.4961],[5.1418,7.4792],[5.109,7.4368],[5.065,7.4383],[4.9915,7.4149],[4.9475,7.5381],[5.0025,7.5219],[5.0316,7.5234],[5.0665,7.5616],[5.0844,7.6222],[5.1126,7.5993]]]}},{"type":"Feature","properties":{"state":"Ekiti","lga":"EkitiWest"},"geometry":{"type":"Polygon","coordinates":[[[4.9529,7.5368],[4.9805,7.6073],[4.9984,7.6284],[5.0089,7.6748],[5.0025,7.7108],[4.991,7.7274],[4.9182,7.773],[4.9154,7.8111],[4.933,7.8571],[4.9493,7.8421],[4.9695,7.7959],[5.0047,7.7449],[5.0478,7.717],[5.0945,7.6641],[5.0721,7.576],[5.0442,7.5322],[5.0316,7.5234],[5.0025,7.5219],[4.9529,7.5368]]]}},{"type":"Feature","properties":{"state":"Ekiti","lga":"Emure/Ise/Orun"},"geometry":{"type":"Polygon","coordinates":[[[5.5041,7.5371],[5.537,7.5236],[5.5975,7.5258],[5.591,7.4845],[5.5583,7.4017],[5.5348,7.3636],[5.5091,7.3304],[5.4583,7.2951],[5.4275,7.3999],[5.4298,7.4434],[5.4653,7.4682],[5.4964,7.508],[5.5041,7.5371]]]}},{"type":"Feature","properties":{"state":"Ekiti","lga":"Gboyin"},"geometry":{"type":"Polygon","coordinates":[[[5.3455,7.5149],[5.3685,7.5348],[5.3742,7.5702],[5.3951,7.5915],[5.3957,7.5995],[5.361,7.6105],[5.365,7.6319],[5.3957,7.6624],[5.4094,7.6911],[5.4487,7.6556],[5.4804,7.6481],[5.5008,7.6544],[5.5187,7.6504],[5.5757,7.6957],[5.6041,7.6667],[5.6638,7.6624],[5.6237,7.6198],[5.5975,7.5258],[5.537,7.5236],[5.4973,7.5395],[5.4089,7.5189],[5.3455,7.5149]]]}},{"type":"Feature","properties":{"state":"Ekiti","lga":"Ido/Osi"},"geometry":{"type":"Polygon","coordinates":[[[5.1099,7.7488],[5.1161,7.816],[5.089,7.8914],[5.0745,7.9118],[5.119,7.9383],[5.1415,7.9321],[5.1645,7.9124],[5.2471,7.87],[5.2414,7.8439],[5.2529,7.7884],[5.2422,7.766],[5.1872,7.7602],[5.1566,7.7649],[5.1099,7.7488]]]}},{"type":"Feature","properties":{"state":"Ekiti","lga":"Ijero"},"geometry":{"type":"Polygon","coordinates":[[[5.0945,7.6641],[5.0478,7.717],[5.0047,7.7449],[4.9695,7.7959],[4.9493,7.8421],[4.933,7.8571],[4.9723,7.9038],[5.0275,7.9338],[5.0757,7.911],[5.1161,7.816],[5.1171,7.7782],[5.0945,7.6641]]]}},{"type":"Feature","properties":{"state":"Ekiti","lga":"Ikere"},"geometry":{"type":"Polygon","coordinates":[[[5.1959,7.5679],[5.2968,7.5152],[5.3033,7.4363],[5.2332,7.431],[5.109,7.4368],[5.1418,7.4792],[5.1654,7.4961],[5.1829,7.5531],[5.1959,7.5679]]]}},{"type":"Feature","properties":{"state":"Ekiti","lga":"Ikole"},"geometry":{"type":"Polygon","coordinates":[[[5.6577,7.8211],[5.6146,7.7272],[5.5969,7.7201],[5.5598,7.6772],[5.5187,7.6504],[5.4556,7.6524],[5.4168,7.6778],[5.3988,7.7384],[5.4032,7.7678],[5.4196,7.7975],[5.4092,7.8369],[5.4207,7.8634],[5.4204,7.8906],[5.4308,7.9015],[5.4091,7.93],[5.4133,7.9635],[5.3681,8.0212],[5.3766,8.0467],[5.4429,8.0681],[5.536,8.0696],[5.5184,8.0629],[5.5179,7.9939],[5.5268,7.9866],[5.5792,8.0134],[5.641,8.0207],[5.6635,8.0155],[5.6742,7.9911],[5.6361,7.9599],[5.608,7.9117],[5.6209,7.8503],[5.639,7.8281],[5.6577,7.8211]]]}},{"type":"Feature","properties":{"state":"Ekiti","lga":"Ilejemeje"},"geometry":{"type":"Polygon","coordinates":[[[5.2471,7.87],[5.1645,7.9124],[5.1415,7.9321],[5.1694,7.9474],[5.2051,7.9852],[5.2241,7.9717],[5.2698,7.9724],[5.2586,7.9281],[5.2591,7.8869],[5.2471,7.87]]]}},{"type":"Feature","properties":{"state":"Ekiti","lga":"Irepodun/Ifelodun"},"geometry":{"type":"Polygon","coordinates":[[[5.386,7.652],[5.2965,7.671],[5.2625,7.6686],[5.2079,7.6412],[5.1595,7.6314],[5.1126,7.5993],[5.0844,7.6222],[5.1052,7.6985],[5.1099,7.7488],[5.1566,7.7649],[5.2202,7.762],[5.2566,7.7717],[5.3618,7.7181],[5.4013,7.7205],[5.4094,7.6911],[5.386,7.652]]]}},{"type":"Feature","properties":{"state":"Ekiti","lga":"Ise/Orun"},"geometry":{"type":"Polygon","coordinates":[[[5.2968,7.5152],[5.4089,7.5189],[5.4525,7.5331],[5.4688,7.5292],[5.5041,7.5371],[5.4964,7.508],[5.4653,7.4682],[5.4298,7.4434],[5.4275,7.3999],[5.4583,7.2951],[5.4198,7.274],[5.383,7.2835],[5.3513,7.3921],[5.3283,7.4278],[5.3033,7.4363],[5.2968,7.5152]]]}},{"type":"Feature","properties":{"state":"Ekiti","lga":"Moba"},"geometry":{"type":"Polygon","coordinates":[[[5.1415,7.9321],[5.1121,7.9382],[5.0745,7.9118],[5.0275,7.9338],[5.0462,7.9607],[5.0641,8.0306],[5.0708,8.0334],[5.0806,8.0065],[5.0974,7.9986],[5.1573,8.0199],[5.1903,8.0074],[5.2051,7.9852],[5.2017,7.9763],[5.1415,7.9321]]]}},{"type":"Feature","properties":{"state":"Ekiti","lga":"Oye"},"geometry":{"type":"Polygon","coordinates":[[[5.2486,7.7728],[5.2524,7.8112],[5.2414,7.8439],[5.2591,7.8869],[5.2586,7.9281],[5.2698,7.9724],[5.2988,7.9654],[5.3304,7.9748],[5.3513,7.9659],[5.3706,8.0202],[5.4133,7.9635],[5.4091,7.93],[5.4308,7.9015],[5.4204,7.8906],[5.4207,7.8634],[5.4092,7.8369],[5.4196,7.7975],[5.4032,7.7678],[5.4013,7.7205],[5.3618,7.7181],[5.2749,7.7659],[5.2486,7.7728]]]}},{"type":"Feature","properties":{"state":"Enugu","lga":"Aninri"},"geometry":{"type":"Polygon","coordinates":[[[7.5336,5.973],[7.5284,5.9967],[7.4943,6.0183],[7.502,6.0843],[7.5527,6.1367],[7.6112,6.132],[7.6323,6.1112],[7.6483,6.0344],[7.6627,6.0242],[7.6646,6.0125],[7.6783,6.0068],[7.694,5.9486],[7.6827,5.9186],[7.6709,5.9197],[7.6368,5.9604],[7.6243,5.9618],[7.5922,5.9893],[7.5336,5.973]]]}},{"type":"Feature","properties":{"state":"Enugu","lga":"Awgu"},"geometry":{"type":"Polygon","coordinates":[[[7.4943,6.0183],[7.4514,6.0227],[7.3734,6.0083],[7.3705,6.0178],[7.3503,6.0235],[7.3675,6.0447],[7.3692,6.0649],[7.368,6.1336],[7.3576,6.1873],[7.3505,6.1892],[7.4242,6.3288],[7.4569,6.2618],[7.5527,6.1367],[7.502,6.0843],[7.4943,6.0183]]]}},{"type":"Feature","properties":{"state":"Enugu","lga":"Enugu East"},"geometry":{"type":"Polygon","coordinates":[[[7.6417,6.4795],[7.609,6.4848],[7.5,6.4745],[7.4411,6.4845],[7.4409,6.6024],[7.4723,6.6162],[7.5216,6.6163],[7.5282,6.6336],[7.5455,6.6382],[7.612,6.6129],[7.6313,6.5963],[7.6417,6.4795]]]}},{"type":"Feature","properties":{"state":"Enugu","lga":"Enugu North"},"geometry":{"type":"Polygon","coordinates":[[[7.4397,6.4859],[7.5,6.4745],[7.609,6.4848],[7.6418,6.4746],[7.6343,6.4494],[7.5809,6.3851],[7.5713,6.3867],[7.5738,6.3956],[7.552,6.4218],[7.4777,6.4131],[7.4646,6.4262],[7.4515,6.4262],[7.4302,6.4182],[7.4397,6.4859]]]}},{"type":"Feature","properties":{"state":"Enugu","lga":"EnuguSou"},"geometry":{"type":"Polygon","coordinates":[[[7.4302,6.4182],[7.4515,6.4262],[7.4646,6.4262],[7.4777,6.4131],[7.552,6.4218],[7.5738,6.3956],[7.5713,6.3867],[7.5565,6.3867],[7.5444,6.3626],[7.5243,6.3626],[7.4598,6.3787],[7.4558,6.3948],[7.4302,6.4182]]]}},{"type":"Feature","properties":{"state":"Enugu","lga":"Ezeagu"},"geometry":{"type":"Polygon","coordinates":[[[7.1317,6.2871],[7.1417,6.2898],[7.1466,6.3051],[7.1254,6.335],[7.11,6.3826],[7.0899,6.4145],[7.0692,6.4287],[7.0186,6.4418],[7.0123,6.4505],[7.0129,6.4638],[7.0465,6.4656],[7.0788,6.4795],[7.1283,6.5492],[7.1354,6.5233],[7.1947,6.4981],[7.2334,6.4949],[7.2771,6.4716],[7.3263,6.4217],[7.3422,6.4154],[7.3625,6.3759],[7.3472,6.3282],[7.2783,6.3061],[7.2449,6.2797],[7.2402,6.2609],[7.1973,6.2729],[7.1615,6.2701],[7.1317,6.2871]]]}},{"type":"Feature","properties":{"state":"Enugu","lga":"Igbo-Eti"},"geometry":{"type":"Polygon","coordinates":[[[7.5282,6.6336],[7.5216,6.6163],[7.4723,6.6162],[7.427,6.5992],[7.3777,6.6017],[7.349,6.6259],[7.3274,6.6276],[7.2634,6.6717],[7.2663,6.7019],[7.3079,6.7193],[7.3643,6.727],[7.4162,6.7588],[7.4464,6.7602],[7.5094,6.7128],[7.5138,6.6604],[7.5282,6.6336]]]}},{"type":"Feature","properties":{"state":"Enugu","lga":"Igbo-eze North"},"geometry":{"type":"Polygon","coordinates":[[[7.4937,7.0745],[7.4915,7.0659],[7.5375,6.9587],[7.4668,6.9043],[7.4025,6.9257],[7.3629,6.9856],[7.3448,7.0648],[7.3829,7.1005],[7.4364,7.1127],[7.4757,7.1005],[7.4937,7.0745]]]}},{"type":"Feature","properties":{"state":"Enugu","lga":"Igbo-eze South"},"geometry":{"type":"Polygon","coordinates":[[[7.3448,7.0648],[7.3629,6.9856],[7.3932,6.9323],[7.4553,6.905],[7.4815,6.9118],[7.437,6.8562],[7.4335,6.871],[7.4071,6.8929],[7.3212,6.9008],[7.301,6.9083],[7.2909,6.9241],[7.296,6.9862],[7.2912,7.0045],[7.2781,7.0137],[7.3089,7.0519],[7.3448,7.0648]]]}},{"type":"Feature","properties":{"state":"Enugu","lga":"Isi-Uzo"},"geometry":{"type":"Polygon","coordinates":[[[7.8541,6.8077],[7.8646,6.734],[7.8277,6.6303],[7.7988,6.6245],[7.6947,6.6334],[7.6985,6.6066],[7.6674,6.5963],[7.6313,6.5963],[7.612,6.6129],[7.5561,6.6367],[7.5224,6.6347],[7.5094,6.7128],[7.4464,6.7602],[7.4741,6.7712],[7.5519,6.7764],[7.568,6.7933],[7.5904,6.7863],[7.6311,6.7953],[7.6601,6.8519],[7.6876,6.8376],[7.7215,6.8495],[7.7571,6.8835],[7.8025,6.8779],[7.8271,6.8592],[7.8541,6.8077]]]}},{"type":"Feature","properties":{"state":"Enugu","lga":"Nkanu East"},"geometry":{"type":"Polygon","coordinates":[[[7.6985,6.6066],[7.7352,6.4825],[7.735,6.3885],[7.6908,6.2897],[7.6904,6.2699],[7.7079,6.2525],[7.7339,6.1039],[7.721,6.076],[7.6778,6.0318],[7.6783,6.0068],[7.6646,6.0125],[7.6627,6.0242],[7.6483,6.0344],[7.6323,6.1112],[7.6235,6.1226],[7.5893,6.1379],[7.5506,6.1374],[7.478,6.2334],[7.544,6.227],[7.5732,6.2357],[7.5973,6.2608],[7.5956,6.3116],[7.5705,6.3596],[7.5805,6.3644],[7.5816,6.3876],[7.6393,6.4585],[7.6439,6.4877],[7.6313,6.5963],[7.6674,6.5963],[7.6985,6.6066]]]}},{"type":"Feature","properties":{"state":"Enugu","lga":"Nkanu West"},"geometry":{"type":"Polygon","coordinates":[[[7.478,6.2334],[7.4407,6.2884],[7.4135,6.363],[7.4303,6.4162],[7.4558,6.3948],[7.4598,6.3787],[7.5243,6.3626],[7.5444,6.3626],[7.5565,6.3867],[7.5809,6.3851],[7.5805,6.3644],[7.5705,6.3596],[7.5956,6.3116],[7.5995,6.2779],[7.5881,6.2456],[7.544,6.227],[7.478,6.2334]]]}},{"type":"Feature","properties":{"state":"Enugu","lga":"Nsukka"},"geometry":{"type":"Polygon","coordinates":[[[7.4741,6.7712],[7.4162,6.7588],[7.3643,6.727],[7.3079,6.7193],[7.3102,6.7371],[7.278,6.7732],[7.2838,6.8298],[7.2752,6.8536],[7.2177,6.8816],[7.1768,6.9116],[7.2091,6.932],[7.2781,7.0137],[7.2842,7.0109],[7.296,6.9862],[7.2894,6.9347],[7.301,6.9083],[7.3601,6.8944],[7.3837,6.8993],[7.4071,6.8929],[7.4335,6.871],[7.4405,6.8356],[7.5259,6.8197],[7.5356,6.8101],[7.5543,6.8079],[7.568,6.7933],[7.5519,6.7764],[7.4741,6.7712]]]}},{"type":"Feature","properties":{"state":"Enugu","lga":"Oji-River"},"geometry":{"type":"Polygon","coordinates":[[[7.1386,6.2248],[7.127,6.2367],[7.1351,6.2629],[7.1281,6.275],[7.1317,6.2871],[7.1615,6.2701],[7.1973,6.2729],[7.2441,6.2597],[7.2735,6.2331],[7.2925,6.1863],[7.3199,6.1971],[7.3576,6.1873],[7.368,6.1336],[7.3692,6.0649],[7.3597,6.0292],[7.3504,6.0238],[7.342,6.0397],[7.3153,6.0455],[7.2885,6.03],[7.2499,6.0526],[7.2044,6.1542],[7.2101,6.1889],[7.1885,6.1992],[7.179,6.2409],[7.1691,6.2429],[7.1386,6.2248]]]}},{"type":"Feature","properties":{"state":"Enugu","lga":"Udenu"},"geometry":{"type":"Polygon","coordinates":[[[7.5375,6.9587],[7.5825,6.9068],[7.6601,6.8519],[7.6311,6.7953],[7.5745,6.7866],[7.5543,6.8079],[7.5356,6.8101],[7.5259,6.8197],[7.4383,6.8387],[7.437,6.8562],[7.4815,6.9118],[7.5375,6.9587]]]}},{"type":"Feature","properties":{"state":"Enugu","lga":"Udi"},"geometry":{"type":"Polygon","coordinates":[[[7.4242,6.3288],[7.3505,6.1892],[7.3199,6.1971],[7.2925,6.1863],[7.2735,6.2331],[7.2382,6.263],[7.2407,6.2733],[7.2783,6.3061],[7.3472,6.3282],[7.3596,6.3557],[7.3608,6.3837],[7.3422,6.4154],[7.3263,6.4217],[7.2641,6.4805],[7.2334,6.4949],[7.1947,6.4981],[7.1354,6.5233],[7.1283,6.5492],[7.1396,6.6119],[7.1655,6.6465],[7.2074,6.6709],[7.2544,6.6664],[7.2634,6.6717],[7.3274,6.6276],[7.349,6.6259],[7.3777,6.6017],[7.4409,6.6024],[7.4375,6.4633],[7.427,6.4004],[7.412,6.3718],[7.4242,6.3288]]]}},{"type":"Feature","properties":{"state":"Enugu","lga":"Uzo-Uwani"},"geometry":{"type":"Polygon","coordinates":[[[6.9152,6.711],[6.913,6.7696],[6.9059,6.7762],[6.9433,6.8533],[6.9647,6.8529],[6.9676,6.8162],[6.9796,6.8154],[7.001,6.7829],[7.021,6.7784],[7.0443,6.7944],[7.1125,6.8698],[7.1768,6.9116],[7.2177,6.8816],[7.2752,6.8536],[7.2838,6.8298],[7.278,6.7732],[7.3102,6.7371],[7.3118,6.7235],[7.2663,6.7019],[7.2611,6.6677],[7.2074,6.6709],[7.1655,6.6465],[7.1396,6.6119],[7.1313,6.5563],[7.096,6.4986],[7.0788,6.4795],[7.0382,6.4636],[7.0129,6.4638],[7.0292,6.5019],[7.0253,6.5174],[7.0947,6.5933],[7.115,6.649],[7.1092,6.6618],[7.0489,6.6893],[7.0157,6.6906],[6.9763,6.7134],[6.9152,6.711]]]}},{"type":"Feature","properties":{"state":"Federal Capital Territory","lga":"Abaji"},"geometry":{"type":"Polygon","coordinates":[[[6.9632,9.2324],[6.9212,9.2093],[6.9083,9.1774],[6.8709,9.1683],[6.8598,9.1447],[6.8294,9.1306],[6.8231,9.1095],[6.8508,9.0872],[6.8559,9.0707],[6.8382,9.0344],[6.8549,8.9987],[6.8473,8.9648],[6.8555,8.9168],[6.8408,8.8359],[6.7892,8.767],[6.7941,8.6978],[6.7824,8.6632],[6.7905,8.6471],[6.7813,8.6189],[6.7916,8.5602],[6.9091,8.5357],[6.9416,8.5084],[6.9598,8.5026],[6.9733,8.4814],[6.9834,8.4805],[6.9839,8.4524],[6.9692,8.4109],[6.9555,8.4043],[6.8054,8.4034],[6.7825,8.411],[6.751,8.4899],[6.7585,8.5119],[6.7463,8.9975],[6.7521,9.2167],[6.801,9.2281],[6.9632,9.2324]]]}},{"type":"Feature","properties":{"state":"Federal Capital Territory","lga":"AbujaMun"},"geometry":{"type":"Polygon","coordinates":[[[7.0729,8.901],[7.061,8.9105],[7.0662,8.9226],[7.1574,9.0434],[7.164,9.0976],[7.1892,9.0901],[7.2052,9.0947],[7.2946,9.1549],[7.3268,9.1529],[7.3588,9.1368],[7.4652,9.1154],[7.4971,9.0891],[7.511,9.0486],[7.5391,9.0458],[7.5574,9.0585],[7.5657,9.0207],[7.5568,8.9083],[7.5247,8.8237],[7.5002,8.6959],[7.4875,8.6901],[7.4711,8.6392],[7.4578,8.6305],[7.4296,8.625],[7.4118,8.6373],[7.4809,8.7002],[7.5004,8.7533],[7.4623,8.7632],[7.4528,8.8039],[7.317,8.808],[7.2729,8.8201],[7.1411,8.8875],[7.0729,8.901]]]}},{"type":"Feature","properties":{"state":"Federal Capital Territory","lga":"Bwari"},"geometry":{"type":"Polygon","coordinates":[[[7.5574,9.0585],[7.5391,9.0458],[7.511,9.0486],[7.4971,9.0891],[7.4652,9.1154],[7.3588,9.1368],[7.3268,9.1529],[7.2946,9.1549],[7.2052,9.0947],[7.1892,9.0901],[7.1703,9.0993],[7.3088,9.2974],[7.4097,9.3076],[7.4614,9.3025],[7.486,9.2889],[7.5043,9.3024],[7.5334,9.3512],[7.5506,9.3599],[7.5679,9.3529],[7.5916,9.303],[7.6069,9.2981],[7.6258,9.3107],[7.6285,9.2911],[7.6179,9.2617],[7.6012,9.2606],[7.5928,9.2508],[7.5644,9.1662],[7.5574,9.0585]]]}},{"type":"Feature","properties":{"state":"Federal Capital Territory","lga":"Gwagwala"},"geometry":{"type":"Polygon","coordinates":[[[6.8548,8.914],[6.8473,8.9648],[6.8549,8.9987],[6.8382,9.0344],[6.8546,9.0801],[6.8231,9.1095],[6.8294,9.1306],[6.8598,9.1447],[6.8709,9.1683],[6.9149,9.1835],[6.9212,9.2093],[6.979,9.2357],[7.0075,9.2256],[7.1459,9.099],[7.164,9.0976],[7.1574,9.0434],[7.0662,8.9226],[7.061,8.9105],[7.0729,8.901],[7.0665,8.8941],[7.0155,8.8929],[6.9919,8.9204],[6.9051,8.8993],[6.8733,8.9022],[6.8548,8.914]]]}},{"type":"Feature","properties":{"state":"Federal Capital Territory","lga":"Kuje"},"geometry":{"type":"Polygon","coordinates":[[[6.9692,8.4109],[6.9852,8.4752],[6.9675,8.4904],[6.9876,8.5138],[7.0002,8.5461],[7.0556,8.5783],[7.0889,8.6151],[7.1002,8.641],[7.0798,8.6922],[7.0803,8.724],[7.0961,8.7452],[7.163,8.774],[7.1615,8.7959],[7.1428,8.8246],[7.1106,8.8401],[7.0819,8.8784],[7.0597,8.892],[7.0729,8.901],[7.1411,8.8875],[7.2729,8.8201],[7.317,8.808],[7.4493,8.8056],[7.4623,8.7632],[7.5004,8.7533],[7.4809,8.7002],[7.4118,8.6373],[7.4296,8.625],[7.4711,8.6392],[7.3921,8.5348],[7.2797,8.4763],[7.2048,8.4591],[7.1579,8.4398],[6.9692,8.4109]]]}},{"type":"Feature","properties":{"state":"Federal Capital Territory","lga":"Kwali"},"geometry":{"type":"Polygon","coordinates":[[[6.9675,8.4904],[6.9598,8.5026],[6.8926,8.5436],[6.8548,8.5435],[6.7916,8.5602],[6.7813,8.6189],[6.7905,8.6471],[6.7824,8.6632],[6.7941,8.6978],[6.7892,8.767],[6.8408,8.8359],[6.8541,8.9145],[6.8733,8.9022],[6.9051,8.8993],[6.9919,8.9204],[7.0155,8.8929],[7.0597,8.892],[7.0819,8.8784],[7.1106,8.8401],[7.1428,8.8246],[7.1651,8.7862],[7.1513,8.7641],[7.1075,8.7514],[7.0865,8.7345],[7.0786,8.7171],[7.0798,8.6922],[7.1002,8.641],[7.0889,8.6151],[7.0556,8.5783],[7.0002,8.5461],[6.9876,8.5138],[6.9675,8.4904]]]}},{"type":"Feature","properties":{"state":"Gombe","lga":"Akko"},"geometry":{"type":"Polygon","coordinates":[[[10.9979,9.8375],[10.9814,9.8829],[10.8337,9.9963],[10.7933,10.0189],[10.724,10.0891],[10.7187,10.115],[10.7398,10.1456],[10.772,10.1602],[10.8349,10.1703],[10.8484,10.1985],[10.8419,10.2443],[10.8497,10.3824],[10.8347,10.4214],[10.9362,10.4171],[11.0339,10.4305],[11.0719,10.4072],[11.0777,10.394],[11.1233,10.3561],[11.1927,10.3294],[11.2247,10.3015],[11.2763,10.2905],[11.2914,10.2797],[11.3497,10.1528],[11.5021,10.0746],[11.5716,10.0262],[11.5356,9.986],[11.5029,9.9786],[11.4203,10.0343],[11.3665,10.0303],[11.3415,10.0392],[11.2142,10.0381],[11.1113,9.9469],[11.053,9.8715],[10.9979,9.8375]]]}},{"type":"Feature","properties":{"state":"Gombe","lga":"Balanga"},"geometry":{"type":"Polygon","coordinates":[[[11.9456,10.0448],[11.9345,9.8809],[11.9429,9.8216],[11.9252,9.7843],[11.6804,9.6295],[11.6261,9.6065],[11.4787,9.5864],[11.3949,9.5844],[11.4118,9.6868],[11.4529,9.7358],[11.4887,9.7512],[11.5714,9.7407],[11.6551,9.7666],[11.692,9.8048],[11.718,9.8499],[11.723,9.868],[11.6759,9.8946],[11.6255,9.9565],[11.6164,9.9818],[11.6139,10.0641],[11.6544,10.0849],[11.7465,10.1121],[11.8512,10.1095],[11.8824,10.08],[11.9456,10.0448]]]}},{"type":"Feature","properties":{"state":"Gombe","lga":"Billiri"},"geometry":{"type":"Polygon","coordinates":[[[11.0198,9.7053],[11.0112,9.7229],[10.9979,9.8375],[11.053,9.8715],[11.1113,9.9469],[11.2142,10.0381],[11.4257,10.0324],[11.4045,10.0101],[11.3428,9.9794],[11.3061,9.9512],[11.3003,9.939],[11.315,9.891],[11.3078,9.8688],[11.2697,9.8359],[11.2502,9.7984],[11.1989,9.7631],[11.1359,9.7466],[11.0847,9.7175],[11.0198,9.7053]]]}},{"type":"Feature","properties":{"state":"Gombe","lga":"Dukku"},"geometry":{"type":"Polygon","coordinates":[[[10.5371,10.7331],[10.5954,10.814],[10.6375,10.9326],[10.6533,11.0115],[10.6754,11.0438],[10.6987,11.0655],[10.786,11.0918],[10.8184,11.1197],[10.86,11.1787],[10.9576,11.231],[10.9756,11.2552],[11.064,11.0046],[11.0645,10.9708],[11.0815,10.9243],[11.1117,10.88],[11.1611,10.8645],[11.1973,10.8426],[11.191,10.7459],[11.1724,10.6934],[11.0477,10.706],[11.0386,10.6969],[11.021,10.6486],[11.006,10.5543],[11.0162,10.4315],[10.9362,10.4171],[10.8347,10.4214],[10.8161,10.4613],[10.6998,10.5032],[10.6855,10.5216],[10.6714,10.636],[10.6531,10.6632],[10.5338,10.711],[10.5371,10.7331]]]}},{"type":"Feature","properties":{"state":"Gombe","lga":"Funakaye"},"geometry":{"type":"Polygon","coordinates":[[[11.1759,10.7057],[11.191,10.7459],[11.1983,10.8065],[11.1973,10.8426],[11.1903,10.847],[11.1975,10.8546],[11.3161,10.9164],[11.3922,10.9705],[11.4809,10.9958],[11.5234,11.0261],[11.5828,10.9722],[11.5937,10.8945],[11.5743,10.7052],[11.582,10.6564],[11.5606,10.6601],[11.5064,10.645],[11.4298,10.6514],[11.3253,10.6319],[11.1759,10.7057]]]}},{"type":"Feature","properties":{"state":"Gombe","lga":"Gombe"},"geometry":{"type":"Polygon","coordinates":[[[11.2599,10.2924],[11.2247,10.3015],[11.2122,10.3146],[11.2472,10.3362],[11.2599,10.2924]]]}},{"type":"Feature","properties":{"state":"Gombe","lga":"Kaltungo"},"geometry":{"type":"Polygon","coordinates":[[[11.4257,10.0324],[11.5029,9.9786],[11.5356,9.986],[11.6139,10.0641],[11.6164,9.9818],[11.6255,9.9565],[11.6759,9.8946],[11.723,9.868],[11.7078,9.8291],[11.667,9.7764],[11.5714,9.7407],[11.4887,9.7512],[11.4529,9.7358],[11.4347,9.7145],[11.4096,9.7311],[11.3902,9.7764],[11.3007,9.857],[11.315,9.891],[11.3003,9.939],[11.3428,9.9794],[11.4045,10.0101],[11.4257,10.0324]]]}},{"type":"Feature","properties":{"state":"Gombe","lga":"Kwami"},"geometry":{"type":"Polygon","coordinates":[[[11.2122,10.3146],[11.1747,10.3379],[11.1233,10.3561],[11.0777,10.394],[11.0719,10.4072],[11.0339,10.4305],[11.0162,10.4315],[11.006,10.5543],[11.021,10.6486],[11.0477,10.706],[11.1724,10.6934],[11.1759,10.7057],[11.3253,10.6319],[11.4298,10.6514],[11.5064,10.645],[11.5606,10.6601],[11.582,10.6564],[11.5902,10.5965],[11.574,10.5891],[11.5497,10.5974],[11.5198,10.5735],[11.5086,10.5504],[11.4768,10.5285],[11.4424,10.4828],[11.3954,10.4579],[11.3735,10.4301],[11.2785,10.3502],[11.2122,10.3146]]]}},{"type":"Feature","properties":{"state":"Gombe","lga":"Nafada"},"geometry":{"type":"Polygon","coordinates":[[[10.9756,11.2552],[11.0013,11.291],[11.0289,11.3089],[11.0963,11.333],[11.1616,11.3302],[11.2097,11.3141],[11.2878,11.2667],[11.382,11.1936],[11.4589,11.0915],[11.514,11.0345],[11.4809,10.9958],[11.3922,10.9705],[11.3161,10.9164],[11.1903,10.847],[11.1117,10.88],[11.0815,10.9243],[11.0645,10.9708],[11.064,11.0046],[10.9756,11.2552]]]}},{"type":"Feature","properties":{"state":"Gombe","lga":"Shomgom"},"geometry":{"type":"Polygon","coordinates":[[[11.0687,9.5864],[11.0781,9.589],[11.0802,9.6042],[11.0529,9.6383],[11.0198,9.7053],[11.0847,9.7175],[11.1359,9.7466],[11.1989,9.7631],[11.2502,9.7984],[11.2697,9.8359],[11.3007,9.857],[11.377,9.7916],[11.3971,9.7675],[11.4096,9.7311],[11.4347,9.7145],[11.4118,9.6868],[11.3949,9.5844],[11.2216,9.5847],[11.1263,9.5752],[11.0687,9.5864]]]}},{"type":"Feature","properties":{"state":"Gombe","lga":"Yamaltu"},"geometry":{"type":"Polygon","coordinates":[[[11.7011,10.5942],[11.7229,10.5414],[11.7128,10.4932],[11.6293,10.3723],[11.6423,10.327],[11.7111,10.2417],[11.8026,10.2043],[11.8512,10.1095],[11.7347,10.1095],[11.6195,10.0682],[11.5716,10.0262],[11.5021,10.0746],[11.3497,10.1528],[11.2914,10.2797],[11.2599,10.2924],[11.2472,10.3362],[11.296,10.3645],[11.3735,10.4301],[11.3954,10.4579],[11.4424,10.4828],[11.4768,10.5285],[11.5086,10.5504],[11.5198,10.5735],[11.5497,10.5974],[11.574,10.5891],[11.5902,10.5965],[11.7011,10.5942]]]}},{"type":"Feature","properties":{"state":"Imo","lga":"Aboh-Mba"},"geometry":{"type":"Polygon","coordinates":[[[7.317,5.3925],[7.2873,5.3114],[7.2517,5.3464],[7.2457,5.3615],[7.2217,5.3732],[7.219,5.39],[7.2384,5.4211],[7.2317,5.4343],[7.1802,5.4421],[7.1673,5.4748],[7.2241,5.5061],[7.2318,5.4958],[7.3131,5.5015],[7.2735,5.4642],[7.2715,5.4541],[7.2849,5.4272],[7.317,5.3925]]]}},{"type":"Feature","properties":{"state":"Imo","lga":"Ahizu-Mb"},"geometry":{"type":"Polygon","coordinates":[[[7.3131,5.5015],[7.2401,5.4955],[7.2197,5.503],[7.237,5.5983],[7.289,5.5962],[7.3011,5.6038],[7.3154,5.5771],[7.3084,5.5392],[7.3221,5.532],[7.3131,5.5015]]]}},{"type":"Feature","properties":{"state":"Imo","lga":"Ehime-Mb"},"geometry":{"type":"Polygon","coordinates":[[[7.3114,5.6138],[7.289,5.5962],[7.235,5.5985],[7.2293,5.6129],[7.2411,5.645],[7.2677,5.6604],[7.2881,5.6859],[7.2776,5.7427],[7.3089,5.7551],[7.3685,5.6921],[7.3389,5.6184],[7.3114,5.6138]]]}},{"type":"Feature","properties":{"state":"Imo","lga":"Ezinihit"},"geometry":{"type":"Polygon","coordinates":[[[7.3598,5.4451],[7.3353,5.4234],[7.317,5.3925],[7.2849,5.4272],[7.2715,5.4541],[7.2735,5.4642],[7.3114,5.4989],[7.3221,5.532],[7.3836,5.499],[7.3598,5.4451]]]}},{"type":"Feature","properties":{"state":"Imo","lga":"Ideato South"},"geometry":{"type":"Polygon","coordinates":[[[7.0887,5.8092],[7.1404,5.8363],[7.175,5.8337],[7.2058,5.7717],[7.192,5.7303],[7.1445,5.7595],[7.1222,5.764],[7.1214,5.7873],[7.0887,5.8092]]]}},{"type":"Feature","properties":{"state":"Imo","lga":"IdeatoNo"},"geometry":{"type":"Polygon","coordinates":[[[7.0717,5.9234],[7.1641,5.9034],[7.2258,5.9225],[7.2593,5.8578],[7.2352,5.8525],[7.2239,5.8381],[7.234,5.8392],[7.2234,5.8335],[7.2121,5.8075],[7.2058,5.7717],[7.1806,5.8276],[7.1656,5.8382],[7.1404,5.8363],[7.0842,5.8122],[7.0781,5.8346],[7.0873,5.863],[7.0706,5.8873],[7.0717,5.9234]]]}},{"type":"Feature","properties":{"state":"Imo","lga":"Ihitte/U"},"geometry":{"type":"Polygon","coordinates":[[[7.3843,5.6815],[7.3796,5.6755],[7.4039,5.6359],[7.4029,5.5733],[7.3595,5.5875],[7.3094,5.5875],[7.3011,5.6038],[7.3114,5.6138],[7.3389,5.6184],[7.3662,5.6973],[7.3843,5.6815]]]}},{"type":"Feature","properties":{"state":"Imo","lga":"Ikeduru"},"geometry":{"type":"Polygon","coordinates":[[[7.2197,5.503],[7.1673,5.4748],[7.1478,5.4959],[7.0896,5.5197],[7.0757,5.5338],[7.1165,5.5851],[7.1254,5.6105],[7.1544,5.6217],[7.2027,5.5942],[7.237,5.5983],[7.2197,5.503]]]}},{"type":"Feature","properties":{"state":"Imo","lga":"IsialaMb"},"geometry":{"type":"Polygon","coordinates":[[[7.2776,5.7427],[7.2881,5.6859],[7.2366,5.6377],[7.2293,5.6129],[7.235,5.5985],[7.2027,5.5942],[7.129,5.6337],[7.0875,5.6388],[7.1146,5.6699],[7.1597,5.6777],[7.192,5.7303],[7.2306,5.7249],[7.2776,5.7427]]]}},{"type":"Feature","properties":{"state":"Imo","lga":"Isu"},"geometry":{"type":"Polygon","coordinates":[[[7.0971,5.6555],[7.0875,5.6388],[7.0584,5.6389],[7.0456,5.7082],[7.0616,5.7162],[7.0857,5.7155],[7.0858,5.6822],[7.0971,5.6555]]]}},{"type":"Feature","properties":{"state":"Imo","lga":"Mbaitoli"},"geometry":{"type":"Polygon","coordinates":[[[7.1544,5.6217],[7.1254,5.6105],[7.0926,5.5484],[7.062,5.5273],[7.0412,5.5226],[7.0298,5.5287],[7.0259,5.5216],[7.0207,5.54],[6.9451,5.5468],[6.9669,5.5943],[6.9552,5.6266],[6.9845,5.6387],[7.0853,5.6391],[7.129,5.6337],[7.1544,5.6217]]]}},{"type":"Feature","properties":{"state":"Imo","lga":"Ngor-Okp"},"geometry":{"type":"Polygon","coordinates":[[[7.2873,5.3114],[7.2515,5.1947],[7.21,5.1794],[7.1371,5.1977],[7.1027,5.1972],[7.0357,5.1798],[7.0047,5.187],[7.0127,5.2184],[7.003,5.2462],[7.0089,5.2702],[7.0034,5.2666],[7.0402,5.3011],[7.0416,5.3223],[7.0353,5.3285],[7.0653,5.3436],[7.0998,5.3958],[7.1526,5.3946],[7.1684,5.4142],[7.1763,5.4502],[7.1927,5.4361],[7.2317,5.4343],[7.2384,5.4211],[7.219,5.39],[7.2217,5.3732],[7.2457,5.3615],[7.2517,5.3464],[7.2873,5.3114]]]}},{"type":"Feature","properties":{"state":"Imo","lga":"Njaba"},"geometry":{"type":"Polygon","coordinates":[[[7.0857,5.7155],[7.0616,5.7162],[7.0456,5.7082],[7.0584,5.6389],[7.0135,5.6394],[7.0002,5.6963],[6.9763,5.7313],[7.0047,5.7601],[7.0149,5.7373],[7.0487,5.7452],[7.0654,5.7325],[7.0775,5.7393],[7.0857,5.7155]]]}},{"type":"Feature","properties":{"state":"Imo","lga":"Nkwerre"},"geometry":{"type":"Polygon","coordinates":[[[7.1239,5.7639],[7.1701,5.7432],[7.1577,5.7374],[7.1519,5.7188],[7.1154,5.7169],[7.0865,5.6986],[7.0775,5.7393],[7.1239,5.7639]]]}},{"type":"Feature","properties":{"state":"Imo","lga":"Nwangele"},"geometry":{"type":"Polygon","coordinates":[[[7.1701,5.7432],[7.192,5.7303],[7.1771,5.6968],[7.1597,5.6777],[7.1146,5.6699],[7.0971,5.6555],[7.0865,5.6986],[7.1154,5.7169],[7.1519,5.7188],[7.1577,5.7374],[7.1701,5.7432]]]}},{"type":"Feature","properties":{"state":"Imo","lga":"Obowo"},"geometry":{"type":"Polygon","coordinates":[[[7.4029,5.5733],[7.4043,5.5323],[7.3836,5.499],[7.3084,5.5392],[7.3152,5.5635],[7.3094,5.5875],[7.3595,5.5875],[7.4029,5.5733]]]}},{"type":"Feature","properties":{"state":"Imo","lga":"Oguta"},"geometry":{"type":"Polygon","coordinates":[[[6.773,5.781],[6.8015,5.7765],[6.8586,5.7498],[6.8779,5.6836],[6.9277,5.6344],[6.9552,5.6266],[6.9669,5.5943],[6.9416,5.5431],[6.8888,5.5293],[6.8518,5.5806],[6.8261,5.6018],[6.7088,5.6222],[6.6521,5.6219],[6.6688,5.6943],[6.7025,5.7078],[6.751,5.7697],[6.773,5.781]]]}},{"type":"Feature","properties":{"state":"Imo","lga":"Ohaji/Eg"},"geometry":{"type":"Polygon","coordinates":[[[6.988,5.2601],[7.0089,5.2702],[7.003,5.2462],[7.0127,5.2184],[7.0047,5.187],[6.9598,5.198],[6.8512,5.1957],[6.8167,5.2023],[6.7818,5.2289],[6.7541,5.2841],[6.7244,5.3051],[6.7201,5.3273],[6.7377,5.372],[6.7461,5.4469],[6.7389,5.4737],[6.7047,5.4863],[6.6486,5.4755],[6.6243,5.4826],[6.6521,5.6219],[6.7088,5.6222],[6.8261,5.6018],[6.8518,5.5806],[6.8888,5.5293],[6.9078,5.5303],[6.8913,5.4795],[6.8924,5.4523],[6.923,5.4347],[6.9435,5.3998],[6.9834,5.3696],[6.9786,5.3165],[6.988,5.2601]]]}},{"type":"Feature","properties":{"state":"Imo","lga":"Okigwe"},"geometry":{"type":"Polygon","coordinates":[[[7.3757,5.8657],[7.3933,5.825],[7.4004,5.737],[7.3994,5.6879],[7.3843,5.6815],[7.3246,5.7433],[7.2765,5.7773],[7.2519,5.8303],[7.2239,5.8381],[7.2352,5.8525],[7.2593,5.8578],[7.2258,5.9225],[7.252,5.9259],[7.2825,5.8991],[7.3757,5.8657]]]}},{"type":"Feature","properties":{"state":"Imo","lga":"Orlu"},"geometry":{"type":"Polygon","coordinates":[[[7.0887,5.8092],[7.1214,5.7873],[7.1239,5.7639],[7.0654,5.7325],[7.0519,5.745],[7.0149,5.7373],[6.9979,5.8],[7.0115,5.795],[7.0244,5.8083],[7.0378,5.8666],[7.0591,5.8854],[7.0716,5.8854],[7.0856,5.8707],[7.0782,5.8259],[7.0887,5.8092]]]}},{"type":"Feature","properties":{"state":"Imo","lga":"Orsu"},"geometry":{"type":"Polygon","coordinates":[[[6.9753,5.9048],[7.074,5.9218],[7.0677,5.9044],[7.0716,5.8854],[7.056,5.8841],[7.0378,5.8666],[7.0244,5.8083],[7.0115,5.795],[6.9595,5.8053],[6.932,5.8319],[6.9466,5.888],[6.9753,5.9048]]]}},{"type":"Feature","properties":{"state":"Imo","lga":"Oru East"},"geometry":{"type":"Polygon","coordinates":[[[7.0135,5.6394],[6.9382,5.6291],[6.8887,5.6774],[6.9083,5.6932],[6.9336,5.6995],[6.9426,5.7139],[6.963,5.7677],[6.9232,5.7833],[6.9565,5.8073],[6.9979,5.8],[7.0047,5.7601],[6.9763,5.7313],[7.0002,5.6963],[7.0135,5.6394]]]}},{"type":"Feature","properties":{"state":"Imo","lga":"Oru West"},"geometry":{"type":"Polygon","coordinates":[[[6.8586,5.7498],[6.8933,5.756],[6.932,5.8319],[6.9565,5.8073],[6.9232,5.7833],[6.963,5.7677],[6.9284,5.6961],[6.9083,5.6932],[6.8887,5.6774],[6.8779,5.6836],[6.8586,5.7498]]]}},{"type":"Feature","properties":{"state":"Imo","lga":"Owerri Municipal"},"geometry":{"type":"Polygon","coordinates":[[[7.0259,5.5216],[7.0338,5.5056],[7.0712,5.4806],[7.0415,5.4475],[7.0231,5.4473],[7.008,5.466],[7.0066,5.4807],[7.0259,5.5216]]]}},{"type":"Feature","properties":{"state":"Imo","lga":"Owerri North"},"geometry":{"type":"Polygon","coordinates":[[[7.1673,5.4748],[7.1754,5.4362],[7.1615,5.4035],[7.1526,5.3946],[7.0998,5.3958],[7.0653,5.3436],[7.0353,5.3285],[7.0302,5.3423],[7.0351,5.3766],[7.0625,5.4268],[7.0426,5.4532],[7.0712,5.4806],[7.0338,5.5056],[7.026,5.5212],[7.0298,5.5287],[7.0412,5.5226],[7.0757,5.5338],[7.0896,5.5197],[7.1478,5.4959],[7.1673,5.4748]]]}},{"type":"Feature","properties":{"state":"Imo","lga":"Owerri West"},"geometry":{"type":"Polygon","coordinates":[[[6.9451,5.5468],[7.0207,5.54],[7.0259,5.5216],[7.0066,5.4807],[7.008,5.466],[7.0231,5.4473],[7.0415,5.4475],[7.0625,5.4268],[7.0351,5.3766],[7.0302,5.3423],[7.0416,5.3223],[7.0402,5.3011],[6.9906,5.26],[6.9786,5.3165],[6.9834,5.3696],[6.9435,5.3998],[6.923,5.4347],[6.8924,5.4523],[6.8913,5.4795],[6.9081,5.5204],[6.9042,5.531],[6.9451,5.5468]]]}},{"type":"Feature","properties":{"state":"Imo","lga":"Unuimo"},"geometry":{"type":"Polygon","coordinates":[[[7.3089,5.7551],[7.2511,5.7374],[7.2353,5.7257],[7.192,5.7303],[7.2121,5.8075],[7.2234,5.8335],[7.234,5.8392],[7.2563,5.8256],[7.2765,5.7773],[7.3089,5.7551]]]}},{"type":"Feature","properties":{"state":"Jigawa","lga":"Auyo"},"geometry":{"type":"Polygon","coordinates":[[[10.2559,12.3783],[10.2165,12.248],[10.1746,12.2757],[10.1334,12.3283],[10.1077,12.343],[10.0625,12.3521],[10.0317,12.3439],[9.9861,12.3068],[9.9645,12.2759],[9.9692,12.2584],[9.9132,12.2348],[9.856,12.2301],[9.8082,12.2468],[9.7533,12.2394],[9.7012,12.2685],[9.7101,12.2857],[9.7381,12.2754],[9.8077,12.306],[9.8473,12.3131],[9.9428,12.3706],[9.9646,12.3934],[9.9813,12.3872],[10.0065,12.4039],[10.0388,12.3876],[10.0742,12.3823],[10.2181,12.3884],[10.2559,12.3783]]]}},{"type":"Feature","properties":{"state":"Jigawa","lga":"Babura"},"geometry":{"type":"Polygon","coordinates":[[[8.976,12.5661],[8.9487,12.5563],[8.9193,12.4943],[8.8605,12.4551],[8.8605,12.4159],[8.8507,12.3964],[8.7689,12.3888],[8.7566,12.403],[8.6903,12.4393],[8.6825,12.4607],[8.6776,12.5452],[8.6134,12.5619],[8.6422,12.5876],[8.6932,12.6053],[8.6828,12.6356],[8.7305,12.6779],[8.7994,12.6849],[8.8669,12.7125],[8.9184,12.7533],[8.9445,12.8069],[8.9767,12.8208],[8.977,12.8345],[8.9918,12.84],[8.9869,12.792],[9.0139,12.7156],[9.0176,12.6782],[8.976,12.5661]]]}},{"type":"Feature","properties":{"state":"Jigawa","lga":"Biriniwa"},"geometry":{"type":"Polygon","coordinates":[[[10.3181,12.8012],[10.3281,12.7558],[10.3184,12.7481],[10.2614,12.7322],[10.201,12.7003],[10.1759,12.6982],[10.1387,12.6555],[10.106,12.645],[10.0682,12.6656],[9.9977,12.6159],[9.9225,12.5936],[9.8649,12.5952],[9.8374,12.612],[9.79,12.6973],[9.7535,12.7869],[9.7544,12.7961],[9.801,12.7929],[9.8299,12.8043],[9.8517,12.8215],[9.8856,12.8847],[9.9715,12.9259],[10.0225,12.9358],[10.0681,12.9575],[10.1704,12.9886],[10.206,12.9688],[10.2405,12.893],[10.2517,12.824],[10.2753,12.784],[10.3181,12.8012]]]}},{"type":"Feature","properties":{"state":"Jigawa","lga":"BirninKu"},"geometry":{"type":"Polygon","coordinates":[[[9.6442,11.7032],[9.689,11.7018],[9.6678,11.6621],[9.666,11.6123],[9.6505,11.5459],[9.6566,11.509],[9.643,11.4969],[9.6583,11.4824],[9.6427,11.3344],[9.6558,11.2677],[9.6515,11.2409],[9.5779,11.2427],[9.549,11.3011],[9.5119,11.3128],[9.4578,11.2895],[9.3378,11.328],[9.2409,11.3455],[9.2247,11.3425],[9.2234,11.3782],[9.241,11.4374],[9.3339,11.5249],[9.362,11.5189],[9.3861,11.5271],[9.4957,11.6203],[9.571,11.6667],[9.6164,11.6801],[9.6442,11.7032]]]}},{"type":"Feature","properties":{"state":"Jigawa","lga":"Buji"},"geometry":{"type":"Polygon","coordinates":[[[9.689,11.7018],[9.725,11.7183],[9.7694,11.7225],[9.7987,11.7146],[9.8223,11.6442],[9.8307,11.5755],[9.7901,11.4957],[9.7989,11.4681],[9.813,11.455],[9.7123,11.4279],[9.6976,11.4157],[9.6846,11.3793],[9.6461,11.3497],[9.6583,11.4824],[9.643,11.4969],[9.6566,11.509],[9.6505,11.5459],[9.666,11.6123],[9.6678,11.6621],[9.689,11.7018]]]}},{"type":"Feature","properties":{"state":"Jigawa","lga":"Dutse"},"geometry":{"type":"Polygon","coordinates":[[[9.4496,11.5796],[9.3861,11.5271],[9.362,11.5189],[9.3373,11.5232],[9.3559,11.547],[9.3416,11.5654],[9.3077,11.5738],[9.262,11.6159],[9.2301,11.6914],[9.2124,11.7072],[9.1307,11.7049],[9.1276,11.736],[9.1355,11.7693],[9.1898,11.844],[9.193,11.8765],[9.2101,11.9059],[9.2051,11.9508],[9.2769,12.0238],[9.337,11.9951],[9.3655,11.9536],[9.3783,11.9081],[9.3971,11.8902],[9.4201,11.891],[9.379,11.7377],[9.3904,11.689],[9.3881,11.6606],[9.4133,11.6502],[9.4351,11.6271],[9.4496,11.5796]]]}},{"type":"Feature","properties":{"state":"Jigawa","lga":"Gagarawa"},"geometry":{"type":"Polygon","coordinates":[[[9.489,12.3481],[9.4657,12.3353],[9.3783,12.3559],[9.3654,12.3697],[9.3847,12.468],[9.3765,12.5062],[9.3811,12.5372],[9.4264,12.543],[9.461,12.5738],[9.4969,12.5594],[9.5397,12.5544],[9.5892,12.5871],[9.6071,12.5837],[9.6606,12.5486],[9.6636,12.5546],[9.7206,12.5346],[9.732,12.545],[9.723,12.4846],[9.6514,12.4488],[9.5888,12.3683],[9.5606,12.349],[9.5548,12.3547],[9.489,12.3481]]]}},{"type":"Feature","properties":{"state":"Jigawa","lga":"Garki"},"geometry":{"type":"Polygon","coordinates":[[[8.7689,12.3888],[8.8507,12.3964],[8.8605,12.4159],[8.8605,12.4551],[8.9193,12.4943],[8.9487,12.5563],[8.9771,12.5661],[8.9965,12.5127],[9.0495,12.4892],[9.1042,12.4915],[9.1488,12.4791],[9.1666,12.4624],[9.1697,12.4488],[9.2192,12.408],[9.3232,12.3962],[9.3588,12.3769],[9.3783,12.3559],[9.4128,12.3454],[9.438,12.3464],[9.4657,12.3353],[9.489,12.3481],[9.4435,12.2996],[9.3251,12.2618],[9.25,12.257],[9.2061,12.2711],[9.1636,12.297],[9.0819,12.2907],[9.0105,12.2995],[8.9046,12.273],[8.7897,12.2927],[8.7733,12.3149],[8.7824,12.3469],[8.7689,12.3888]]]}},{"type":"Feature","properties":{"state":"Jigawa","lga":"Gumel"},"geometry":{"type":"Polygon","coordinates":[[[9.461,12.5738],[9.4264,12.543],[9.3811,12.5372],[9.3765,12.5062],[9.3253,12.5241],[9.2705,12.6099],[9.2974,12.6418],[9.339,12.6703],[9.3744,12.6753],[9.4122,12.6546],[9.4368,12.594],[9.461,12.5738]]]}},{"type":"Feature","properties":{"state":"Jigawa","lga":"Guri"},"geometry":{"type":"Polygon","coordinates":[[[10.6095,12.5025],[10.4308,12.3925],[10.4289,12.4145],[10.3995,12.4536],[10.3432,12.4449],[10.3315,12.4691],[10.3392,12.516],[10.3189,12.5731],[10.3505,12.6411],[10.3338,12.7304],[10.3202,12.7496],[10.3281,12.7558],[10.3181,12.8012],[10.388,12.8249],[10.4685,12.7896],[10.5014,12.7994],[10.5312,12.7853],[10.5669,12.7314],[10.5954,12.5485],[10.6095,12.5025]]]}},{"type":"Feature","properties":{"state":"Jigawa","lga":"Gwaram"},"geometry":{"type":"Polygon","coordinates":[[[10.3926,11.1744],[10.3764,11.1285],[10.3466,11.1064],[10.2581,11.0782],[10.2173,11.0565],[10.1925,11.0261],[10.1918,10.9972],[10.2098,10.9425],[10.1798,10.9334],[10.14,10.9434],[10.11,10.965],[10.0847,10.9678],[9.9943,10.9456],[9.9568,10.9517],[9.9022,10.9646],[9.8804,10.9863],[9.8674,11.019],[9.8807,11.1443],[9.8721,11.1785],[9.829,11.2566],[9.8105,11.2614],[9.7528,11.247],[9.6515,11.2409],[9.6558,11.2677],[9.6427,11.3344],[9.6461,11.3497],[9.6846,11.3793],[9.6976,11.4157],[9.7123,11.4279],[9.7791,11.4486],[9.8801,11.4653],[9.9047,11.3845],[9.9902,11.2662],[10.0386,11.2368],[10.2341,11.2043],[10.3775,11.1953],[10.3926,11.1744]]]}},{"type":"Feature","properties":{"state":"Jigawa","lga":"Gwiwa"},"geometry":{"type":"Polygon","coordinates":[[[8.3672,12.6488],[8.3469,12.6247],[8.3342,12.6299],[8.2878,12.6099],[8.273,12.6109],[8.2672,12.6288],[8.231,12.6554],[8.2121,12.6571],[8.185,12.6394],[8.1647,12.6639],[8.1134,12.6637],[8.1246,12.8081],[8.2999,12.8347],[8.3797,12.8192],[8.3698,12.7806],[8.3735,12.6843],[8.3672,12.6488]]]}},{"type":"Feature","properties":{"state":"Jigawa","lga":"Hadejia"},"geometry":{"type":"Polygon","coordinates":[[[10.0477,12.3858],[10.0008,12.4019],[9.9961,12.4482],[10.0144,12.46],[10.0486,12.4542],[10.069,12.4304],[10.0698,12.4185],[10.0505,12.4],[10.0477,12.3858]]]}},{"type":"Feature","properties":{"state":"Jigawa","lga":"Jahun"},"geometry":{"type":"Polygon","coordinates":[[[9.4201,11.891],[9.3971,11.8902],[9.3783,11.9081],[9.3655,11.9536],[9.337,11.9951],[9.2769,12.0238],[9.2923,12.0515],[9.2903,12.069],[9.3033,12.1159],[9.3324,12.1464],[9.3869,12.1544],[9.3995,12.1492],[9.4369,12.1749],[9.478,12.1685],[9.5005,12.1798],[9.4888,12.1714],[9.5001,12.1533],[9.5474,12.1501],[9.5566,12.1319],[9.5945,12.1329],[9.6386,12.111],[9.6912,12.1134],[9.7222,12.1041],[9.735,12.099],[9.7406,12.0704],[9.8179,12.0835],[9.8179,11.9901],[9.8267,11.967],[9.6513,11.9155],[9.6384,11.9206],[9.6243,11.9496],[9.597,11.9578],[9.5139,11.9385],[9.4201,11.891]]]}},{"type":"Feature","properties":{"state":"Jigawa","lga":"KafinHau"},"geometry":{"type":"Polygon","coordinates":[[[10.1615,12.0869],[10.1712,12.0212],[10.152,12.0063],[9.9283,11.9282],[9.8782,11.9644],[9.8267,11.967],[9.8179,11.9901],[9.8169,12.0796],[9.825,12.1175],[9.8143,12.1629],[9.8475,12.2078],[9.8509,12.2173],[9.8408,12.2328],[9.8897,12.2311],[9.9554,12.2484],[9.9692,12.2584],[9.9645,12.2759],[9.9861,12.3068],[10.0449,12.3489],[10.0857,12.3486],[10.1334,12.3283],[10.1746,12.2757],[10.2165,12.248],[10.1615,12.0869]]]}},{"type":"Feature","properties":{"state":"Jigawa","lga":"Kaugama"},"geometry":{"type":"Polygon","coordinates":[[[9.9409,12.3695],[9.8401,12.31],[9.8077,12.306],[9.7381,12.2754],[9.7101,12.2857],[9.7012,12.2685],[9.6479,12.3028],[9.5814,12.3118],[9.5719,12.3068],[9.5738,12.3307],[9.5606,12.349],[9.5888,12.3683],[9.6514,12.4488],[9.723,12.4846],[9.732,12.545],[9.7494,12.5581],[9.753,12.6254],[9.6885,12.7552],[9.666,12.8152],[9.6751,12.8233],[9.704,12.8046],[9.7544,12.7961],[9.7566,12.7726],[9.79,12.6973],[9.8358,12.6187],[9.8392,12.6045],[9.8193,12.5568],[9.8238,12.4416],[9.8028,12.4151],[9.8043,12.3972],[9.8132,12.3916],[9.857,12.3973],[9.9045,12.3912],[9.9409,12.3695]]]}},{"type":"Feature","properties":{"state":"Jigawa","lga":"Kazaure"},"geometry":{"type":"Polygon","coordinates":[[[8.7305,12.6779],[8.6828,12.6356],[8.6932,12.6053],[8.6422,12.5876],[8.6134,12.5619],[8.5414,12.5773],[8.4911,12.5717],[8.4466,12.5506],[8.4125,12.5861],[8.3607,12.5792],[8.3368,12.5905],[8.3452,12.6241],[8.3655,12.6478],[8.401,12.6616],[8.4182,12.6555],[8.4639,12.702],[8.4798,12.7086],[8.5235,12.6847],[8.5057,12.646],[8.5055,12.6262],[8.5124,12.6198],[8.5571,12.6229],[8.5706,12.6341],[8.6613,12.6655],[8.6774,12.6818],[8.6802,12.6977],[8.7055,12.712],[8.7159,12.6873],[8.7305,12.6779]]]}},{"type":"Feature","properties":{"state":"Jigawa","lga":"KiriKasa"},"geometry":{"type":"Polygon","coordinates":[[[10.3432,12.4449],[10.2699,12.414],[10.2559,12.3783],[10.2181,12.3884],[10.1334,12.3816],[10.047,12.3881],[10.0698,12.4185],[10.0593,12.4447],[10.1076,12.5568],[10.1422,12.5394],[10.1588,12.5424],[10.1816,12.5566],[10.1978,12.5823],[10.1971,12.5965],[10.1823,12.6034],[10.1782,12.6498],[10.1577,12.6723],[10.1689,12.6894],[10.1759,12.6982],[10.201,12.7003],[10.2614,12.7322],[10.3202,12.7496],[10.3338,12.7304],[10.3505,12.6411],[10.3189,12.5731],[10.3392,12.516],[10.3315,12.4691],[10.3432,12.4449]]]}},{"type":"Feature","properties":{"state":"Jigawa","lga":"Kiyawa"},"geometry":{"type":"Polygon","coordinates":[[[9.9283,11.9282],[9.7863,11.8586],[9.6868,11.8512],[9.6346,11.7791],[9.6249,11.7328],[9.6269,11.7112],[9.6442,11.7032],[9.6385,11.6966],[9.6164,11.6801],[9.5576,11.6592],[9.5395,11.6417],[9.4957,11.6203],[9.4496,11.5796],[9.4351,11.6271],[9.4133,11.6502],[9.3881,11.6606],[9.3904,11.689],[9.379,11.7377],[9.4201,11.891],[9.5139,11.9385],[9.6119,11.9563],[9.6321,11.9418],[9.6384,11.9206],[9.6513,11.9155],[9.8392,11.9676],[9.8782,11.9644],[9.9283,11.9282]]]}},{"type":"Feature","properties":{"state":"Jigawa","lga":"Maigatari"},"geometry":{"type":"Polygon","coordinates":[[[9.7494,12.5581],[9.7206,12.5346],[9.6636,12.5546],[9.6606,12.5486],[9.6071,12.5837],[9.5892,12.5871],[9.5397,12.5544],[9.4805,12.5637],[9.4437,12.5838],[9.4122,12.6546],[9.3744,12.6753],[9.339,12.6703],[9.2974,12.6418],[9.3041,12.6601],[9.2848,12.717],[9.2935,12.7465],[9.325,12.7823],[9.3235,12.8123],[9.3903,12.8231],[9.6502,12.8036],[9.666,12.8152],[9.753,12.6254],[9.7494,12.5581]]]}},{"type":"Feature","properties":{"state":"Jigawa","lga":"MalamMad"},"geometry":{"type":"Polygon","coordinates":[[[10.0008,12.4019],[9.9813,12.3872],[9.9646,12.3934],[9.9409,12.3695],[9.9045,12.3912],[9.857,12.3973],[9.8132,12.3916],[9.8043,12.3972],[9.8028,12.4151],[9.8238,12.4416],[9.8193,12.5568],[9.8374,12.612],[9.8649,12.5952],[9.9225,12.5936],[9.9977,12.6159],[10.0682,12.6656],[10.106,12.645],[10.1605,12.6715],[10.1814,12.6399],[10.1823,12.6034],[10.1971,12.5965],[10.1929,12.5702],[10.1693,12.5478],[10.1422,12.5394],[10.1076,12.5568],[10.0593,12.4447],[10.0243,12.4629],[9.9961,12.4482],[10.0008,12.4019]]]}},{"type":"Feature","properties":{"state":"Jigawa","lga":"Miga"},"geometry":{"type":"Polygon","coordinates":[[[9.6479,12.3028],[9.7446,12.241],[9.8289,12.244],[9.8478,12.2233],[9.8444,12.201],[9.8143,12.1629],[9.825,12.1175],[9.8179,12.0835],[9.7406,12.0704],[9.735,12.099],[9.6912,12.1134],[9.6386,12.111],[9.5945,12.1329],[9.5566,12.1319],[9.5474,12.1501],[9.5001,12.1533],[9.4888,12.1714],[9.5099,12.1849],[9.5487,12.2718],[9.5776,12.3102],[9.6479,12.3028]]]}},{"type":"Feature","properties":{"state":"Jigawa","lga":"Ringim"},"geometry":{"type":"Polygon","coordinates":[[[9.2769,12.0238],[9.2051,11.9508],[9.1701,12.0592],[9.0888,12.0004],[9.0594,11.9975],[9.0372,12.0015],[9.037,12.0424],[9.0279,12.0653],[8.9772,12.0613],[8.9464,12.0423],[8.9464,12.0586],[8.9198,12.0702],[8.9284,12.0976],[8.9474,12.1196],[8.9488,12.2087],[8.9357,12.2555],[8.9046,12.273],[9.0105,12.2995],[9.0784,12.2909],[9.0872,12.2594],[9.1231,12.2002],[9.1517,12.1811],[9.1858,12.1705],[9.2148,12.1725],[9.3037,12.1153],[9.292,12.079],[9.2923,12.0515],[9.2769,12.0238]]]}},{"type":"Feature","properties":{"state":"Jigawa","lga":"Roni"},"geometry":{"type":"Polygon","coordinates":[[[8.1134,12.6637],[8.1647,12.6639],[8.185,12.6394],[8.2121,12.6571],[8.231,12.6554],[8.2672,12.6288],[8.273,12.6109],[8.2995,12.6117],[8.3384,12.6297],[8.3452,12.6241],[8.336,12.5987],[8.343,12.582],[8.3836,12.579],[8.4125,12.5861],[8.4466,12.5506],[8.3986,12.5196],[8.3886,12.4784],[8.3585,12.4211],[8.3411,12.4389],[8.3395,12.47],[8.2628,12.6112],[8.2494,12.6224],[8.1878,12.6224],[8.1423,12.6319],[8.1233,12.6391],[8.1134,12.6637]]]}},{"type":"Feature","properties":{"state":"Jigawa","lga":"Sule-Tan"},"geometry":{"type":"Polygon","coordinates":[[[8.976,12.5661],[9.0176,12.6782],[9.0139,12.7156],[8.9869,12.792],[8.9918,12.84],[9.16,12.8338],[9.3235,12.8123],[9.325,12.7823],[9.2935,12.7465],[9.2848,12.717],[9.3041,12.6601],[9.2705,12.6099],[9.3253,12.5241],[9.3407,12.5137],[9.3754,12.5092],[9.3847,12.468],[9.3654,12.3697],[9.3232,12.3962],[9.2192,12.408],[9.1697,12.4488],[9.1666,12.4624],[9.1488,12.4791],[9.1042,12.4915],[9.0633,12.4879],[9.0253,12.4957],[8.9926,12.5168],[8.976,12.5661]]]}},{"type":"Feature","properties":{"state":"Jigawa","lga":"Taura"},"geometry":{"type":"Polygon","coordinates":[[[9.489,12.3481],[9.5548,12.3547],[9.5738,12.3307],[9.572,12.3037],[9.5487,12.2718],[9.5099,12.1849],[9.478,12.1685],[9.4369,12.1749],[9.3995,12.1492],[9.3869,12.1544],[9.3324,12.1464],[9.3033,12.1159],[9.2148,12.1725],[9.1858,12.1705],[9.1517,12.1811],[9.1231,12.2002],[9.0872,12.2594],[9.0784,12.2909],[9.1636,12.297],[9.2061,12.2711],[9.25,12.257],[9.3251,12.2618],[9.4435,12.2996],[9.489,12.3481]]]}},{"type":"Feature","properties":{"state":"Jigawa","lga":"Yankwashi"},"geometry":{"type":"Polygon","coordinates":[[[8.3672,12.6488],[8.3735,12.6843],[8.3698,12.7806],[8.3797,12.8192],[8.5355,12.8313],[8.5543,12.8119],[8.5881,12.7228],[8.6509,12.6899],[8.6657,12.688],[8.6802,12.6977],[8.6774,12.6818],[8.6613,12.6655],[8.5455,12.6197],[8.5091,12.6204],[8.5057,12.646],[8.5235,12.6847],[8.4854,12.7078],[8.4639,12.702],[8.4182,12.6555],[8.401,12.6616],[8.3672,12.6488]]]}},{"type":"Feature","properties":{"state":"Kaduna","lga":"Birnin-G"},"geometry":{"type":"Polygon","coordinates":[[[6.8634,11.3233],[6.8862,11.3484],[6.9737,11.3339],[7.005,11.3367],[7.027,11.3224],[7.0398,11.2946],[7.036,11.2775],[6.9893,11.2347],[6.983,11.2137],[7.0857,11.1829],[7.1543,11.1144],[7.1825,11.1108],[7.2169,11.1291],[7.1967,11.0749],[7.1775,10.9648],[7.1269,10.8821],[7.1624,10.787],[7.1714,10.7335],[7.1899,10.7003],[7.0541,10.6934],[7.0089,10.7106],[6.9702,10.7455],[6.8679,10.8114],[6.8387,10.8169],[6.8286,10.8045],[6.8104,10.7378],[6.7725,10.7072],[6.761,10.6706],[6.7298,10.6201],[6.7407,10.5819],[6.7304,10.5661],[6.6661,10.5751],[6.5428,10.5295],[6.5262,10.572],[6.5096,10.588],[6.4857,10.5901],[6.4287,10.5761],[6.2987,10.4802],[6.2117,10.368],[6.1889,10.3539],[6.1658,10.3634],[6.1461,10.4197],[6.0968,10.4518],[6.0934,10.4737],[6.0987,10.5107],[6.1284,10.5394],[6.1245,10.6003],[6.1365,10.6323],[6.1343,10.6558],[6.111,10.6939],[6.1174,10.7704],[6.1665,10.8563],[6.1937,10.8582],[6.2143,10.8704],[6.2605,10.9367],[6.3456,11.012],[6.4368,11.0271],[6.5651,11.018],[6.6411,11.0279],[6.6787,11.052],[6.7279,11.1015],[6.7523,11.153],[6.7748,11.2415],[6.804,11.2822],[6.8634,11.3233]]]}},{"type":"Feature","properties":{"state":"Kaduna","lga":"Chikun"},"geometry":{"type":"Polygon","coordinates":[[[6.7404,10.6307],[6.7725,10.7072],[6.8104,10.7378],[6.8286,10.8045],[6.8387,10.8169],[6.8527,10.8165],[6.9702,10.7455],[7.0089,10.7106],[7.0541,10.6934],[7.1927,10.698],[7.1946,10.6664],[7.206,10.6529],[7.2388,10.6393],[7.2604,10.615],[7.2418,10.5705],[7.253,10.5158],[7.2394,10.488],[7.2478,10.4648],[7.2346,10.4215],[7.2483,10.3728],[7.2605,10.3658],[7.2923,10.3904],[7.2929,10.446],[7.3224,10.4736],[7.3712,10.465],[7.3893,10.4526],[7.4059,10.4203],[7.4215,10.4136],[7.4375,10.4193],[7.4644,10.4838],[7.5562,10.5104],[7.6405,10.5464],[7.7256,10.5656],[7.7459,10.5609],[7.7624,10.53],[7.7598,10.5162],[7.8037,10.4882],[7.7926,10.4562],[7.7604,10.4062],[7.7157,10.3538],[7.5876,10.2616],[7.6387,10.1588],[7.5721,10.1567],[7.5511,10.143],[7.5486,10.1202],[7.4972,10.1072],[7.466,10.1118],[7.4241,10.1023],[7.3932,10.0834],[7.3833,10.0574],[7.3392,10.0562],[7.2289,10.0101],[7.0441,10.0071],[6.9365,10.0469],[6.9087,10.0736],[6.8921,10.1052],[6.968,10.1737],[6.9818,10.1974],[7.0503,10.2391],[7.0668,10.2676],[7.0718,10.2993],[7.0196,10.3273],[6.9416,10.3538],[6.9634,10.4201],[6.9643,10.4612],[6.9323,10.5219],[6.9061,10.529],[6.8698,10.5182],[6.8474,10.5205],[6.8351,10.6231],[6.8253,10.6313],[6.7783,10.6371],[6.7489,10.6393],[6.7404,10.6307]]]}},{"type":"Feature","properties":{"state":"Kaduna","lga":"Giwa"},"geometry":{"type":"Polygon","coordinates":[[[7.1529,10.8146],[7.1269,10.8821],[7.1775,10.9648],[7.2098,11.1145],[7.2484,11.1655],[7.2192,11.219],[7.2172,11.2515],[7.273,11.2689],[7.3045,11.2672],[7.3492,11.2497],[7.3718,11.2511],[7.3811,11.2597],[7.381,11.2819],[7.4003,11.3292],[7.4498,11.3706],[7.4722,11.375],[7.5645,11.3456],[7.5981,11.3264],[7.6388,11.2817],[7.6333,11.2504],[7.6035,11.2372],[7.5902,11.1703],[7.5915,11.1415],[7.6078,11.1288],[7.6394,11.1218],[7.6443,11.1],[7.6429,11.0684],[7.6224,11.0008],[7.5233,10.9928],[7.429,11.0139],[7.3944,11.0088],[7.3788,10.9861],[7.3734,10.9364],[7.2974,10.8372],[7.2592,10.8225],[7.1926,10.8228],[7.1529,10.8146]]]}},{"type":"Feature","properties":{"state":"Kaduna","lga":"Igabi"},"geometry":{"type":"Polygon","coordinates":[[[7.1989,10.678],[7.166,10.7496],[7.1529,10.8146],[7.1926,10.8228],[7.2592,10.8225],[7.2974,10.8372],[7.3734,10.9364],[7.3788,10.9861],[7.3944,11.0088],[7.429,11.0139],[7.5233,10.9928],[7.6224,11.0008],[7.6323,10.9661],[7.672,10.9487],[7.7606,10.945],[7.8054,10.9572],[7.8235,10.9224],[7.8174,10.8918],[7.7984,10.8486],[7.7786,10.8341],[7.7738,10.8074],[7.8281,10.7445],[7.8534,10.6771],[7.8769,10.6634],[7.9648,10.6511],[7.9706,10.6181],[8.0183,10.5319],[7.9728,10.534],[7.9426,10.518],[7.9186,10.5234],[7.8765,10.4856],[7.8452,10.4793],[7.8303,10.4956],[7.803,10.4893],[7.7598,10.5162],[7.7624,10.53],[7.7459,10.5609],[7.7256,10.5656],[7.6405,10.5464],[7.5562,10.5104],[7.4804,10.4889],[7.4789,10.5241],[7.4718,10.5265],[7.4712,10.5378],[7.4778,10.5388],[7.4734,10.5602],[7.4829,10.57],[7.482,10.6327],[7.4383,10.6362],[7.4317,10.6313],[7.4267,10.5951],[7.4314,10.5801],[7.3916,10.4465],[7.3614,10.4706],[7.3224,10.4736],[7.2929,10.446],[7.2923,10.3904],[7.2605,10.3658],[7.2483,10.3728],[7.2346,10.4215],[7.2478,10.4648],[7.2394,10.488],[7.253,10.5158],[7.2418,10.5705],[7.2604,10.615],[7.2388,10.6393],[7.206,10.6529],[7.1946,10.6664],[7.1989,10.678]]]}},{"type":"Feature","properties":{"state":"Kaduna","lga":"Ikara"},"geometry":{"type":"Polygon","coordinates":[[[8.5118,11.1279],[8.4621,11.1222],[8.421,11.1309],[8.3666,11.1882],[8.3586,11.1768],[8.3626,11.1597],[8.3884,11.1095],[8.3738,11.087],[8.3528,11.0861],[8.2402,11.1142],[8.1756,11.1053],[8.0351,11.1883],[8.0184,11.2005],[8.0997,11.2063],[8.1137,11.2124],[8.1207,11.2289],[8.0645,11.3131],[8.0429,11.3329],[7.9769,11.4575],[8.0107,11.4759],[8.0374,11.4758],[8.1032,11.4955],[8.1229,11.4926],[8.1412,11.4796],[8.1463,11.4597],[8.1123,11.3956],[8.1126,11.3761],[8.1377,11.3357],[8.1946,11.3066],[8.2551,11.287],[8.3119,11.2212],[8.4211,11.2034],[8.5118,11.1279]]]}},{"type":"Feature","properties":{"state":"Kaduna","lga":"Jaba"},"geometry":{"type":"Polygon","coordinates":[[[8.1834,9.497],[8.1259,9.4746],[8.095,9.4524],[8.0645,9.408],[8.0605,9.3598],[7.9943,9.2976],[7.9875,9.3134],[7.9402,9.3562],[7.9237,9.3621],[7.9118,9.4145],[7.9208,9.4337],[7.9899,9.4893],[8.0088,9.5184],[8.0102,9.5348],[8.0809,9.5538],[8.0903,9.5843],[8.1233,9.6097],[8.1307,9.5684],[8.1834,9.497]]]}},{"type":"Feature","properties":{"state":"Kaduna","lga":"Jema'a"},"geometry":{"type":"Polygon","coordinates":[[[7.9931,9.297],[8.0605,9.3598],[8.0645,9.408],[8.095,9.4524],[8.1259,9.4746],[8.1779,9.4963],[8.2606,9.5077],[8.2749,9.5441],[8.3087,9.5671],[8.3259,9.5572],[8.353,9.505],[8.3816,9.4724],[8.5458,9.5252],[8.547,9.5098],[8.5785,9.4588],[8.5498,9.4509],[8.5229,9.4323],[8.4658,9.3708],[8.4505,9.3045],[8.4147,9.2915],[8.4179,9.232],[8.3861,9.2338],[8.3627,9.2456],[8.316,9.232],[8.2815,9.2433],[8.2517,9.2401],[8.2502,9.2032],[8.2195,9.1814],[8.1993,9.1444],[8.1751,9.1195],[8.1402,9.0556],[8.1321,9.0132],[8.1163,9.005],[8.0939,9.0073],[8.0767,9.0405],[8.0775,9.1962],[8.0608,9.222],[7.9928,9.2612],[7.9931,9.297]]]}},{"type":"Feature","properties":{"state":"Kaduna","lga":"Kachia"},"geometry":{"type":"Polygon","coordinates":[[[7.2289,10.0101],[7.3392,10.0562],[7.3833,10.0574],[7.3932,10.0834],[7.4241,10.1023],[7.466,10.1118],[7.4972,10.1072],[7.5486,10.1202],[7.5511,10.143],[7.5721,10.1567],[7.6387,10.1588],[7.6718,10.1031],[7.7421,10.0258],[7.7767,10.0139],[7.8331,10.0271],[7.8749,10.049],[7.961,10.0766],[8.0404,10.0859],[8.0495,10.0754],[8.0467,10.0612],[7.9893,9.9678],[7.9659,9.8793],[7.9934,9.7858],[7.9943,9.7269],[8.0021,9.7076],[8.0199,9.6932],[8.0526,9.6916],[8.0877,9.6753],[8.1168,9.6407],[8.1253,9.602],[8.1233,9.6097],[8.0959,9.5909],[8.0841,9.5755],[8.0809,9.5538],[8.0647,9.545],[7.955,9.5158],[7.9316,9.521],[7.9029,9.5645],[7.8666,9.5889],[7.8534,9.6072],[7.8268,9.6195],[7.7891,9.6637],[7.7374,9.6276],[7.7012,9.5889],[7.6835,9.552],[7.6655,9.5406],[7.5631,9.5403],[7.4396,9.578],[7.4075,9.5541],[7.3644,9.547],[7.3079,9.5174],[7.287,9.5186],[7.2913,9.5369],[7.3412,9.5877],[7.3398,9.606],[7.3319,9.6179],[7.2833,9.6438],[7.2968,9.6923],[7.2201,9.7264],[7.2219,9.7512],[7.2885,9.7645],[7.2986,9.7888],[7.297,9.8383],[7.2821,9.9004],[7.2794,9.9815],[7.2629,10.0071],[7.2289,10.0101]]]}},{"type":"Feature","properties":{"state":"Kaduna","lga":"Kaduna North"},"geometry":{"type":"Polygon","coordinates":[[[7.4804,10.4889],[7.454,10.4711],[7.4398,10.4747],[7.4302,10.49],[7.4363,10.4928],[7.4334,10.5119],[7.4428,10.5243],[7.4424,10.5457],[7.4286,10.5538],[7.4212,10.5426],[7.4191,10.5525],[7.4314,10.5801],[7.4267,10.5951],[7.4317,10.6313],[7.4383,10.6362],[7.482,10.6327],[7.4829,10.57],[7.4734,10.5602],[7.4778,10.5388],[7.4712,10.5378],[7.4718,10.5265],[7.4789,10.5241],[7.4804,10.4889]]]}},{"type":"Feature","properties":{"state":"Kaduna","lga":"Kaduna South"},"geometry":{"type":"Polygon","coordinates":[[[7.454,10.4711],[7.4375,10.4193],[7.4215,10.4136],[7.4059,10.4203],[7.3916,10.4465],[7.3996,10.4871],[7.4286,10.5538],[7.4402,10.5498],[7.4431,10.5296],[7.4302,10.49],[7.4398,10.4747],[7.454,10.4711]]]}},{"type":"Feature","properties":{"state":"Kaduna","lga":"Kagarko"},"geometry":{"type":"Polygon","coordinates":[[[7.6476,9.3271],[7.6069,9.2981],[7.5916,9.303],[7.5679,9.3529],[7.5506,9.3599],[7.5334,9.3512],[7.5043,9.3024],[7.486,9.2889],[7.4614,9.3025],[7.3946,9.3081],[7.3221,9.2973],[7.2909,9.3041],[7.2512,9.2945],[7.2736,9.3608],[7.2187,9.4054],[7.2203,9.4427],[7.2292,9.4575],[7.2816,9.4922],[7.287,9.5186],[7.3079,9.5174],[7.3644,9.547],[7.4184,9.5584],[7.4354,9.5775],[7.5631,9.5403],[7.6655,9.5406],[7.6835,9.552],[7.7012,9.5889],[7.7374,9.6276],[7.7891,9.6637],[7.8268,9.6195],[7.8534,9.6072],[7.8666,9.5889],[7.9029,9.5645],[7.9316,9.521],[7.955,9.5158],[8.0102,9.5348],[8.0088,9.5184],[7.9899,9.4893],[7.9208,9.4337],[7.9118,9.4145],[7.9237,9.3621],[7.9113,9.3611],[7.8893,9.3393],[7.8643,9.2821],[7.8319,9.2498],[7.8093,9.2483],[7.7809,9.2654],[7.7593,9.2614],[7.7199,9.2901],[7.6807,9.2826],[7.6596,9.3254],[7.6476,9.3271]]]}},{"type":"Feature","properties":{"state":"Kaduna","lga":"Kajuru"},"geometry":{"type":"Polygon","coordinates":[[[7.6718,10.1031],[7.5876,10.2616],[7.7157,10.3538],[7.7926,10.4562],[7.803,10.4893],[7.8303,10.4956],[7.8452,10.4793],[7.8765,10.4856],[7.9186,10.5234],[7.9426,10.518],[7.9728,10.534],[8.0183,10.5319],[8.0323,10.5047],[8.0384,10.4461],[8.0314,10.3062],[8.0909,10.289],[8.1325,10.2617],[8.1862,10.1744],[8.1993,10.1345],[8.0438,10.0819],[8.0283,10.0893],[7.961,10.0766],[7.8749,10.049],[7.8331,10.0271],[7.7767,10.0139],[7.7421,10.0258],[7.6718,10.1031]]]}},{"type":"Feature","properties":{"state":"Kaduna","lga":"Kaura"},"geometry":{"type":"Polygon","coordinates":[[[8.5458,9.5252],[8.3816,9.4724],[8.353,9.505],[8.3259,9.5572],[8.3128,9.5664],[8.3305,9.5868],[8.3576,9.6452],[8.381,9.6651],[8.5121,9.6684],[8.5016,9.7222],[8.5479,9.7094],[8.6165,9.7143],[8.594,9.6967],[8.5876,9.6474],[8.559,9.6269],[8.5624,9.551],[8.5458,9.5252]]]}},{"type":"Feature","properties":{"state":"Kaduna","lga":"Kauru"},"geometry":{"type":"Polygon","coordinates":[[[8.0323,10.5047],[7.9706,10.6181],[7.9648,10.6511],[8.0064,10.6571],[8.0179,10.6692],[8.0744,10.6755],[8.2301,10.6258],[8.2614,10.5861],[8.3106,10.5501],[8.4055,10.5229],[8.3449,10.3549],[8.3369,10.2907],[8.3784,10.2466],[8.4345,10.2087],[8.4772,10.1186],[8.4725,10.0536],[8.4605,10.0138],[8.4602,9.9611],[8.5045,9.9847],[8.5365,9.9851],[8.5619,9.9983],[8.5838,9.9875],[8.6067,9.9366],[8.632,9.9233],[8.6231,9.7724],[8.6316,9.7387],[8.6165,9.7143],[8.5479,9.7094],[8.5004,9.7248],[8.5092,9.8176],[8.4797,9.8608],[8.4417,9.9675],[8.416,9.9834],[8.3031,10.0069],[8.2749,10.0212],[8.2297,10.0726],[8.1862,10.1744],[8.1325,10.2617],[8.0909,10.289],[8.0314,10.3062],[8.0384,10.4461],[8.0323,10.5047]]]}},{"type":"Feature","properties":{"state":"Kaduna","lga":"Kubau"},"geometry":{"type":"Polygon","coordinates":[[[8.1756,11.1053],[8.2402,11.1142],[8.3528,11.0861],[8.3738,11.087],[8.3884,11.1095],[8.3626,11.1597],[8.3586,11.1768],[8.3666,11.1882],[8.421,11.1309],[8.4621,11.1222],[8.5118,11.1279],[8.566,11.0303],[8.5721,10.9685],[8.5558,10.9295],[8.5395,10.851],[8.559,10.7544],[8.5557,10.7268],[8.544,10.7092],[8.4867,10.6938],[8.4777,10.6813],[8.4817,10.6677],[8.4247,10.6401],[8.411,10.588],[8.4168,10.5492],[8.4055,10.5229],[8.3106,10.5501],[8.2614,10.5861],[8.2301,10.6258],[8.1696,10.6497],[8.0744,10.6755],[8.0176,10.6671],[8.0371,10.7262],[8.0788,10.7744],[8.1908,10.8452],[8.2574,10.9087],[8.2657,10.9296],[8.2588,10.9538],[8.1951,10.9869],[8.1628,11.0412],[8.1595,11.0904],[8.1756,11.1053]]]}},{"type":"Feature","properties":{"state":"Kaduna","lga":"Kudan"},"geometry":{"type":"Polygon","coordinates":[[[7.6368,11.2551],[7.6388,11.2817],[7.656,11.2733],[7.7466,11.309],[7.7729,11.3594],[7.8497,11.363],[7.8535,11.3265],[7.8756,11.2886],[7.8805,11.2179],[7.891,11.1926],[7.7831,11.1197],[7.7821,11.1626],[7.764,11.2023],[7.7326,11.2081],[7.6788,11.1942],[7.6368,11.2551]]]}},{"type":"Feature","properties":{"state":"Kaduna","lga":"Lere"},"geometry":{"type":"Polygon","coordinates":[[[8.7413,10.5491],[8.7327,10.4858],[8.6947,10.4187],[8.6991,10.407],[8.7442,10.3791],[8.785,10.3357],[8.7667,10.2617],[8.7455,10.2368],[8.7101,10.225],[8.6794,10.2028],[8.645,10.1232],[8.6414,10.0798],[8.6634,10.0347],[8.6756,9.9783],[8.6369,9.9467],[8.632,9.9233],[8.6067,9.9366],[8.5838,9.9875],[8.5619,9.9983],[8.5365,9.9851],[8.5045,9.9847],[8.4602,9.9611],[8.4605,10.0138],[8.4725,10.0536],[8.4772,10.1186],[8.4345,10.2087],[8.3784,10.2466],[8.3369,10.2907],[8.3449,10.3549],[8.4168,10.5492],[8.411,10.588],[8.4247,10.6401],[8.4817,10.6677],[8.4874,10.6481],[8.5047,10.6309],[8.6181,10.6154],[8.6499,10.5714],[8.6758,10.5548],[8.7243,10.5444],[8.7413,10.5491]]]}},{"type":"Feature","properties":{"state":"Kaduna","lga":"Makarfi"},"geometry":{"type":"Polygon","coordinates":[[[7.9769,11.4575],[8.0429,11.3329],[8.0645,11.3131],[8.1207,11.2289],[8.1137,11.2124],[8.0606,11.1998],[7.9159,11.2001],[7.8884,11.194],[7.8756,11.2886],[7.8535,11.3265],[7.8497,11.363],[7.9769,11.4575]]]}},{"type":"Feature","properties":{"state":"Kaduna","lga":"Sabon-Ga"},"geometry":{"type":"Polygon","coordinates":[[[7.6044,11.1315],[7.5915,11.1415],[7.5902,11.1703],[7.6035,11.2372],[7.6368,11.2551],[7.6788,11.1942],[7.7326,11.2081],[7.764,11.2023],[7.7821,11.1626],[7.783,11.1165],[7.7723,11.1083],[7.7818,11.1059],[7.7166,11.0686],[7.6987,11.0933],[7.6661,11.118],[7.6044,11.1315]]]}},{"type":"Feature","properties":{"state":"Kaduna","lga":"Sanga"},"geometry":{"type":"Polygon","coordinates":[[[8.1321,9.0132],[8.1402,9.0556],[8.1751,9.1195],[8.1993,9.1444],[8.2195,9.1814],[8.2502,9.2032],[8.2517,9.2401],[8.2815,9.2433],[8.316,9.232],[8.3627,9.2456],[8.3861,9.2338],[8.4179,9.232],[8.4147,9.2915],[8.4505,9.3045],[8.4658,9.3708],[8.54,9.4448],[8.5785,9.4588],[8.6173,9.4021],[8.6689,9.3564],[8.6886,9.3077],[8.687,9.2681],[8.66,9.2048],[8.6424,9.1958],[8.5995,9.1056],[8.5329,9.0074],[8.467,9.0028],[8.4573,9.0333],[8.3711,9.1281],[8.3094,9.132],[8.2853,9.1521],[8.2637,9.1556],[8.2429,9.1399],[8.2285,9.1093],[8.1674,9.0391],[8.1321,9.0132]]]}},{"type":"Feature","properties":{"state":"Kaduna","lga":"Soba"},"geometry":{"type":"Polygon","coordinates":[[[7.9648,10.6511],[7.8769,10.6634],[7.8534,10.6771],[7.8281,10.7445],[7.7738,10.8074],[7.7786,10.8341],[7.8094,10.8667],[7.8235,10.9224],[7.8054,10.9572],[7.8008,10.9542],[7.7941,10.9777],[7.8047,11.0168],[7.8021,11.0721],[7.7913,11.098],[7.7723,11.1083],[7.8382,11.1622],[7.9049,11.1983],[8.0184,11.2005],[8.1756,11.1053],[8.1595,11.0904],[8.1628,11.0412],[8.1951,10.9869],[8.2588,10.9538],[8.2657,10.9296],[8.2574,10.9087],[8.1908,10.8452],[8.0788,10.7744],[8.0371,10.7262],[8.0125,10.661],[7.9648,10.6511]]]}},{"type":"Feature","properties":{"state":"Kaduna","lga":"ZangonKa"},"geometry":{"type":"Polygon","coordinates":[[[8.1834,9.497],[8.1307,9.5684],[8.1259,9.6123],[8.1058,9.6587],[8.071,9.6833],[8.0199,9.6932],[8.0021,9.7076],[7.9943,9.7269],[7.9934,9.7858],[7.9653,9.893],[7.9893,9.9678],[8.0467,10.0612],[8.0438,10.0819],[8.1993,10.1345],[8.2297,10.0726],[8.2749,10.0212],[8.3031,10.0069],[8.416,9.9834],[8.4417,9.9675],[8.4797,9.8608],[8.5092,9.8176],[8.5099,9.7754],[8.4978,9.7298],[8.5139,9.6763],[8.5121,9.6684],[8.4975,9.6661],[8.4217,9.6705],[8.381,9.6651],[8.3576,9.6452],[8.3305,9.5868],[8.3128,9.5664],[8.2749,9.5441],[8.2606,9.5077],[8.1834,9.497]]]}},{"type":"Feature","properties":{"state":"Kaduna","lga":"Zaria"},"geometry":{"type":"Polygon","coordinates":[[[7.6224,11.0008],[7.6429,11.0684],[7.6443,11.1],[7.6394,11.1218],[7.6044,11.1315],[7.6661,11.118],[7.6987,11.0933],[7.7166,11.0686],[7.7818,11.1059],[7.7913,11.098],[7.8021,11.0721],[7.8047,11.0168],[7.7943,10.9906],[7.7974,10.9521],[7.7606,10.945],[7.672,10.9487],[7.6323,10.9661],[7.6224,11.0008]]]}},{"type":"Feature","properties":{"state":"Kano","lga":"Ajingi"},"geometry":{"type":"Polygon","coordinates":[[[9.2051,11.9508],[9.2101,11.9059],[9.1922,11.8686],[9.0842,11.8646],[9.0465,11.841],[8.9744,11.847],[8.934,11.8906],[8.916,11.8948],[8.8927,11.8819],[8.8684,11.9131],[8.8315,11.8835],[8.8355,11.9608],[8.8297,11.9623],[8.8728,11.9856],[8.9007,12.0245],[8.9158,12.0258],[8.9194,12.0339],[8.9772,12.0613],[9.0279,12.0653],[9.037,12.0424],[9.0372,12.0015],[9.0594,11.9975],[9.0888,12.0004],[9.1701,12.0592],[9.2051,11.9508]]]}},{"type":"Feature","properties":{"state":"Kano","lga":"Albasu"},"geometry":{"type":"Polygon","coordinates":[[[9.1698,11.7038],[9.2124,11.7072],[9.2301,11.6914],[9.262,11.6159],[9.3144,11.5721],[9.2882,11.5639],[9.2229,11.5705],[9.2163,11.59],[9.1772,11.5835],[9.1706,11.6031],[9.138,11.6031],[9.076,11.5443],[9.0401,11.5443],[8.9563,11.5685],[8.9008,11.6079],[8.9089,11.6387],[8.9249,11.6529],[8.927,11.6723],[8.9373,11.6812],[8.9571,11.6778],[8.9658,11.6612],[9.0422,11.6765],[9.1099,11.6736],[9.1548,11.6885],[9.1698,11.7038]]]}},{"type":"Feature","properties":{"state":"Kano","lga":"Bagwai"},"geometry":{"type":"Polygon","coordinates":[[[8.1048,12.1896],[8.1689,12.1667],[8.1863,12.1162],[8.2202,12.0887],[8.2265,12.0503],[8.2262,12.0279],[8.2053,11.9975],[8.1357,11.9651],[8.1017,11.9819],[8.0912,12.0401],[8.0749,12.0526],[7.9969,12.0519],[7.9981,12.1334],[8.0061,12.1278],[8.0331,12.1561],[8.0607,12.1462],[8.0747,12.1522],[8.089,12.1798],[8.1048,12.1896]]]}},{"type":"Feature","properties":{"state":"Kano","lga":"Bebeji"},"geometry":{"type":"Polygon","coordinates":[[[8.2814,11.704],[8.3042,11.6321],[8.3265,11.6124],[8.3412,11.5849],[8.3988,11.5604],[8.4073,11.5159],[8.4202,11.5058],[8.4085,11.4708],[8.3924,11.4522],[8.3989,11.413],[8.386,11.3893],[8.3063,11.3199],[8.2546,11.3213],[8.2111,11.3409],[8.1735,11.4351],[8.1919,11.5389],[8.1914,11.5817],[8.2147,11.6495],[8.2478,11.7032],[8.2645,11.7147],[8.2814,11.704]]]}},{"type":"Feature","properties":{"state":"Kano","lga":"Bichi"},"geometry":{"type":"Polygon","coordinates":[[[8.2021,12.1569],[8.1048,12.1896],[8.0877,12.222],[8.0505,12.3272],[8.074,12.3491],[8.1212,12.3439],[8.3237,12.2603],[8.3384,12.2787],[8.3643,12.2841],[8.4007,12.3097],[8.4134,12.3389],[8.4239,12.3365],[8.4332,12.3095],[8.4643,12.2827],[8.4654,12.2468],[8.4451,12.2101],[8.4185,12.2339],[8.4101,12.2304],[8.3362,12.1619],[8.3012,12.1596],[8.2606,12.1268],[8.2464,12.125],[8.2021,12.1569]]]}},{"type":"Feature","properties":{"state":"Kano","lga":"Bunkure"},"geometry":{"type":"Polygon","coordinates":[[[8.6182,11.7289],[8.6375,11.6626],[8.6546,11.6526],[8.6655,11.6606],[8.6847,11.7347],[8.6991,11.7489],[8.7129,11.7472],[8.7269,11.7265],[8.7238,11.6174],[8.5899,11.5984],[8.5717,11.5913],[8.5591,11.5667],[8.5446,11.5583],[8.538,11.5924],[8.4617,11.5654],[8.4427,11.6345],[8.4131,11.6546],[8.4247,11.6905],[8.464,11.7024],[8.4967,11.7453],[8.5446,11.7678],[8.5626,11.7638],[8.5943,11.7246],[8.6067,11.7215],[8.6182,11.7289]]]}},{"type":"Feature","properties":{"state":"Kano","lga":"Dala"},"geometry":{"type":"Polygon","coordinates":[[[8.5016,11.9889],[8.4302,11.9749],[8.4291,11.9802],[8.4555,12.0188],[8.4823,12.029],[8.486,11.9913],[8.5016,11.9889]]]}},{"type":"Feature","properties":{"state":"Kano","lga":"Dambatta"},"geometry":{"type":"Polygon","coordinates":[[[8.552,12.5772],[8.6818,12.5393],[8.6848,12.4513],[8.7031,12.4294],[8.7648,12.3956],[8.7824,12.3469],[8.7733,12.3149],[8.7943,12.2904],[8.752,12.2656],[8.7167,12.2596],[8.7011,12.2621],[8.6426,12.3017],[8.629,12.2789],[8.6292,12.2581],[8.6064,12.2374],[8.5803,12.2299],[8.5711,12.2321],[8.5596,12.2782],[8.5159,12.3451],[8.4898,12.36],[8.4667,12.3447],[8.4653,12.3551],[8.4805,12.4513],[8.5169,12.4654],[8.5321,12.482],[8.5346,12.4979],[8.5179,12.512],[8.5035,12.5404],[8.5188,12.5495],[8.5277,12.5759],[8.552,12.5772]]]}},{"type":"Feature","properties":{"state":"Kano","lga":"DawakinK"},"geometry":{"type":"Polygon","coordinates":[[[8.7269,11.7265],[8.7129,11.7472],[8.6941,11.7461],[8.6705,11.6962],[8.6641,11.6578],[8.6475,11.6539],[8.634,11.6709],[8.6309,11.6963],[8.593,11.7876],[8.578,11.7979],[8.5188,11.8102],[8.492,11.8326],[8.4916,11.8414],[8.5233,11.8579],[8.5791,11.8674],[8.5992,11.8868],[8.6047,11.9158],[8.6721,11.8687],[8.7168,11.8174],[8.7969,11.7929],[8.7676,11.7523],[8.7269,11.7265]]]}},{"type":"Feature","properties":{"state":"Kano","lga":"DawakinT"},"geometry":{"type":"Polygon","coordinates":[[[8.2162,12.0944],[8.1863,12.1162],[8.1689,12.1667],[8.2021,12.1569],[8.2464,12.125],[8.2606,12.1268],[8.3012,12.1596],[8.3362,12.1619],[8.4101,12.2304],[8.4185,12.2339],[8.4451,12.2101],[8.4654,12.2471],[8.484,12.2475],[8.4929,12.2384],[8.4874,12.1158],[8.445,12.0862],[8.3999,12.0247],[8.4066,11.9744],[8.27,12.0767],[8.2162,12.0944]]]}},{"type":"Feature","properties":{"state":"Kano","lga":"Doguwa"},"geometry":{"type":"Polygon","coordinates":[[[8.7318,10.9627],[8.7445,10.8128],[8.8069,10.7435],[8.8193,10.717],[8.8206,10.685],[8.7991,10.6234],[8.7572,10.558],[8.7243,10.5444],[8.6564,10.566],[8.6181,10.6154],[8.5047,10.6309],[8.4874,10.6481],[8.4777,10.6813],[8.4867,10.6938],[8.544,10.7092],[8.5557,10.7268],[8.559,10.7544],[8.5407,10.8746],[8.5721,10.9685],[8.566,11.0303],[8.5227,11.1138],[8.4872,11.1468],[8.5636,11.2139],[8.6091,11.2339],[8.6207,11.219],[8.6307,11.1055],[8.6673,11.0736],[8.6778,11.0143],[8.6956,10.9983],[8.7102,10.9957],[8.7318,10.9627]]]}},{"type":"Feature","properties":{"state":"Kano","lga":"Fagge"},"geometry":{"type":"Polygon","coordinates":[[[8.5499,12.0141],[8.5777,12.0009],[8.5776,11.9663],[8.5381,11.9595],[8.5275,11.9719],[8.5308,11.9965],[8.5499,12.0141]]]}},{"type":"Feature","properties":{"state":"Kano","lga":"Gabasawa"},"geometry":{"type":"Polygon","coordinates":[[[8.7943,12.2904],[8.9209,12.2683],[8.9357,12.2555],[8.9488,12.2087],[8.9474,12.1196],[8.9284,12.0976],[8.9198,12.0702],[8.9464,12.0586],[8.9464,12.0423],[8.9007,12.0245],[8.8728,11.9856],[8.8537,11.9804],[8.8355,11.9611],[8.8069,11.9749],[8.8048,12.0028],[8.8245,11.9986],[8.796,12.066],[8.7837,12.0677],[8.7607,12.1019],[8.7591,12.1293],[8.7299,12.1425],[8.7023,12.1424],[8.6982,12.1593],[8.7011,12.2621],[8.752,12.2656],[8.7943,12.2904]]]}},{"type":"Feature","properties":{"state":"Kano","lga":"Garko"},"geometry":{"type":"Polygon","coordinates":[[[8.9008,11.6079],[8.9563,11.5685],[8.9944,11.5607],[9.0009,11.5019],[8.9662,11.5039],[8.9425,11.5399],[8.915,11.5602],[8.8627,11.5463],[8.8418,11.5175],[8.8426,11.4889],[8.8253,11.4748],[8.807,11.4174],[8.7894,11.3992],[8.7682,11.396],[8.7569,11.3816],[8.7212,11.4514],[8.7282,11.6916],[8.7401,11.7003],[8.7897,11.6627],[8.8139,11.6617],[8.8309,11.6384],[8.8362,11.658],[8.8456,11.6634],[8.8631,11.5978],[8.9008,11.6079]]]}},{"type":"Feature","properties":{"state":"Kano","lga":"Garum Mallam"},"geometry":{"type":"Polygon","coordinates":[[[8.3988,11.5604],[8.339,11.5872],[8.3265,11.6124],[8.3042,11.6321],[8.2861,11.6799],[8.2814,11.704],[8.3319,11.7205],[8.3563,11.743],[8.3816,11.7372],[8.3877,11.7139],[8.4122,11.715],[8.4312,11.7003],[8.4131,11.6546],[8.4427,11.6345],[8.4589,11.592],[8.4617,11.5654],[8.447,11.5576],[8.3988,11.5604]]]}},{"type":"Feature","properties":{"state":"Kano","lga":"Gaya"},"geometry":{"type":"Polygon","coordinates":[[[9.1922,11.8686],[9.1898,11.844],[9.1355,11.7693],[9.1276,11.736],[9.1325,11.7029],[9.1698,11.7038],[9.1548,11.6885],[9.1212,11.6749],[9.0422,11.6765],[8.9658,11.6612],[8.9537,11.6798],[8.9373,11.6812],[8.9278,11.6733],[8.8483,11.7789],[8.8692,11.8179],[8.9088,11.8608],[8.9106,11.8728],[8.9001,11.8827],[8.916,11.8948],[8.9406,11.8863],[8.9744,11.847],[9.0039,11.8424],[9.0465,11.841],[9.0699,11.8585],[9.0973,11.8666],[9.1922,11.8686]]]}},{"type":"Feature","properties":{"state":"Kano","lga":"Gezawa"},"geometry":{"type":"Polygon","coordinates":[[[8.5776,11.9663],[8.5777,12.0009],[8.5661,12.0114],[8.6312,12.0434],[8.6395,12.093],[8.7004,12.1461],[8.7591,12.1293],[8.7607,12.1019],[8.7837,12.0677],[8.796,12.066],[8.8245,11.9986],[8.8118,12.0049],[8.8025,11.9995],[8.8129,11.9666],[8.783,11.9638],[8.7509,11.9432],[8.7353,11.9456],[8.6951,11.9769],[8.6625,11.9723],[8.6202,11.951],[8.5776,11.9663]]]}},{"type":"Feature","properties":{"state":"Kano","lga":"Gwale"},"geometry":{"type":"Polygon","coordinates":[[[8.4302,11.9749],[8.5016,11.9889],[8.5118,11.9884],[8.5031,11.9648],[8.434,11.9468],[8.4302,11.9749]]]}},{"type":"Feature","properties":{"state":"Kano","lga":"Gwarzo"},"geometry":{"type":"Polygon","coordinates":[[[8.0251,11.9323],[8.0972,11.9189],[8.1063,11.9047],[8.0959,11.8926],[8.0737,11.887],[8.0549,11.8573],[8.0066,11.841],[7.9881,11.8246],[7.9582,11.818],[7.9133,11.7783],[7.883,11.783],[7.8577,11.7992],[7.862,11.8417],[7.8282,11.9147],[7.8376,11.9871],[7.8628,11.9834],[7.9003,11.949],[7.91,11.9293],[7.9816,11.9528],[8.0251,11.9323]]]}},{"type":"Feature","properties":{"state":"Kano","lga":"Kabo"},"geometry":{"type":"Polygon","coordinates":[[[8.1336,11.9655],[8.1594,11.9528],[8.1964,11.905],[8.2101,11.9056],[8.2286,11.922],[8.2538,11.9136],[8.2643,11.8748],[8.2562,11.8427],[8.2939,11.8284],[8.2477,11.7761],[8.2201,11.7795],[8.1894,11.7673],[8.1742,11.7899],[8.1413,11.7976],[8.1287,11.8121],[8.1289,11.829],[8.093,11.8464],[8.0785,11.8645],[8.0789,11.8873],[8.1007,11.8975],[8.1072,11.9079],[8.1019,11.9166],[8.0251,11.9323],[8.0535,11.9562],[8.105,11.9482],[8.1283,11.9564],[8.1336,11.9655]]]}},{"type":"Feature","properties":{"state":"Kano","lga":"Kano"},"geometry":{"type":"Polygon","coordinates":[[[8.434,11.9468],[8.5034,11.9656],[8.5095,11.9588],[8.5048,11.9265],[8.4725,11.9202],[8.4485,11.9272],[8.434,11.9468]]]}},{"type":"Feature","properties":{"state":"Kano","lga":"Karaye"},"geometry":{"type":"Polygon","coordinates":[[[7.8577,11.7992],[7.883,11.783],[7.9133,11.7783],[7.9582,11.818],[7.9881,11.8246],[8.0066,11.841],[8.0549,11.8573],[8.0753,11.8877],[8.0819,11.8569],[8.1289,11.829],[8.1305,11.8089],[8.1533,11.7936],[8.0895,11.7552],[8.0623,11.7481],[8.0464,11.6675],[8.026,11.6546],[7.9992,11.6678],[7.972,11.6317],[7.9679,11.6399],[7.9179,11.6349],[7.9058,11.6449],[7.8512,11.7772],[7.8577,11.7992]]]}},{"type":"Feature","properties":{"state":"Kano","lga":"Kibiya"},"geometry":{"type":"Polygon","coordinates":[[[8.6286,11.6036],[8.7238,11.6174],[8.7209,11.4572],[8.6791,11.4083],[8.569,11.3349],[8.5706,11.3601],[8.5541,11.381],[8.5731,11.4079],[8.557,11.4605],[8.5604,11.4894],[8.5666,11.5063],[8.5951,11.5216],[8.6087,11.5388],[8.6102,11.5864],[8.6286,11.6036]]]}},{"type":"Feature","properties":{"state":"Kano","lga":"Kiru"},"geometry":{"type":"Polygon","coordinates":[[[8.2027,11.3045],[8.1377,11.3357],[8.1126,11.3761],[8.1123,11.3956],[8.1463,11.4597],[8.1412,11.4796],[8.1032,11.4955],[8.0299,11.4758],[8.0279,11.5198],[7.9981,11.5385],[7.9832,11.5819],[7.9673,11.5987],[7.972,11.6317],[7.9811,11.6362],[7.9883,11.66],[8.0015,11.6676],[8.026,11.6546],[8.0464,11.6675],[8.0623,11.7481],[8.0895,11.7552],[8.1533,11.7936],[8.1742,11.7899],[8.1894,11.7673],[8.2201,11.7795],[8.2454,11.7769],[8.2582,11.7236],[8.256,11.709],[8.2219,11.6648],[8.1914,11.5817],[8.1919,11.5389],[8.1744,11.4538],[8.1779,11.4124],[8.2142,11.3386],[8.2546,11.3213],[8.3082,11.3188],[8.2948,11.3067],[8.2649,11.3006],[8.2342,11.3087],[8.2027,11.3045]]]}},{"type":"Feature","properties":{"state":"Kano","lga":"Kumbotso"},"geometry":{"type":"Polygon","coordinates":[[[8.6047,11.9158],[8.5992,11.8868],[8.5791,11.8674],[8.536,11.8591],[8.5014,11.8718],[8.4391,11.8716],[8.411,11.8876],[8.3943,11.9132],[8.3809,11.9194],[8.4048,11.9609],[8.4327,11.9593],[8.4343,11.944],[8.4638,11.9194],[8.5378,11.9338],[8.5671,11.9471],[8.6047,11.9158]]]}},{"type":"Feature","properties":{"state":"Kano","lga":"Kunchi"},"geometry":{"type":"Polygon","coordinates":[[[8.2828,12.5696],[8.3395,12.47],[8.3411,12.4389],[8.3625,12.4243],[8.3761,12.3836],[8.4135,12.341],[8.4007,12.3097],[8.3643,12.2841],[8.3384,12.2787],[8.3237,12.2603],[8.1212,12.3439],[8.074,12.3491],[8.0668,12.3707],[8.1073,12.39],[8.1346,12.4129],[8.1527,12.4826],[8.1874,12.5557],[8.208,12.564],[8.2828,12.5696]]]}},{"type":"Feature","properties":{"state":"Kano","lga":"Kura"},"geometry":{"type":"Polygon","coordinates":[[[8.6182,11.7289],[8.6067,11.7215],[8.5943,11.7246],[8.5626,11.7638],[8.5446,11.7678],[8.4967,11.7453],[8.464,11.7024],[8.4339,11.6955],[8.4168,11.7134],[8.3877,11.7139],[8.3816,11.7372],[8.3563,11.743],[8.3704,11.7823],[8.4042,11.8209],[8.4888,11.8386],[8.5188,11.8102],[8.578,11.7979],[8.593,11.7876],[8.6182,11.7289]]]}},{"type":"Feature","properties":{"state":"Kano","lga":"Madobi"},"geometry":{"type":"Polygon","coordinates":[[[8.2814,11.704],[8.2661,11.7147],[8.256,11.709],[8.2493,11.7822],[8.3832,11.907],[8.3832,11.9165],[8.3943,11.9132],[8.411,11.8876],[8.4391,11.8716],[8.5014,11.8718],[8.536,11.8591],[8.491,11.8384],[8.4147,11.8277],[8.3704,11.7823],[8.3561,11.7417],[8.3426,11.7284],[8.2814,11.704]]]}},{"type":"Feature","properties":{"state":"Kano","lga":"Makoda"},"geometry":{"type":"Polygon","coordinates":[[[8.3986,12.5196],[8.4911,12.5717],[8.5277,12.5759],[8.5188,12.5495],[8.5035,12.5404],[8.5179,12.512],[8.5346,12.4979],[8.5321,12.482],[8.5169,12.4654],[8.4805,12.4513],[8.4653,12.3551],[8.4667,12.3447],[8.4898,12.36],[8.5159,12.3451],[8.5651,12.2643],[8.575,12.2312],[8.5618,12.2244],[8.5509,12.2281],[8.5432,12.2621],[8.5272,12.255],[8.5207,12.2379],[8.4962,12.229],[8.484,12.2475],[8.4654,12.2471],[8.4643,12.2827],[8.4332,12.3095],[8.4239,12.3365],[8.4129,12.339],[8.4,12.3629],[8.3816,12.3766],[8.3635,12.4098],[8.3625,12.4243],[8.3886,12.4784],[8.3986,12.5196]]]}},{"type":"Feature","properties":{"state":"Kano","lga":"Minjibir"},"geometry":{"type":"Polygon","coordinates":[[[8.553,12.224],[8.6064,12.2374],[8.6292,12.2581],[8.629,12.2789],[8.6426,12.3017],[8.7011,12.2621],[8.7004,12.1461],[8.6395,12.093],[8.6302,12.0735],[8.5553,12.0654],[8.5341,12.077],[8.5252,12.0983],[8.4875,12.1172],[8.4963,12.2292],[8.5207,12.2379],[8.5379,12.2623],[8.5491,12.2505],[8.553,12.224]]]}},{"type":"Feature","properties":{"state":"Kano","lga":"Nassaraw"},"geometry":{"type":"Polygon","coordinates":[[[8.5269,11.9881],[8.486,11.9913],[8.4801,12.0179],[8.487,12.0291],[8.5178,12.0117],[8.5499,12.0141],[8.5269,11.9881]]]}},{"type":"Feature","properties":{"state":"Kano","lga":"Rano"},"geometry":{"type":"Polygon","coordinates":[[[8.3989,11.413],[8.3924,11.4522],[8.4085,11.4708],[8.4202,11.5058],[8.4073,11.5159],[8.3988,11.5604],[8.447,11.5576],[8.538,11.5924],[8.5446,11.5583],[8.5591,11.5667],[8.5717,11.5913],[8.6286,11.6036],[8.6102,11.5864],[8.6087,11.5388],[8.5951,11.5216],[8.5666,11.5063],[8.5604,11.4894],[8.557,11.4605],[8.5731,11.4079],[8.5541,11.381],[8.5706,11.3601],[8.5632,11.3298],[8.5268,11.3253],[8.5002,11.3338],[8.4164,11.3813],[8.3989,11.413]]]}},{"type":"Feature","properties":{"state":"Kano","lga":"RiminGad"},"geometry":{"type":"Polygon","coordinates":[[[8.1357,11.9651],[8.1805,11.9835],[8.2159,12.0083],[8.249,12.0045],[8.2734,11.9832],[8.3203,11.9138],[8.383,11.9162],[8.3844,11.9103],[8.2937,11.8285],[8.2562,11.8427],[8.2643,11.8748],[8.2489,11.919],[8.2286,11.922],[8.2101,11.9056],[8.1964,11.905],[8.1594,11.9528],[8.1357,11.9651]]]}},{"type":"Feature","properties":{"state":"Kano","lga":"Rogo"},"geometry":{"type":"Polygon","coordinates":[[[8.0299,11.4758],[8.0107,11.4759],[7.933,11.4306],[7.8655,11.3696],[7.8261,11.3589],[7.7763,11.3592],[7.7077,11.4133],[7.6876,11.4954],[7.712,11.5379],[7.7132,11.5732],[7.7426,11.5992],[7.8033,11.6156],[7.8428,11.6426],[7.8866,11.6438],[7.9012,11.6519],[7.9179,11.6349],[7.9712,11.6379],[7.9673,11.5987],[7.9832,11.5819],[7.9981,11.5385],[8.0279,11.5198],[8.0299,11.4758]]]}},{"type":"Feature","properties":{"state":"Kano","lga":"Shanono"},"geometry":{"type":"Polygon","coordinates":[[[7.9981,12.1334],[7.9969,12.0519],[8.0749,12.0526],[8.0912,12.0401],[8.1017,11.9819],[8.1338,11.9606],[8.105,11.9482],[8.0535,11.9562],[8.0176,11.9304],[7.9816,11.9528],[7.91,11.9293],[7.9003,11.949],[7.8628,11.9834],[7.8376,11.9871],[7.8403,12.1053],[7.8308,12.2111],[7.8382,12.2629],[7.8593,12.2823],[7.911,12.2038],[7.934,12.195],[7.951,12.1717],[7.9825,12.158],[7.9981,12.1334]]]}},{"type":"Feature","properties":{"state":"Kano","lga":"Sumaila"},"geometry":{"type":"Polygon","coordinates":[[[9.08,11.3231],[9.0314,11.2966],[9.0206,11.279],[8.944,11.2126],[8.8569,11.0957],[8.7716,11.0865],[8.7399,11.1535],[8.6936,11.1987],[8.6832,11.2199],[8.6949,11.2602],[8.7292,11.2882],[8.7407,11.3094],[8.7569,11.3816],[8.7682,11.396],[8.7894,11.3992],[8.807,11.4174],[8.8253,11.4748],[8.8426,11.4889],[8.8418,11.5175],[8.8503,11.534],[8.8627,11.5463],[8.8976,11.5591],[8.9254,11.5539],[8.9634,11.5129],[8.9698,11.4843],[8.9578,11.4791],[8.9483,11.4543],[8.9621,11.4316],[8.9685,11.4303],[8.981,11.4531],[8.9943,11.4589],[8.9987,11.4118],[9.0422,11.3959],[9.08,11.3231]]]}},{"type":"Feature","properties":{"state":"Kano","lga":"Takai"},"geometry":{"type":"Polygon","coordinates":[[[9.2247,11.3425],[9.1356,11.3078],[9.1172,11.3094],[9.0988,11.3263],[9.08,11.3231],[9.0422,11.3959],[8.9987,11.4118],[8.9971,11.4563],[8.981,11.4531],[8.9658,11.4298],[8.9483,11.4543],[8.9578,11.4791],[8.9698,11.4843],[8.9662,11.5039],[9.0009,11.5019],[8.9952,11.5533],[9.076,11.5443],[9.138,11.6031],[9.1706,11.6031],[9.1772,11.5835],[9.2163,11.59],[9.2229,11.5705],[9.2882,11.5639],[9.3144,11.5721],[9.3416,11.5654],[9.3559,11.547],[9.241,11.4374],[9.2234,11.3782],[9.2247,11.3425]]]}},{"type":"Feature","properties":{"state":"Kano","lga":"Tarauni"},"geometry":{"type":"Polygon","coordinates":[[[8.5269,11.9881],[8.5319,11.9636],[8.5622,11.9612],[8.5671,11.9471],[8.5048,11.9265],[8.5095,11.9588],[8.5034,11.9656],[8.5118,11.9884],[8.5269,11.9881]]]}},{"type":"Feature","properties":{"state":"Kano","lga":"Tofa"},"geometry":{"type":"Polygon","coordinates":[[[8.2159,12.0083],[8.2285,12.0349],[8.2162,12.0944],[8.27,12.0767],[8.4086,11.9764],[8.383,11.9162],[8.3203,11.9138],[8.2734,11.9832],[8.249,12.0045],[8.2159,12.0083]]]}},{"type":"Feature","properties":{"state":"Kano","lga":"Tsanyawa"},"geometry":{"type":"Polygon","coordinates":[[[8.1048,12.1896],[8.089,12.1798],[8.0747,12.1522],[8.0607,12.1462],[8.0331,12.1561],[8.0061,12.1278],[7.9825,12.158],[7.951,12.1717],[7.934,12.195],[7.911,12.2038],[7.8593,12.2823],[7.9391,12.3309],[8.0668,12.3707],[8.0743,12.3484],[8.0505,12.3272],[8.1048,12.1896]]]}},{"type":"Feature","properties":{"state":"Kano","lga":"Tundun Wada"},"geometry":{"type":"Polygon","coordinates":[[[8.7716,11.0865],[8.7501,11.0568],[8.7318,10.9627],[8.7102,10.9957],[8.6956,10.9983],[8.6778,11.0143],[8.6673,11.0736],[8.6307,11.1055],[8.6207,11.219],[8.6091,11.2339],[8.5636,11.2139],[8.4871,11.1466],[8.4211,11.2034],[8.3119,11.2212],[8.2551,11.287],[8.2027,11.3045],[8.2342,11.3087],[8.2649,11.3006],[8.2989,11.3086],[8.3149,11.33],[8.3624,11.3637],[8.3989,11.413],[8.4164,11.3813],[8.5002,11.3338],[8.5268,11.3253],[8.5632,11.3298],[8.6791,11.4083],[8.7209,11.4572],[8.7581,11.3797],[8.7555,11.3594],[8.7375,11.3024],[8.6949,11.2602],[8.6832,11.2199],[8.6936,11.1987],[8.7399,11.1535],[8.7716,11.0865]]]}},{"type":"Feature","properties":{"state":"Kano","lga":"Ungogo"},"geometry":{"type":"Polygon","coordinates":[[[8.487,12.0291],[8.4555,12.0188],[8.4412,12.0046],[8.4291,11.9802],[8.4327,11.9593],[8.4048,11.9609],[8.4096,11.9804],[8.3999,12.0247],[8.445,12.0862],[8.4875,12.1172],[8.5252,12.0983],[8.5341,12.077],[8.5553,12.0654],[8.6316,12.075],[8.6312,12.0434],[8.5737,12.0127],[8.5178,12.0117],[8.487,12.0291]]]}},{"type":"Feature","properties":{"state":"Kano","lga":"Warawa"},"geometry":{"type":"Polygon","coordinates":[[[8.7921,11.9662],[8.8355,11.9608],[8.8329,11.8601],[8.8082,11.8344],[8.7969,11.7929],[8.7168,11.8174],[8.6721,11.8687],[8.6358,11.8901],[8.5604,11.9548],[8.5814,11.9665],[8.6202,11.951],[8.6795,11.9775],[8.7055,11.9725],[8.7353,11.9456],[8.7509,11.9432],[8.7921,11.9662]]]}},{"type":"Feature","properties":{"state":"Kano","lga":"Wudil"},"geometry":{"type":"Polygon","coordinates":[[[8.8315,11.8835],[8.8684,11.9131],[8.8899,11.8837],[8.9113,11.8701],[8.849,11.7847],[8.9293,11.6631],[8.9089,11.6387],[8.9008,11.6079],[8.875,11.5959],[8.8631,11.5978],[8.8456,11.6634],[8.8362,11.658],[8.8309,11.6384],[8.8139,11.6617],[8.7897,11.6627],[8.7401,11.7003],[8.7262,11.6882],[8.7243,11.7223],[8.7676,11.7523],[8.7896,11.78],[8.8082,11.8344],[8.8329,11.8601],[8.8315,11.8835]]]}},{"type":"Feature","properties":{"state":"Katsina","lga":"Bakori"},"geometry":{"type":"Polygon","coordinates":[[[7.3614,11.5324],[7.3322,11.624],[7.3331,11.6937],[7.3258,11.7225],[7.2914,11.7383],[7.2906,11.748],[7.3055,11.7821],[7.3892,11.7934],[7.4115,11.7786],[7.4323,11.725],[7.46,11.7059],[7.4987,11.6618],[7.5191,11.6505],[7.5411,11.6555],[7.5389,11.5662],[7.5852,11.5076],[7.5603,11.4616],[7.5798,11.4089],[7.5097,11.4267],[7.5007,11.4559],[7.5014,11.4979],[7.486,11.5155],[7.4322,11.4962],[7.3892,11.46],[7.3756,11.4638],[7.3592,11.4957],[7.3614,11.5324]]]}},{"type":"Feature","properties":{"state":"Katsina","lga":"Batagarawa"},"geometry":{"type":"Polygon","coordinates":[[[7.3695,12.841],[7.3661,12.9074],[7.3857,12.906],[7.4112,12.8839],[7.4214,12.8858],[7.5527,12.9645],[7.5748,12.9364],[7.6099,12.9266],[7.6613,12.9917],[7.715,13.0309],[7.7058,12.9975],[7.757,12.9812],[7.7505,12.9532],[7.6453,12.8718],[7.6011,12.8185],[7.5391,12.695],[7.5215,12.6907],[7.5089,12.6965],[7.5075,12.7254],[7.5785,12.8286],[7.5812,12.8503],[7.5722,12.8643],[7.5157,12.857],[7.4511,12.8257],[7.3695,12.841]]]}},{"type":"Feature","properties":{"state":"Katsina","lga":"Batsari"},"geometry":{"type":"Polygon","coordinates":[[[7.3661,12.9074],[7.3666,12.8447],[7.3814,12.8292],[7.4202,12.8205],[7.4325,12.7987],[7.4336,12.7724],[7.4186,12.733],[7.4055,12.7204],[7.413,12.6765],[7.4064,12.6672],[7.3839,12.6528],[7.3278,12.6471],[7.2708,12.6225],[7.167,12.6448],[7.0582,12.6178],[7.0511,12.7758],[7.0753,12.7862],[7.0856,12.7824],[7.0975,12.792],[7.143,12.8906],[7.1598,12.8993],[7.1825,12.8956],[7.2251,12.8544],[7.269,12.8546],[7.267,12.8943],[7.2223,12.9725],[7.2232,13.0043],[7.2437,13.0066],[7.3246,12.9619],[7.3416,12.923],[7.3661,12.9074]]]}},{"type":"Feature","properties":{"state":"Katsina","lga":"Baure"},"geometry":{"type":"Polygon","coordinates":[[[8.977,12.8345],[8.9767,12.8208],[8.9445,12.8069],[8.9352,12.795],[8.9184,12.7533],[8.8669,12.7125],[8.7994,12.6849],[8.74,12.676],[8.7159,12.6873],[8.7055,12.712],[8.6632,12.6879],[8.6312,12.6963],[8.5938,12.7187],[8.5771,12.7377],[8.5557,12.8071],[8.631,12.8523],[8.662,12.8483],[8.7064,12.8569],[8.7124,12.8828],[8.6992,12.9166],[8.977,12.8345]]]}},{"type":"Feature","properties":{"state":"Katsina","lga":"Bindawa"},"geometry":{"type":"Polygon","coordinates":[[[7.8015,12.6188],[7.7877,12.6447],[7.7473,12.6519],[7.7389,12.6631],[7.7413,12.6887],[7.771,12.7198],[7.7666,12.7774],[7.7725,12.7895],[7.8423,12.8138],[7.8849,12.8117],[7.9065,12.8221],[7.9644,12.7865],[7.9749,12.7709],[7.9654,12.7224],[7.9291,12.7547],[7.9148,12.7574],[7.9004,12.7306],[7.8868,12.646],[7.8937,12.6361],[7.9317,12.6308],[7.9495,12.6023],[7.9611,12.5631],[7.922,12.5747],[7.8978,12.6053],[7.8416,12.6052],[7.8015,12.6188]]]}},{"type":"Feature","properties":{"state":"Katsina","lga":"Charanchi"},"geometry":{"type":"Polygon","coordinates":[[[7.5465,12.7076],[7.5446,12.7064],[7.5478,12.7177],[7.5513,12.722],[7.5893,12.7226],[7.611,12.7134],[7.6376,12.7217],[7.6877,12.7054],[7.7206,12.6818],[7.7374,12.6804],[7.7421,12.6539],[7.7778,12.6492],[7.7989,12.6282],[7.7921,12.5917],[7.7445,12.563],[7.728,12.5358],[7.7282,12.5028],[7.7046,12.4682],[7.7033,12.4223],[7.6922,12.4104],[7.6691,12.4062],[7.6592,12.4451],[7.6195,12.4608],[7.6312,12.4743],[7.6346,12.497],[7.6153,12.6135],[7.5899,12.6158],[7.5599,12.6853],[7.5465,12.7076]]]}},{"type":"Feature","properties":{"state":"Katsina","lga":"Dandume"},"geometry":{"type":"Polygon","coordinates":[[[7.3259,11.2598],[7.273,11.2689],[7.2265,11.2581],[7.2152,11.2436],[7.2105,11.2487],[7.2004,11.2961],[7.1643,11.3186],[7.1452,11.3599],[7.1116,11.3847],[7.0871,11.4318],[7.0853,11.4629],[7.108,11.5165],[7.1383,11.5244],[7.1821,11.4859],[7.229,11.4853],[7.2799,11.405],[7.3,11.3152],[7.3287,11.2947],[7.3259,11.2598]]]}},{"type":"Feature","properties":{"state":"Katsina","lga":"Danja"},"geometry":{"type":"Polygon","coordinates":[[[7.6388,11.2817],[7.5817,11.3384],[7.4722,11.375],[7.4498,11.3706],[7.4078,11.3361],[7.4052,11.3733],[7.3744,11.4226],[7.3795,11.4522],[7.4322,11.4962],[7.486,11.5155],[7.5014,11.4979],[7.5007,11.4559],[7.5097,11.4267],[7.6253,11.3927],[7.7137,11.4077],[7.7763,11.3592],[7.7466,11.309],[7.656,11.2733],[7.6388,11.2817]]]}},{"type":"Feature","properties":{"state":"Katsina","lga":"Danmusa"},"geometry":{"type":"Polygon","coordinates":[[[7.4445,12.2764],[7.4627,12.2326],[7.5228,12.2393],[7.5235,12.1686],[7.5447,12.131],[7.5278,12.1285],[7.4686,12.0893],[7.3814,12.083],[7.3371,12.1147],[7.2576,12.1244],[7.2419,12.1164],[7.2185,12.1307],[7.1927,12.1902],[7.143,12.2235],[7.1331,12.2883],[7.1624,12.2998],[7.1831,12.3252],[7.2277,12.3314],[7.3246,12.3191],[7.3594,12.2938],[7.4074,12.2731],[7.4199,12.2808],[7.4445,12.2764]]]}},{"type":"Feature","properties":{"state":"Katsina","lga":"Daura"},"geometry":{"type":"Polygon","coordinates":[[[8.2156,12.8708],[8.1694,12.9632],[8.1598,13.0222],[8.1406,13.0461],[8.2167,13.089],[8.2911,13.0359],[8.3391,13.0373],[8.3481,12.9978],[8.3088,12.9701],[8.3087,12.9149],[8.2482,12.8764],[8.2156,12.8708]]]}},{"type":"Feature","properties":{"state":"Katsina","lga":"Dutsi"},"geometry":{"type":"Polygon","coordinates":[[[8.2301,12.8256],[8.132,12.8128],[8.1233,12.7937],[8.0778,12.8074],[8.0695,12.8366],[8.0943,12.8957],[8.0404,13.0038],[8.0773,12.9756],[8.1112,13.0147],[8.1469,13.0188],[8.1573,13.0277],[8.1694,12.9632],[8.2086,12.8944],[8.2301,12.8256]]]}},{"type":"Feature","properties":{"state":"Katsina","lga":"Dutsin-M"},"geometry":{"type":"Polygon","coordinates":[[[7.6183,12.5851],[7.6341,12.487],[7.5988,12.4315],[7.5916,12.4042],[7.5896,12.3852],[7.6035,12.3413],[7.5879,12.3392],[7.5247,12.3565],[7.5293,12.3157],[7.5202,12.2914],[7.5228,12.2393],[7.4627,12.2326],[7.4395,12.2914],[7.4416,12.3277],[7.4572,12.3782],[7.4571,12.4209],[7.4277,12.4753],[7.4078,12.5469],[7.4429,12.5571],[7.4883,12.5463],[7.5392,12.5453],[7.6183,12.5851]]]}},{"type":"Feature","properties":{"state":"Katsina","lga":"Faskari"},"geometry":{"type":"Polygon","coordinates":[[[7.3055,11.7821],[7.2895,11.742],[7.3258,11.7225],[7.3331,11.6937],[7.3322,11.624],[7.3476,11.5768],[7.2462,11.5713],[7.2326,11.5818],[7.2128,11.5546],[7.2009,11.5558],[7.1465,11.5273],[7.108,11.5165],[7.0909,11.4658],[7.0406,11.4449],[7.0094,11.4471],[6.967,11.4176],[6.9507,11.3895],[6.904,11.3641],[6.9231,11.4822],[6.9084,11.541],[6.8775,11.5713],[6.8751,11.5884],[6.8823,11.6483],[6.9075,11.7141],[6.918,11.7777],[6.9422,11.7911],[7.0491,11.7932],[7.0696,11.7793],[7.1486,11.8425],[7.1574,11.8934],[7.2113,11.8806],[7.2419,11.91],[7.2531,11.908],[7.2666,11.8911],[7.2873,11.8525],[7.3055,11.7821]]]}},{"type":"Feature","properties":{"state":"Katsina","lga":"Funtua"},"geometry":{"type":"Polygon","coordinates":[[[7.4078,11.3361],[7.3864,11.299],[7.3811,11.2597],[7.3718,11.2511],[7.3492,11.2497],[7.3259,11.2598],[7.3287,11.2947],[7.3,11.3152],[7.2799,11.405],[7.2427,11.4665],[7.229,11.4853],[7.1765,11.4884],[7.1383,11.5244],[7.2009,11.5558],[7.2128,11.5546],[7.2326,11.5818],[7.2462,11.5713],[7.3476,11.5768],[7.3614,11.5324],[7.3592,11.4957],[7.3756,11.4638],[7.3892,11.46],[7.3795,11.4522],[7.3744,11.4226],[7.4052,11.3733],[7.4078,11.3361]]]}},{"type":"Feature","properties":{"state":"Katsina","lga":"Ingawa"},"geometry":{"type":"Polygon","coordinates":[[[8.1233,12.7937],[8.1248,12.7654],[8.1128,12.7114],[8.1139,12.6505],[8.1233,12.6391],[8.1696,12.6243],[8.2494,12.6224],[8.2628,12.6112],[8.2828,12.5696],[8.208,12.564],[8.1874,12.5557],[8.1527,12.4826],[8.1346,12.4129],[8.0905,12.3813],[8.0716,12.4169],[8.0606,12.4645],[8.0445,12.4831],[8.0408,12.5241],[8.0263,12.5565],[7.9991,12.5708],[7.9619,12.5614],[7.937,12.6246],[7.9199,12.6362],[7.8937,12.6361],[7.887,12.6509],[7.9004,12.7306],[7.9148,12.7574],[7.941,12.7459],[7.9744,12.7109],[7.9967,12.7077],[8.0804,12.7714],[8.0838,12.8033],[8.1233,12.7937]]]}},{"type":"Feature","properties":{"state":"Katsina","lga":"Jibia"},"geometry":{"type":"Polygon","coordinates":[[[7.5532,12.9627],[7.4112,12.8839],[7.3857,12.906],[7.3493,12.9143],[7.3308,12.9375],[7.3246,12.9619],[7.2332,13.01],[7.2183,12.9888],[7.267,12.8943],[7.269,12.8546],[7.2339,12.8513],[7.1825,12.8956],[7.1505,12.8964],[7.0975,12.792],[7.0856,12.7824],[7.0753,12.7862],[7.0511,12.7758],[7.0407,12.8297],[7.064,13.0012],[7.1425,13.0261],[7.2279,13.1109],[7.4008,13.1017],[7.5391,13.175],[7.5396,13.1484],[7.4973,13.0907],[7.5134,13.0502],[7.556,13.0108],[7.5593,12.981],[7.5532,12.9627]]]}},{"type":"Feature","properties":{"state":"Katsina","lga":"Kafur"},"geometry":{"type":"Polygon","coordinates":[[[7.8533,11.862],[7.862,11.8417],[7.8512,11.7772],[7.9019,11.653],[7.8866,11.6438],[7.8428,11.6426],[7.8033,11.6156],[7.7426,11.5992],[7.7132,11.5732],[7.712,11.5379],[7.6876,11.4954],[7.7137,11.4077],[7.6253,11.3927],[7.5798,11.4089],[7.5603,11.4616],[7.5852,11.5076],[7.5634,11.5279],[7.5367,11.5751],[7.5444,11.6683],[7.5692,11.7043],[7.5944,11.7027],[7.6725,11.7433],[7.7002,11.7895],[7.734,11.8155],[7.8533,11.862]]]}},{"type":"Feature","properties":{"state":"Katsina","lga":"Kaita"},"geometry":{"type":"Polygon","coordinates":[[[7.7315,13.0382],[7.6849,13.0087],[7.6542,13.0565],[7.6178,13.0709],[7.5986,13.0643],[7.556,13.0108],[7.5134,13.0502],[7.4973,13.0907],[7.5396,13.1484],[7.5391,13.175],[7.8042,13.3343],[7.8249,13.3396],[7.8745,13.3325],[7.8781,13.2784],[7.9002,13.2373],[7.9037,13.2081],[7.9001,13.1845],[7.8732,13.1274],[7.8122,13.0499],[7.8093,13.0363],[7.7865,13.0203],[7.7787,13.0292],[7.7315,13.0382]]]}},{"type":"Feature","properties":{"state":"Katsina","lga":"Kankara"},"geometry":{"type":"Polygon","coordinates":[[[7.4887,11.6713],[7.46,11.7059],[7.4323,11.725],[7.407,11.785],[7.3892,11.7934],[7.3055,11.7821],[7.2873,11.8525],[7.2666,11.8911],[7.2531,11.908],[7.2419,11.91],[7.2337,11.9374],[7.1717,11.9965],[7.1309,12.015],[7.1106,12.0342],[7.1321,12.0709],[7.1575,12.1541],[7.143,12.2235],[7.1927,12.1902],[7.211,12.1405],[7.2419,12.1164],[7.2576,12.1244],[7.3151,12.1126],[7.3271,12.1171],[7.3814,12.083],[7.4574,12.0887],[7.4623,12.0737],[7.4988,12.072],[7.5366,12.0466],[7.5643,12.0069],[7.556,11.9815],[7.4705,11.9274],[7.4783,11.9211],[7.5072,11.9241],[7.5434,11.9139],[7.6017,11.9346],[7.6238,11.9166],[7.5966,11.863],[7.5084,11.76],[7.4887,11.6713]]]}},{"type":"Feature","properties":{"state":"Katsina","lga":"Kankiya"},"geometry":{"type":"Polygon","coordinates":[[[7.9094,12.3147],[7.8382,12.2629],[7.8339,12.247],[7.8161,12.2516],[7.7668,12.2839],[7.7217,12.2961],[7.6704,12.3537],[7.6413,12.3554],[7.6035,12.3413],[7.5896,12.3852],[7.5988,12.4315],[7.6195,12.4608],[7.6592,12.4451],[7.6691,12.4062],[7.6994,12.4172],[7.7025,12.4629],[7.7282,12.5028],[7.728,12.5358],[7.7445,12.563],[7.7921,12.5917],[7.8015,12.6188],[7.8416,12.6052],[7.8978,12.6053],[7.922,12.5747],[7.9386,12.5678],[7.9286,12.5436],[7.9332,12.4832],[7.8849,12.4633],[7.8787,12.4378],[7.9094,12.3147]]]}},{"type":"Feature","properties":{"state":"Katsina","lga":"Katsina (K)"},"geometry":{"type":"Polygon","coordinates":[[[7.6849,13.0087],[7.6613,12.9917],[7.6099,12.9266],[7.5864,12.9291],[7.556,12.9542],[7.5604,13.0226],[7.6046,13.0673],[7.6234,13.0705],[7.6542,13.0565],[7.6849,13.0087]]]}},{"type":"Feature","properties":{"state":"Katsina","lga":"Kurfi"},"geometry":{"type":"Polygon","coordinates":[[[7.3695,12.841],[7.4511,12.8257],[7.5157,12.857],[7.5722,12.8643],[7.5812,12.8503],[7.5785,12.8286],[7.5053,12.7126],[7.5082,12.6972],[7.5215,12.6907],[7.5391,12.695],[7.5465,12.7076],[7.5899,12.6158],[7.6153,12.6135],[7.6183,12.5851],[7.5392,12.5453],[7.4883,12.5463],[7.4429,12.5571],[7.4078,12.5469],[7.3812,12.6152],[7.3798,12.6455],[7.413,12.6765],[7.4055,12.7204],[7.4186,12.733],[7.4336,12.7724],[7.4325,12.7987],[7.4202,12.8205],[7.3814,12.8292],[7.3695,12.841]]]}},{"type":"Feature","properties":{"state":"Katsina","lga":"Kusada"},"geometry":{"type":"Polygon","coordinates":[[[8.0905,12.3813],[7.9482,12.3345],[7.9094,12.3147],[7.8787,12.4378],[7.8849,12.4633],[7.9332,12.4832],[7.9286,12.5436],[7.9386,12.5678],[7.963,12.5614],[8.0047,12.5701],[8.0263,12.5565],[8.0408,12.5241],[8.0445,12.4831],[8.0606,12.4645],[8.0716,12.4169],[8.0905,12.3813]]]}},{"type":"Feature","properties":{"state":"Katsina","lga":"Mai'Adua"},"geometry":{"type":"Polygon","coordinates":[[[8.3578,12.9849],[8.3391,13.0373],[8.2911,13.0359],[8.2167,13.089],[8.1406,13.0461],[8.1144,13.072],[8.0525,13.2441],[8.0606,13.3032],[8.1454,13.2713],[8.2117,13.219],[8.2559,13.2075],[8.388,13.0807],[8.3827,13.0595],[8.3915,12.9816],[8.3578,12.9849]]]}},{"type":"Feature","properties":{"state":"Katsina","lga":"Malumfashi"},"geometry":{"type":"Polygon","coordinates":[[[7.8309,11.9345],[7.8282,11.9147],[7.8533,11.862],[7.734,11.8155],[7.7002,11.7895],[7.6725,11.7433],[7.5944,11.7027],[7.5692,11.7043],[7.5411,11.6555],[7.5191,11.6505],[7.4887,11.6713],[7.5084,11.76],[7.5966,11.863],[7.6223,11.9081],[7.6174,11.9258],[7.6017,11.9346],[7.5772,11.9344],[7.573,11.9553],[7.5797,11.9688],[7.6099,11.9776],[7.6706,11.9718],[7.7215,11.9832],[7.7425,11.98],[7.7496,11.9708],[7.7501,11.9427],[7.8309,11.9345]]]}},{"type":"Feature","properties":{"state":"Katsina","lga":"Mani"},"geometry":{"type":"Polygon","coordinates":[[[7.9654,12.7224],[7.9715,12.778],[7.9101,12.8219],[7.8849,12.8117],[7.8423,12.8138],[7.7746,12.7888],[7.7648,12.7951],[7.7794,12.9704],[7.7756,13.0297],[7.7865,13.0203],[7.8093,13.0363],[7.8122,13.0499],[7.853,13.1003],[7.8861,12.9924],[7.9364,12.9136],[7.9622,12.9466],[8.0051,12.9305],[8.0232,12.9404],[8.0404,13.0038],[8.0943,12.8957],[8.0695,12.8366],[8.0703,12.8177],[8.0893,12.803],[8.0838,12.8033],[8.0804,12.7714],[8.0051,12.7096],[7.9744,12.7109],[7.9654,12.7224]]]}},{"type":"Feature","properties":{"state":"Katsina","lga":"Mashi"},"geometry":{"type":"Polygon","coordinates":[[[8.1069,13.0832],[8.1561,13.0302],[8.1548,13.0219],[8.1112,13.0147],[8.0773,12.9756],[8.0413,13.0045],[8.0232,12.9404],[8.0051,12.9305],[7.9622,12.9466],[7.9364,12.9136],[7.8861,12.9924],[7.855,13.0809],[7.853,13.1003],[7.9001,13.1845],[7.9037,13.2081],[7.9002,13.2373],[7.8781,13.2784],[7.8745,13.3325],[8.0606,13.3032],[8.0525,13.2441],[8.1003,13.1256],[8.1069,13.0832]]]}},{"type":"Feature","properties":{"state":"Katsina","lga":"Matazu"},"geometry":{"type":"Polygon","coordinates":[[[7.5447,12.131],[7.5294,12.1504],[7.5217,12.1836],[7.5202,12.2914],[7.5293,12.3157],[7.5247,12.3565],[7.5879,12.3392],[7.6413,12.3554],[7.6704,12.3537],[7.7217,12.2961],[7.7856,12.2723],[7.7362,12.2071],[7.7313,12.1821],[7.6954,12.157],[7.6065,12.1434],[7.5688,12.1238],[7.5447,12.131]]]}},{"type":"Feature","properties":{"state":"Katsina","lga":"Musawa"},"geometry":{"type":"Polygon","coordinates":[[[7.8422,12.0152],[7.8309,11.9345],[7.7532,11.9413],[7.7425,11.98],[7.7119,11.9836],[7.6706,11.9718],[7.6099,11.9776],[7.5797,11.9688],[7.5729,11.9486],[7.5835,11.9297],[7.5434,11.9139],[7.5072,11.9241],[7.4783,11.9211],[7.4705,11.9274],[7.556,11.9815],[7.5643,12.0069],[7.5518,12.0297],[7.5143,12.0657],[7.4717,12.0699],[7.4623,12.0737],[7.4574,12.0885],[7.5352,12.1313],[7.5688,12.1238],[7.6065,12.1434],[7.6954,12.157],[7.7313,12.1821],[7.7362,12.2071],[7.755,12.2378],[7.7896,12.2716],[7.8339,12.247],[7.8422,12.0152]]]}},{"type":"Feature","properties":{"state":"Katsina","lga":"Rimi"},"geometry":{"type":"Polygon","coordinates":[[[7.5513,12.722],[7.591,12.8024],[7.6321,12.8573],[7.7505,12.9532],[7.7585,12.973],[7.7524,12.9865],[7.7058,12.9975],[7.715,13.0309],[7.7315,13.0382],[7.7756,13.0297],[7.7794,12.9704],[7.7631,12.8083],[7.7725,12.7895],[7.7666,12.7774],[7.7673,12.7142],[7.7334,12.6794],[7.6877,12.7054],[7.6376,12.7217],[7.611,12.7134],[7.5893,12.7226],[7.5513,12.722]]]}},{"type":"Feature","properties":{"state":"Katsina","lga":"Sabuwa"},"geometry":{"type":"Polygon","coordinates":[[[7.2393,11.146],[7.1825,11.1108],[7.1543,11.1144],[7.0857,11.1829],[6.983,11.2137],[6.9893,11.2347],[7.036,11.2775],[7.0398,11.2946],[7.027,11.3224],[7.005,11.3367],[6.9737,11.3339],[6.9025,11.3479],[6.904,11.3641],[6.9507,11.3895],[6.967,11.4176],[7.0094,11.4471],[7.0406,11.4449],[7.0853,11.4629],[7.0871,11.4318],[7.1116,11.3847],[7.1381,11.3684],[7.1643,11.3186],[7.2004,11.2961],[7.2057,11.2837],[7.2192,11.219],[7.2484,11.1655],[7.2393,11.146]]]}},{"type":"Feature","properties":{"state":"Katsina","lga":"Safana"},"geometry":{"type":"Polygon","coordinates":[[[7.0582,12.6178],[7.167,12.6448],[7.2708,12.6225],[7.3278,12.6471],[7.3839,12.6528],[7.3847,12.6033],[7.4277,12.4753],[7.4571,12.4209],[7.4546,12.359],[7.4416,12.3277],[7.4455,12.2735],[7.428,12.2812],[7.4074,12.2731],[7.3848,12.2798],[7.3246,12.3191],[7.2277,12.3314],[7.1831,12.3252],[7.1624,12.2998],[7.1331,12.2883],[7.0928,12.371],[7.0993,12.4277],[7.078,12.4785],[7.0582,12.6178]]]}},{"type":"Feature","properties":{"state":"Katsina","lga":"Sandamu"},"geometry":{"type":"Polygon","coordinates":[[[8.3797,12.8192],[8.2999,12.8347],[8.2301,12.8256],[8.2156,12.8708],[8.2482,12.8764],[8.3087,12.9149],[8.3088,12.9701],[8.3481,12.9978],[8.3578,12.9849],[8.3971,12.9789],[8.4181,12.9574],[8.4301,12.9244],[8.4313,12.8529],[8.4436,12.8257],[8.3797,12.8192]]]}},{"type":"Feature","properties":{"state":"Katsina","lga":"Zango"},"geometry":{"type":"Polygon","coordinates":[[[8.5557,12.8071],[8.5322,12.832],[8.4436,12.8257],[8.4313,12.8529],[8.4262,12.9384],[8.4181,12.9574],[8.3915,12.9816],[8.3827,13.0595],[8.3894,13.0786],[8.4156,13.0548],[8.4864,13.0697],[8.5422,13.0508],[8.5856,13.0242],[8.6213,12.9902],[8.6485,12.9386],[8.6992,12.9166],[8.7124,12.8828],[8.7064,12.8569],[8.662,12.8483],[8.631,12.8523],[8.5557,12.8071]]]}},{"type":"Feature","properties":{"state":"Kebbi","lga":"Aleiro"},"geometry":{"type":"Polygon","coordinates":[[[4.3666,12.254],[4.3905,12.3083],[4.4144,12.3374],[4.4671,12.3643],[4.4985,12.3599],[4.5156,12.3446],[4.5328,12.2582],[4.5578,12.2333],[4.6051,12.2104],[4.6029,12.1486],[4.5558,12.1492],[4.5105,12.1734],[4.4471,12.1715],[4.4254,12.1808],[4.3978,12.1975],[4.3666,12.254]]]}},{"type":"Feature","properties":{"state":"Kebbi","lga":"Arewa"},"geometry":{"type":"Polygon","coordinates":[[[3.6426,12.5201],[3.9422,12.7642],[4.0961,12.9958],[4.1296,13.1483],[4.1291,13.2127],[4.236,13.2147],[4.2661,13.2031],[4.3409,13.2282],[4.3531,13.2232],[4.3798,13.1896],[4.4484,13.1435],[4.5903,13.0981],[4.5527,13.038],[4.4882,12.9738],[4.4407,12.9083],[4.4083,12.8385],[4.3541,12.7896],[4.3464,12.759],[4.3324,12.7408],[4.2779,12.7204],[4.2539,12.6991],[4.2433,12.6618],[4.2213,12.6287],[4.1869,12.5999],[4.1613,12.544],[4.1147,12.5162],[4.0864,12.4829],[4.0473,12.4556],[4.0176,12.4193],[3.9842,12.3582],[3.9477,12.3409],[3.9025,12.3441],[3.8921,12.3345],[3.8871,12.3081],[3.9004,12.2819],[3.9006,12.2552],[3.8706,12.2382],[3.8288,12.1901],[3.8116,12.1518],[3.804,12.0959],[3.6961,12.0494],[3.6508,12.0496],[3.6308,12.1172],[3.6369,12.2002],[3.6575,12.2685],[3.6426,12.5201]]]}},{"type":"Feature","properties":{"state":"Kebbi","lga":"Argungu"},"geometry":{"type":"Polygon","coordinates":[[[4.1818,12.592],[4.2307,12.6418],[4.2539,12.6991],[4.2779,12.7204],[4.3324,12.7408],[4.3464,12.759],[4.3541,12.7896],[4.381,12.8145],[4.4166,12.772],[4.4357,12.7623],[4.4929,12.7727],[4.5324,12.7588],[4.5482,12.75],[4.5622,12.7113],[4.6075,12.7153],[4.6998,12.6623],[4.8074,12.6671],[4.8034,12.6405],[4.6522,12.6052],[4.4985,12.523],[4.4255,12.4964],[4.3811,12.4901],[4.2634,12.4944],[4.2534,12.5035],[4.2307,12.5663],[4.2063,12.587],[4.1818,12.592]]]}},{"type":"Feature","properties":{"state":"Kebbi","lga":"Augie"},"geometry":{"type":"Polygon","coordinates":[[[4.381,12.8145],[4.4083,12.8385],[4.4407,12.9083],[4.4882,12.9738],[4.5527,13.038],[4.5903,13.0981],[4.6504,13.0613],[4.7165,13.0526],[4.7395,13.0662],[4.7798,13.1246],[4.8093,13.1261],[4.8224,13.0958],[4.7962,13.0336],[4.7977,12.9955],[4.7748,12.9484],[4.7679,12.8896],[4.798,12.8556],[4.8271,12.7878],[4.8241,12.7351],[4.8074,12.6671],[4.6998,12.6623],[4.6075,12.7153],[4.5622,12.7113],[4.5482,12.75],[4.5324,12.7588],[4.4929,12.7727],[4.4357,12.7623],[4.4166,12.772],[4.381,12.8145]]]}},{"type":"Feature","properties":{"state":"Kebbi","lga":"Bagudo"},"geometry":{"type":"Polygon","coordinates":[[[3.496,11.2921],[3.5613,11.6016],[3.5912,11.6733],[3.6097,11.6476],[3.6298,11.651],[3.6474,11.6674],[3.7052,11.6094],[3.7261,11.6038],[3.7525,11.5773],[3.872,11.5203],[3.925,11.5149],[3.9862,11.4761],[4.0178,11.4885],[4.0422,11.5317],[4.0644,11.5518],[4.1118,11.5373],[4.1726,11.6027],[4.2055,11.6083],[4.2911,11.5234],[4.362,11.4778],[4.4085,11.4227],[4.4081,11.4005],[4.3682,11.349],[4.3545,11.3101],[4.2977,11.2755],[4.2832,11.2428],[4.3228,11.2409],[4.3505,11.2167],[4.3947,11.2027],[4.4094,11.2061],[4.4309,11.1933],[4.4305,11.1869],[4.3936,11.1533],[4.3798,11.1062],[4.3169,11.0579],[4.2961,11.0144],[4.1682,11.0163],[4.0708,11.0048],[4.0085,11.0108],[3.8907,11.0642],[3.7738,11.1305],[3.7272,11.1362],[3.6919,11.1282],[3.6274,11.1815],[3.496,11.2921]]]}},{"type":"Feature","properties":{"state":"Kebbi","lga":"BirninKe"},"geometry":{"type":"Polygon","coordinates":[[[4.5159,12.343],[4.5103,12.3542],[4.4853,12.3646],[4.4457,12.3569],[4.3989,12.3215],[4.3672,12.2542],[4.3081,12.2307],[4.2572,12.2705],[4.2203,12.3147],[4.1497,12.3208],[4.0863,12.3487],[4.0252,12.4305],[4.1147,12.5162],[4.1613,12.544],[4.1818,12.592],[4.2063,12.587],[4.2307,12.5663],[4.2534,12.5035],[4.2634,12.4944],[4.3811,12.4901],[4.4255,12.4964],[4.5039,12.5241],[4.55,12.4992],[4.5694,12.4535],[4.6048,12.4315],[4.6154,12.3995],[4.5901,12.3814],[4.553,12.3771],[4.5159,12.343]]]}},{"type":"Feature","properties":{"state":"Kebbi","lga":"Bunza"},"geometry":{"type":"Polygon","coordinates":[[[3.8044,12.0969],[3.8174,12.1676],[3.8375,12.2034],[3.8706,12.2382],[3.8947,12.2509],[3.9881,12.2398],[3.9998,12.2371],[4.0251,12.2062],[4.0346,12.1821],[4.0571,12.1646],[4.1027,12.1519],[4.121,12.1334],[4.1359,12.0911],[4.1426,12.0362],[4.0607,11.9739],[3.9946,11.9349],[3.9662,11.9857],[3.9442,12.0056],[3.832,12.0424],[3.8044,12.0969]]]}},{"type":"Feature","properties":{"state":"Kebbi","lga":"Dandi"},"geometry":{"type":"Polygon","coordinates":[[[3.5912,11.6733],[3.6102,11.7021],[3.6792,11.7585],[3.6659,11.8105],[3.6344,11.8311],[3.6226,11.8528],[3.6193,11.9254],[3.6688,11.9779],[3.6496,12.054],[3.6961,12.0494],[3.8044,12.0969],[3.832,12.0424],[3.9316,12.0135],[3.9662,11.9857],[3.9987,11.9293],[4.0187,11.8753],[4.0635,11.7137],[4.0631,11.634],[4.0485,11.5909],[4.031,11.5727],[3.9731,11.5521],[3.8908,11.5443],[3.8476,11.5313],[3.7866,11.5664],[3.7525,11.5773],[3.7261,11.6038],[3.7052,11.6094],[3.6474,11.6674],[3.6298,11.651],[3.6097,11.6476],[3.5912,11.6733]]]}},{"type":"Feature","properties":{"state":"Kebbi","lga":"Danko Wasagu"},"geometry":{"type":"MultiPolygon","coordinates":[[[[5.8936,11.6067],[5.9165,11.5725],[5.9163,11.5332],[5.8831,11.4107],[5.9701,11.3675],[6.0013,11.3195],[6.0235,11.1987],[6.027,11.1113],[6.005,11.1287],[5.975,11.1345],[5.9199,11.0905],[5.8992,11.0554],[5.821,11.0437],[5.7961,11.0756],[5.763,11.0817],[5.7374,11.1302],[5.7041,11.144],[5.6963,11.2261],[5.6848,11.2362],[5.6184,11.2436],[5.5561,11.2851],[5.4535,11.3361],[5.397,11.3869],[5.3776,11.4418],[5.3778,11.477],[5.4693,11.6578],[5.499,11.6471],[5.5355,11.6184],[5.6239,11.6305],[5.6852,11.6225],[5.7253,11.6319],[5.7451,11.6448],[5.8233,11.6349],[5.8936,11.6067]]],[[[5.3933,11.7151],[5.3672,11.5777],[5.3418,11.5461],[5.2955,11.521],[5.2719,11.5223],[5.2343,11.5393],[5.2,11.5264],[5.1466,11.5383],[5.1034,11.605],[5.0817,11.6815],[5.1331,11.6524],[5.2355,11.6758],[5.2488,11.7126],[5.266,11.7225],[5.2788,11.725],[5.3089,11.7103],[5.3855,11.7201],[5.3933,11.7151]]]]}},{"type":"Feature","properties":{"state":"Kebbi","lga":"Fakai"},"geometry":{"type":"Polygon","coordinates":[[[5.0817,11.6815],[5.1034,11.605],[5.1367,11.547],[5.1622,11.5341],[5.1625,11.5118],[5.1954,11.5168],[5.215,11.507],[5.2173,11.4918],[5.1956,11.4571],[5.1694,11.3425],[4.9474,11.2986],[4.8544,11.2664],[4.7997,11.2365],[4.8151,11.2549],[4.8143,11.317],[4.8263,11.3416],[4.798,11.3962],[4.7445,11.4311],[4.6486,11.5129],[4.6031,11.5173],[4.5712,11.507],[4.5563,11.5177],[4.5605,11.5521],[4.5737,11.543],[4.6187,11.5385],[4.685,11.6078],[4.8789,11.6945],[4.9062,11.6964],[4.9368,11.6827],[4.9698,11.6942],[4.9821,11.6664],[4.9973,11.6652],[5.0373,11.6883],[5.0817,11.6815]]]}},{"type":"Feature","properties":{"state":"Kebbi","lga":"Gwandu"},"geometry":{"type":"Polygon","coordinates":[[[4.6051,12.2104],[4.5578,12.2333],[4.5328,12.2582],[4.5159,12.343],[4.553,12.3771],[4.6022,12.386],[4.6154,12.3995],[4.6123,12.4177],[4.6048,12.4315],[4.5694,12.4535],[4.55,12.4992],[4.4985,12.523],[4.6522,12.6052],[4.8034,12.6405],[4.8039,12.6067],[4.8309,12.519],[4.8319,12.4269],[4.8242,12.3797],[4.8166,12.3669],[4.8003,12.3663],[4.749,12.3987],[4.7274,12.4017],[4.6419,12.3797],[4.6212,12.3562],[4.605,12.2962],[4.6051,12.2104]]]}},{"type":"Feature","properties":{"state":"Kebbi","lga":"Jega"},"geometry":{"type":"Polygon","coordinates":[[[4.3666,12.254],[4.3978,12.1975],[4.4254,12.1808],[4.4471,12.1715],[4.5105,12.1734],[4.5558,12.1492],[4.6029,12.1486],[4.6171,11.9636],[4.6091,11.8891],[4.5902,11.8282],[4.5578,11.8359],[4.466,11.8817],[4.4274,11.8801],[4.3963,11.9128],[4.3745,11.9742],[4.4063,11.9916],[4.4124,12.0033],[4.4042,12.0258],[4.3778,12.0507],[4.3683,12.1034],[4.333,12.1635],[4.3081,12.2307],[4.3666,12.254]]]}},{"type":"Feature","properties":{"state":"Kebbi","lga":"Kalgo"},"geometry":{"type":"Polygon","coordinates":[[[3.8947,12.2509],[3.9004,12.2819],[3.8871,12.3081],[3.8921,12.3345],[3.9025,12.3441],[3.9477,12.3409],[3.9842,12.3582],[4.0252,12.4305],[4.0863,12.3487],[4.1497,12.3208],[4.2203,12.3147],[4.266,12.2638],[4.2517,12.2314],[4.2325,12.2148],[4.2124,12.1686],[4.1626,12.1378],[4.1526,12.0862],[4.1359,12.0775],[4.121,12.1334],[4.1027,12.1519],[4.0571,12.1646],[4.0346,12.1821],[3.9998,12.2371],[3.8947,12.2509]]]}},{"type":"Feature","properties":{"state":"Kebbi","lga":"Koko/Bes"},"geometry":{"type":"Polygon","coordinates":[[[4.5064,11.1707],[4.4094,11.2061],[4.3947,11.2027],[4.3505,11.2167],[4.3228,11.2409],[4.2832,11.2428],[4.2977,11.2755],[4.3545,11.3101],[4.3682,11.349],[4.4081,11.4005],[4.4085,11.4227],[4.362,11.4778],[4.3249,11.4975],[4.2603,11.5492],[4.2124,11.6042],[4.3139,11.6516],[4.3448,11.655],[4.373,11.6728],[4.4008,11.675],[4.4358,11.6396],[4.5249,11.6357],[4.5203,11.6094],[4.5268,11.5926],[4.5605,11.5521],[4.5548,11.5269],[4.5595,11.5101],[4.6108,11.5176],[4.5995,11.4914],[4.6127,11.4109],[4.5988,11.3872],[4.5457,11.339],[4.5242,11.2926],[4.527,11.2605],[4.5527,11.2001],[4.5515,11.1472],[4.5064,11.1707]]]}},{"type":"Feature","properties":{"state":"Kebbi","lga":"Maiyama"},"geometry":{"type":"Polygon","coordinates":[[[4.266,12.2638],[4.3031,12.2403],[4.333,12.1635],[4.3683,12.1034],[4.3778,12.0507],[4.4042,12.0258],[4.4124,12.0033],[4.4063,11.9916],[4.3745,11.9742],[4.3963,11.9128],[4.4274,11.8801],[4.466,11.8817],[4.5578,11.8359],[4.5902,11.8282],[4.5812,11.775],[4.539,11.6853],[4.5249,11.6357],[4.4358,11.6396],[4.4008,11.675],[4.3597,11.6697],[4.3448,11.655],[4.2874,11.6393],[4.2799,11.6891],[4.2831,11.8011],[4.2582,11.9417],[4.2352,11.9807],[4.156,12.0193],[4.1429,12.0348],[4.1359,12.0747],[4.156,12.0941],[4.1626,12.1378],[4.2124,12.1686],[4.2325,12.2148],[4.2517,12.2314],[4.266,12.2638]]]}},{"type":"Feature","properties":{"state":"Kebbi","lga":"Ngaski"},"geometry":{"type":"Polygon","coordinates":[[[4.9107,10.9456],[5.0426,11.0414],[5.0601,11.0286],[5.0782,10.9238],[5.0742,10.9068],[5.0389,10.8835],[5.0288,10.8602],[5.0367,10.837],[5.081,10.811],[5.0998,10.7892],[5.0988,10.7562],[5.0825,10.7325],[5.0211,10.7168],[4.9368,10.6747],[4.856,10.6831],[4.8164,10.6643],[4.8157,10.5111],[4.8084,10.4892],[4.8287,10.444],[4.888,10.3639],[4.9001,10.325],[4.8956,10.3004],[4.867,10.2664],[4.8244,10.2413],[4.7698,10.2371],[4.6498,10.1971],[4.6417,10.1034],[4.6327,10.0957],[4.5466,10.1099],[4.5378,10.14],[4.5563,10.2079],[4.561,10.271],[4.5137,10.3135],[4.4955,10.3521],[4.4946,10.4252],[4.5045,10.4755],[4.5518,10.5373],[4.639,10.5765],[4.6991,10.6317],[4.7136,10.6472],[4.7276,10.7043],[4.7516,10.6865],[4.7752,10.6939],[4.7865,10.7279],[4.7978,10.8312],[4.8311,10.8584],[4.8506,10.9159],[4.8789,10.9356],[4.9107,10.9456]]]}},{"type":"Feature","properties":{"state":"Kebbi","lga":"Sakaba"},"geometry":{"type":"Polygon","coordinates":[[[5.3877,11.4145],[5.397,11.3869],[5.4769,11.3215],[5.5561,11.2851],[5.6184,11.2436],[5.6848,11.2362],[5.6963,11.2261],[5.7041,11.144],[5.7374,11.1302],[5.763,11.0817],[5.7961,11.0756],[5.821,11.0437],[5.6403,10.9678],[5.5288,10.9574],[5.4527,10.9629],[5.4413,10.9767],[5.4384,11.0039],[5.4415,11.1176],[5.4338,11.146],[5.3732,11.1853],[5.3601,11.2055],[5.3443,11.3094],[5.329,11.3286],[5.298,11.3394],[5.3877,11.4145]]]}},{"type":"Feature","properties":{"state":"Kebbi","lga":"Shanga"},"geometry":{"type":"Polygon","coordinates":[[[4.6108,11.5176],[4.6366,11.5179],[4.6781,11.4936],[4.7445,11.4311],[4.7878,11.4069],[4.8233,11.3561],[4.8257,11.3349],[4.8143,11.317],[4.8151,11.2549],[4.7997,11.2365],[4.776,11.2251],[4.7538,11.192],[4.7565,11.1676],[4.7706,11.1475],[4.9164,11.0804],[5.003,11.072],[5.02,11.0399],[5.0426,11.0414],[4.9107,10.9456],[4.8405,10.9654],[4.8148,10.9637],[4.7847,10.9919],[4.7672,10.9863],[4.735,10.9977],[4.7036,11.0264],[4.6737,11.0408],[4.6669,11.0634],[4.6242,11.1118],[4.5681,11.1285],[4.5515,11.1472],[4.5527,11.2001],[4.527,11.2605],[4.5242,11.2926],[4.5457,11.339],[4.5988,11.3872],[4.6127,11.4109],[4.5995,11.4914],[4.6108,11.5176]]]}},{"type":"Feature","properties":{"state":"Kebbi","lga":"Suru"},"geometry":{"type":"Polygon","coordinates":[[[4.2124,11.6042],[4.1884,11.6102],[4.1726,11.6027],[4.1118,11.5373],[4.0644,11.5518],[4.0422,11.5317],[4.0178,11.4885],[3.9862,11.4761],[3.925,11.5149],[3.872,11.5203],[3.8476,11.5313],[3.8908,11.5443],[3.9731,11.5521],[4.031,11.5727],[4.0485,11.5909],[4.0631,11.634],[4.0635,11.7137],[4.0187,11.8753],[3.9946,11.9349],[4.0607,11.9739],[4.1426,12.0362],[4.156,12.0193],[4.2165,11.993],[4.2466,11.9686],[4.2724,11.8728],[4.2831,11.8011],[4.2799,11.6891],[4.2878,11.6387],[4.2124,11.6042]]]}},{"type":"Feature","properties":{"state":"Kebbi","lga":"Yauri"},"geometry":{"type":"Polygon","coordinates":[[[4.2961,11.0144],[4.3169,11.0579],[4.3798,11.1062],[4.3936,11.1533],[4.4309,11.1933],[4.5327,11.1602],[4.5681,11.1285],[4.6242,11.1118],[4.6669,11.0634],[4.6737,11.0408],[4.7036,11.0264],[4.735,10.9977],[4.7672,10.9863],[4.7847,10.9919],[4.8148,10.9637],[4.8405,10.9654],[4.9107,10.9456],[4.8789,10.9356],[4.8506,10.9159],[4.8311,10.8584],[4.7978,10.8312],[4.7821,10.7041],[4.7752,10.6939],[4.7516,10.6865],[4.7276,10.7043],[4.7528,10.8182],[4.7561,10.883],[4.7478,10.8947],[4.7013,10.9118],[4.6757,10.9102],[4.54,11.0012],[4.4553,11.0281],[4.2961,11.0144]]]}},{"type":"Feature","properties":{"state":"Kebbi","lga":"Zuru"},"geometry":{"type":"Polygon","coordinates":[[[5.4693,11.6578],[5.3778,11.477],[5.3776,11.4418],[5.3877,11.4145],[5.298,11.3394],[5.2711,11.3462],[5.1694,11.3425],[5.1956,11.4571],[5.2173,11.4918],[5.2052,11.515],[5.1625,11.5118],[5.1622,11.5341],[5.2,11.5264],[5.2343,11.5393],[5.2719,11.5223],[5.2955,11.521],[5.3418,11.5461],[5.3732,11.595],[5.3936,11.7174],[5.4302,11.6586],[5.4693,11.6578]]]}},{"type":"Feature","properties":{"state":"Kogi","lga":"Adavi"},"geometry":{"type":"Polygon","coordinates":[[[6.6938,7.7578],[6.6242,7.7239],[6.4451,7.6009],[6.4225,7.5732],[6.3797,7.4688],[6.3452,7.4604],[6.3178,7.4636],[6.2935,7.4714],[6.2318,7.5213],[6.1615,7.5384],[6.136,7.5317],[6.1221,7.5428],[6.1637,7.5598],[6.1882,7.5792],[6.2164,7.5845],[6.2448,7.5727],[6.3469,7.609],[6.3619,7.623],[6.3801,7.663],[6.4302,7.7087],[6.4966,7.7521],[6.5539,7.8337],[6.6204,7.8145],[6.6453,7.8159],[6.6835,7.7835],[6.6938,7.7578]]]}},{"type":"Feature","properties":{"state":"Kogi","lga":"Ajaokuta"},"geometry":{"type":"Polygon","coordinates":[[[6.6703,7.2188],[6.6564,7.2358],[6.6533,7.259],[6.6251,7.2818],[6.595,7.2752],[6.5714,7.2592],[6.5643,7.2653],[6.5038,7.2518],[6.4932,7.2781],[6.497,7.2863],[6.4851,7.2953],[6.4767,7.3235],[6.4854,7.3596],[6.4696,7.4212],[6.4193,7.4804],[6.3928,7.4948],[6.4225,7.5732],[6.4451,7.6009],[6.6242,7.7239],[6.6938,7.7578],[6.7596,7.6797],[6.7524,7.6508],[6.7223,7.5983],[6.6986,7.5763],[6.7117,7.3556],[6.7075,7.3243],[6.6778,7.2589],[6.6703,7.2188]]]}},{"type":"Feature","properties":{"state":"Kogi","lga":"Ankpa"},"geometry":{"type":"Polygon","coordinates":[[[7.7547,7.6411],[7.7637,7.5353],[7.7837,7.4462],[7.8042,7.4292],[7.8576,7.4343],[7.8815,7.4267],[7.8758,7.3975],[7.8558,7.378],[7.8483,7.3572],[7.8355,7.2753],[7.7898,7.2935],[7.7244,7.2827],[7.6568,7.2958],[7.6397,7.3106],[7.607,7.3148],[7.5876,7.3115],[7.5509,7.2833],[7.4046,7.2835],[7.4055,7.3083],[7.4545,7.3289],[7.4713,7.3565],[7.4805,7.4921],[7.5403,7.5399],[7.5471,7.5617],[7.5728,7.5961],[7.6647,7.6316],[7.7547,7.6411]]]}},{"type":"Feature","properties":{"state":"Kogi","lga":"Bassa"},"geometry":{"type":"Polygon","coordinates":[[[6.7066,7.4517],[6.6986,7.5763],[6.7223,7.5983],[6.7524,7.6508],[6.7596,7.6797],[6.7587,7.7493],[6.7716,7.7838],[6.8548,7.829],[6.949,7.8525],[6.9977,7.8981],[7.1682,7.9748],[7.3685,8.0291],[7.4262,8.0355],[7.4105,8.0],[7.3849,7.9732],[7.3626,7.9215],[7.3418,7.9021],[7.3325,7.8571],[7.3358,7.8335],[7.3193,7.8096],[7.1817,7.7594],[7.1071,7.6869],[7.0284,7.6664],[6.9764,7.6647],[6.9173,7.6026],[6.8468,7.5828],[6.8246,7.5627],[6.8078,7.5249],[6.8038,7.4183],[6.7763,7.4116],[6.7483,7.4508],[6.7066,7.4517]]]}},{"type":"Feature","properties":{"state":"Kogi","lga":"Dekina"},"geometry":{"type":"Polygon","coordinates":[[[7.482,7.4938],[7.4733,7.3904],[7.3838,7.3799],[7.2994,7.3804],[7.2576,7.391],[7.2428,7.3768],[7.2296,7.3436],[7.1747,7.3291],[7.1456,7.3418],[7.1142,7.3842],[7.0891,7.4291],[7.0901,7.4623],[7.0774,7.4727],[7.0436,7.452],[7.0283,7.4311],[7.0239,7.4019],[7.0103,7.3913],[6.9208,7.3894],[6.8677,7.3767],[6.8055,7.426],[6.8078,7.5249],[6.8246,7.5627],[6.8468,7.5828],[6.9173,7.6026],[6.9764,7.6647],[7.0284,7.6664],[7.1071,7.6869],[7.1817,7.7594],[7.3113,7.8042],[7.3356,7.8335],[7.4242,7.6942],[7.4372,7.6],[7.482,7.4938]]]}},{"type":"Feature","properties":{"state":"Kogi","lga":"Ibaji"},"geometry":{"type":"Polygon","coordinates":[[[6.9433,6.8533],[6.8843,6.7459],[6.8593,6.732],[6.8232,6.6948],[6.8032,6.6282],[6.8022,6.5842],[6.7725,6.5436],[6.7494,6.5292],[6.6914,6.5399],[6.6644,6.5275],[6.6477,6.6249],[6.6249,6.6573],[6.6106,6.6993],[6.6257,6.7883],[6.605,6.8231],[6.6399,6.8804],[6.6707,6.9583],[6.6734,7.0334],[6.8355,6.9924],[6.851,6.982],[6.8775,6.9963],[6.9062,6.9903],[6.8938,6.9744],[6.913,6.9515],[6.9362,6.9444],[6.9549,6.9192],[6.9684,6.8465],[6.9571,6.8558],[6.9433,6.8533]]]}},{"type":"Feature","properties":{"state":"Kogi","lga":"Idah"},"geometry":{"type":"Polygon","coordinates":[[[6.6734,7.0334],[6.6962,7.1009],[6.7225,7.0985],[6.7474,7.0835],[6.7486,7.0692],[6.734,7.0547],[6.7331,7.0227],[6.7414,7.0162],[6.6734,7.0334]]]}},{"type":"Feature","properties":{"state":"Kogi","lga":"Igalamela-Odolu"},"geometry":{"type":"Polygon","coordinates":[[[6.6962,7.1009],[6.6974,7.1621],[6.7191,7.1891],[6.7465,7.2679],[6.7888,7.2326],[6.8867,7.1962],[6.9279,7.1717],[6.9789,7.1734],[7.0347,7.1867],[7.048,7.2427],[7.0899,7.2227],[7.2027,7.2175],[7.2628,7.1723],[7.3025,7.1709],[7.2791,7.1238],[7.284,7.1012],[7.3566,7.0748],[7.3089,7.0519],[7.2091,6.932],[7.1125,6.8698],[7.0322,6.7828],[7.0122,6.7774],[6.9796,6.8154],[6.9676,6.8162],[6.9589,6.9081],[6.9362,6.9444],[6.8996,6.9623],[6.8938,6.9744],[6.9062,6.9903],[6.8775,6.9963],[6.851,6.982],[6.8355,6.9924],[6.7414,7.0162],[6.7331,7.0227],[6.734,7.0547],[6.7486,7.0692],[6.7474,7.0835],[6.7225,7.0985],[6.6962,7.1009]]]}},{"type":"Feature","properties":{"state":"Kogi","lga":"Ijumu"},"geometry":{"type":"Polygon","coordinates":[[[5.8114,7.7561],[5.7854,7.7659],[5.8059,7.7785],[5.8196,7.8221],[5.8083,7.8731],[5.8631,7.9324],[5.9221,8.0434],[5.9763,8.0973],[6.0018,8.1062],[6.0096,8.0749],[6.0494,7.9993],[6.052,7.9589],[6.0239,7.847],[6.0031,7.8052],[6.0128,7.7734],[6.0342,7.7449],[6.0767,7.7184],[6.0891,7.6728],[6.113,7.6545],[6.0023,7.6073],[5.9481,7.6533],[5.9151,7.6967],[5.9266,7.7634],[5.8861,7.7704],[5.8114,7.7561]]]}},{"type":"Feature","properties":{"state":"Kogi","lga":"Kabba/Bu"},"geometry":{"type":"Polygon","coordinates":[[[6.113,7.6545],[6.0891,7.6728],[6.0767,7.7184],[6.0342,7.7449],[6.0128,7.7734],[6.0031,7.8052],[6.0239,7.847],[6.052,7.9589],[6.0494,7.9993],[6.0096,8.0749],[6.0018,8.1062],[6.0307,8.1121],[6.0334,8.121],[6.0257,8.1723],[6.0356,8.1869],[6.0381,8.2394],[6.056,8.2932],[6.0412,8.3315],[6.048,8.3736],[6.0981,8.3816],[6.1092,8.4086],[6.1271,8.4058],[6.1547,8.4208],[6.2211,8.4153],[6.2543,8.3981],[6.359,8.3],[6.467,8.1413],[6.4663,8.1141],[6.4163,8.0207],[6.4495,7.9317],[6.4455,7.9154],[6.429,7.903],[6.412,7.9107],[6.3915,7.9241],[6.3573,7.9671],[6.256,8.0506],[6.2232,8.0634],[6.2052,8.0584],[6.1917,8.0372],[6.2197,7.9844],[6.2272,7.9389],[6.2931,7.9016],[6.306,7.8765],[6.3002,7.8174],[6.2932,7.7956],[6.2512,7.7507],[6.2455,7.6697],[6.2343,7.6628],[6.2096,7.6738],[6.1706,7.6763],[6.113,7.6545]]]}},{"type":"Feature","properties":{"state":"Kogi","lga":"Kotonkar"},"geometry":{"type":"Polygon","coordinates":[[[6.8349,8.4068],[6.9555,8.4043],[6.9782,8.4118],[6.9434,8.3127],[6.9919,8.2427],[7.0007,8.1433],[6.9817,8.0675],[6.9812,7.9921],[6.9552,7.9651],[6.9414,7.9309],[6.9386,7.8708],[6.9498,7.8618],[6.9635,7.8668],[6.949,7.8525],[6.8548,7.829],[6.7716,7.7838],[6.7809,7.8549],[6.7755,7.9928],[6.7593,8.0578],[6.7023,8.1323],[6.6806,8.1981],[6.6963,8.1944],[6.7017,8.2001],[6.7117,8.2465],[6.7348,8.2913],[6.7582,8.2787],[6.7592,8.3265],[6.8169,8.3545],[6.8349,8.4068]]]}},{"type":"Feature","properties":{"state":"Kogi","lga":"Lokoja"},"geometry":{"type":"Polygon","coordinates":[[[6.6938,7.7578],[6.6835,7.7835],[6.6453,7.8159],[6.5608,7.8268],[6.5386,7.853],[6.4663,7.8323],[6.3516,7.77],[6.2864,7.7893],[6.3002,7.8174],[6.306,7.8765],[6.2931,7.9016],[6.2272,7.9389],[6.2197,7.9844],[6.1941,8.0273],[6.1958,8.0489],[6.2232,8.0634],[6.256,8.0506],[6.3573,7.9671],[6.3915,7.9241],[6.429,7.903],[6.4455,7.9154],[6.4495,7.9317],[6.4163,8.0207],[6.4663,8.1141],[6.467,8.1413],[6.359,8.3],[6.2543,8.3981],[6.2211,8.4153],[6.1547,8.4208],[6.1271,8.4058],[6.1092,8.4086],[6.1236,8.442],[6.1338,8.5464],[6.1712,8.6717],[6.2109,8.7255],[6.2464,8.7163],[6.2913,8.6909],[6.3482,8.6387],[6.3928,8.5692],[6.434,8.4365],[6.5017,8.3926],[6.6545,8.2076],[6.6806,8.1981],[6.7023,8.1323],[6.7593,8.0578],[6.7755,7.9928],[6.7809,7.8549],[6.7729,7.787],[6.7587,7.7493],[6.7591,7.686],[6.7301,7.7099],[6.6938,7.7578]]]}},{"type":"Feature","properties":{"state":"Kogi","lga":"Mopa-Muro"},"geometry":{"type":"Polygon","coordinates":[[[6.0307,8.1121],[5.9763,8.0973],[5.9221,8.0434],[5.8631,7.9324],[5.8083,7.8731],[5.7865,7.901],[5.7406,7.931],[5.7267,7.9725],[5.7263,8.0603],[5.7736,8.1194],[5.7927,8.1693],[5.8563,8.2275],[5.9118,8.2592],[6.032,8.3056],[6.044,8.3163],[6.056,8.2932],[6.0381,8.2394],[6.0356,8.1869],[6.0257,8.1723],[6.0334,8.121],[6.0307,8.1121]]]}},{"type":"Feature","properties":{"state":"Kogi","lga":"Ofu"},"geometry":{"type":"Polygon","coordinates":[[[6.6974,7.1621],[6.6858,7.2074],[6.6703,7.2188],[6.6778,7.2589],[6.7075,7.3243],[6.7066,7.4517],[6.7483,7.4508],[6.7703,7.417],[6.7841,7.4092],[6.8074,7.4259],[6.8677,7.3767],[6.9208,7.3894],[7.0103,7.3913],[7.0239,7.4019],[7.0283,7.4311],[7.0436,7.452],[7.0774,7.4727],[7.0901,7.4623],[7.0891,7.4291],[7.1142,7.3842],[7.1456,7.3418],[7.1747,7.3291],[7.2296,7.3436],[7.2428,7.3768],[7.2576,7.391],[7.2994,7.3804],[7.3838,7.3799],[7.4566,7.3847],[7.4749,7.393],[7.4637,7.3378],[7.4055,7.3083],[7.4084,7.2803],[7.3575,7.2649],[7.3409,7.2352],[7.3388,7.2076],[7.3043,7.1714],[7.2628,7.1723],[7.2027,7.2175],[7.0899,7.2227],[7.048,7.2427],[7.0347,7.1867],[6.9789,7.1734],[6.9279,7.1717],[6.8867,7.1962],[6.7888,7.2326],[6.7465,7.2679],[6.7191,7.1891],[6.6974,7.1621]]]}},{"type":"Feature","properties":{"state":"Kogi","lga":"Ogori/Magongo"},"geometry":{"type":"Polygon","coordinates":[[[6.2341,7.4531],[6.163,7.4196],[6.1285,7.4282],[6.1112,7.4408],[6.1066,7.475],[6.1216,7.5118],[6.1507,7.5009],[6.147,7.4947],[6.1605,7.4923],[6.1617,7.4825],[6.196,7.4764],[6.2094,7.4531],[6.2341,7.4531]]]}},{"type":"Feature","properties":{"state":"Kogi","lga":"Okehi"},"geometry":{"type":"Polygon","coordinates":[[[6.0793,7.5392],[6.085,7.5524],[6.0804,7.5633],[6.0691,7.5691],[6.0409,7.5631],[6.0023,7.6073],[6.1057,7.6553],[6.1706,7.6763],[6.2096,7.6738],[6.2343,7.6628],[6.2455,7.6697],[6.2512,7.7507],[6.2864,7.7893],[6.3516,7.77],[6.4663,7.8323],[6.5386,7.853],[6.5487,7.8443],[6.5539,7.8337],[6.4966,7.7521],[6.4302,7.7087],[6.3801,7.663],[6.3619,7.623],[6.3469,7.609],[6.2448,7.5727],[6.2164,7.5845],[6.1882,7.5792],[6.1492,7.5527],[6.0793,7.5392]]]}},{"type":"Feature","properties":{"state":"Kogi","lga":"Okene"},"geometry":{"type":"Polygon","coordinates":[[[6.1216,7.5118],[6.1214,7.5315],[6.0862,7.5275],[6.0793,7.5392],[6.1225,7.5464],[6.136,7.5317],[6.1615,7.5384],[6.196,7.5334],[6.2318,7.5213],[6.2935,7.4714],[6.3178,7.4636],[6.363,7.4626],[6.3853,7.4738],[6.3928,7.4948],[6.4061,7.4886],[6.4696,7.4212],[6.4854,7.3596],[6.4775,7.3243],[6.4636,7.3333],[6.4625,7.3529],[6.4453,7.3852],[6.404,7.3878],[6.3921,7.3795],[6.3555,7.3764],[6.3238,7.4125],[6.315,7.4115],[6.2946,7.4342],[6.2842,7.433],[6.2589,7.4669],[6.2341,7.4531],[6.2094,7.4531],[6.196,7.4764],[6.1617,7.4825],[6.1605,7.4923],[6.147,7.4947],[6.1507,7.5009],[6.1216,7.5118]]]}},{"type":"Feature","properties":{"state":"Kogi","lga":"Olamabor"},"geometry":{"type":"Polygon","coordinates":[[[7.7855,7.1711],[7.6528,7.0994],[7.6374,7.0761],[7.6319,7.0047],[7.6035,7.0047],[7.5816,7.0217],[7.5684,7.02],[7.5004,7.0826],[7.4937,7.0745],[7.4757,7.1005],[7.4364,7.1127],[7.4075,7.107],[7.3829,7.1005],[7.3566,7.0748],[7.2922,7.0939],[7.2791,7.1238],[7.3025,7.1709],[7.3388,7.2076],[7.3409,7.2352],[7.3575,7.2649],[7.3877,7.2775],[7.4707,7.2881],[7.5509,7.2833],[7.5876,7.3115],[7.607,7.3148],[7.6397,7.3106],[7.6568,7.2958],[7.7244,7.2827],[7.7898,7.2935],[7.8355,7.2753],[7.8102,7.1998],[7.7855,7.1711]]]}},{"type":"Feature","properties":{"state":"Kogi","lga":"Omala"},"geometry":{"type":"Polygon","coordinates":[[[7.665,8.0202],[7.6597,7.9745],[7.6686,7.88],[7.6989,7.828],[7.7426,7.786],[7.7543,7.7563],[7.7547,7.6411],[7.6647,7.6316],[7.5824,7.6028],[7.5471,7.5617],[7.5403,7.5399],[7.482,7.4938],[7.4372,7.6],[7.4242,7.6942],[7.3334,7.8398],[7.3369,7.8892],[7.3626,7.9215],[7.3849,7.9732],[7.4105,8.0],[7.4262,8.0355],[7.4828,8.0403],[7.665,8.0202]]]}},{"type":"Feature","properties":{"state":"Kogi","lga":"Yagba East"},"geometry":{"type":"Polygon","coordinates":[[[5.7854,7.7659],[5.7013,7.7947],[5.6687,7.8234],[5.639,7.8281],[5.6209,7.8503],[5.6081,7.8983],[5.6094,7.9234],[5.6464,7.9719],[5.6742,7.9911],[5.6635,8.0155],[5.6102,8.0175],[5.6024,8.0857],[5.6047,8.1317],[5.6633,8.2303],[5.6629,8.3059],[5.6468,8.3773],[5.6481,8.4482],[5.7898,8.4037],[5.8497,8.407],[5.8841,8.396],[5.9474,8.398],[6.048,8.3736],[6.0402,8.3428],[6.0446,8.3137],[5.9118,8.2592],[5.8563,8.2275],[5.7927,8.1693],[5.7736,8.1194],[5.7263,8.0603],[5.7305,7.951],[5.7435,7.9282],[5.8058,7.882],[5.8173,7.8394],[5.8196,7.8221],[5.8059,7.7785],[5.7854,7.7659]]]}},{"type":"Feature","properties":{"state":"Kogi","lga":"Yagba West"},"geometry":{"type":"Polygon","coordinates":[[[5.6102,8.0175],[5.5606,8.0073],[5.5289,7.9871],[5.5179,7.9939],[5.5184,8.0629],[5.5447,8.077],[5.5415,8.1223],[5.458,8.1731],[5.4559,8.1826],[5.4169,8.2118],[5.4156,8.2225],[5.3768,8.2619],[5.3457,8.3215],[5.3485,8.3374],[5.383,8.3764],[5.4201,8.4395],[5.48,8.5044],[5.5381,8.5413],[5.5751,8.4899],[5.6481,8.4482],[5.6468,8.3773],[5.658,8.3449],[5.6653,8.251],[5.6633,8.2303],[5.6047,8.1317],[5.6102,8.0175]]]}},{"type":"Feature","properties":{"state":"Kwara","lga":"Asa"},"geometry":{"type":"Polygon","coordinates":[[[4.6147,8.4065],[4.6832,8.3357],[4.6573,8.3026],[4.6441,8.2966],[4.6166,8.239],[4.5976,8.2324],[4.593,8.2203],[4.5914,8.1908],[4.6172,8.163],[4.6191,8.1507],[4.5678,8.117],[4.5005,8.097],[4.4628,8.2066],[4.4068,8.2429],[4.3592,8.3111],[4.3395,8.3663],[4.3253,8.4448],[4.2935,8.4871],[4.245,8.6014],[4.2182,8.6321],[4.201,8.6935],[4.3675,8.6836],[4.4008,8.6724],[4.4608,8.6299],[4.5105,8.5689],[4.5162,8.5511],[4.5122,8.5175],[4.5393,8.4929],[4.5242,8.4715],[4.5349,8.424],[4.5571,8.3999],[4.6147,8.4065]]]}},{"type":"Feature","properties":{"state":"Kwara","lga":"Baruten"},"geometry":{"type":"Polygon","coordinates":[[[3.6286,10.0926],[3.6583,10.1032],[3.677,10.1326],[3.757,10.1446],[3.8475,10.1458],[3.8499,9.869],[3.8142,9.1707],[3.762,9.1326],[3.7458,9.0868],[3.7455,9.0443],[3.7381,9.0265],[3.6668,8.9714],[3.5594,8.9245],[3.3588,8.8006],[3.2458,8.7483],[3.2307,8.7458],[3.189,8.7774],[3.1476,8.7731],[3.0356,8.6841],[3.0089,8.6734],[2.9456,8.6182],[2.9426,8.6024],[2.9184,8.5896],[2.8524,8.5781],[2.8011,8.5778],[2.7496,8.5331],[2.7587,8.5616],[2.7491,8.5834],[2.7491,8.6404],[2.7376,8.6549],[2.7462,8.6666],[2.7414,8.678],[2.7504,8.7003],[2.7441,8.744],[2.7284,8.7727],[2.7393,8.7942],[2.7634,8.8098],[2.757,8.8635],[2.7682,8.8672],[2.7736,8.8947],[2.7704,8.9047],[2.7581,8.9079],[2.7818,8.9452],[2.7711,8.9529],[2.7888,8.9703],[2.7821,8.9826],[2.7886,8.9877],[2.7778,8.9949],[2.7824,9.0031],[2.7721,9.0074],[2.784,9.0194],[2.7743,9.0262],[2.7862,9.0449],[2.7783,9.054],[2.7809,9.0651],[2.8676,9.0622],[2.8961,9.0837],[2.9534,9.0926],[2.9641,9.0795],[2.9841,9.0723],[3.0081,9.0739],[3.0882,9.1016],[3.0921,9.1298],[3.1237,9.1922],[3.1264,9.2522],[3.1572,9.2824],[3.1518,9.3757],[3.131,9.4401],[3.1362,9.4629],[3.1548,9.4931],[3.1948,9.5151],[3.2498,9.6025],[3.2636,9.6523],[3.2804,9.6617],[3.3149,9.6577],[3.3486,9.6854],[3.3504,9.705],[3.3286,9.7459],[3.3234,9.7769],[3.3295,9.7984],[3.3473,9.818],[3.4564,9.8612],[3.5296,9.8621],[3.5623,9.8951],[3.5642,9.916],[3.6023,9.9574],[3.6114,9.996],[3.6116,10.0624],[3.6286,10.0926]]]}},{"type":"Feature","properties":{"state":"Kwara","lga":"Edu"},"geometry":{"type":"Polygon","coordinates":[[[5.5311,8.5388],[5.48,8.5044],[5.449,8.4702],[5.419,8.6865],[5.3917,8.7068],[5.3689,8.7122],[5.3363,8.6911],[5.2757,8.6276],[5.1355,8.6982],[5.0634,8.7927],[4.9987,8.8266],[4.9498,8.8419],[4.9177,8.8669],[4.8998,8.9188],[4.9221,8.9998],[4.8968,9.0392],[4.8946,9.1359],[4.9686,9.1665],[5.0076,9.1691],[5.1101,9.1208],[5.133,9.1031],[5.2356,8.9871],[5.2719,8.9758],[5.336,8.9946],[5.3686,8.9844],[5.3777,8.989],[5.4537,8.9668],[5.4692,8.9556],[5.4795,8.9601],[5.5436,8.9182],[5.4883,8.8611],[5.4779,8.8044],[5.4828,8.7663],[5.4711,8.7245],[5.4811,8.6458],[5.5311,8.5388]]]}},{"type":"Feature","properties":{"state":"Kwara","lga":"Ekiti"},"geometry":{"type":"Polygon","coordinates":[[[5.536,8.0696],[5.4429,8.0681],[5.3931,8.0556],[5.3719,8.0405],[5.3633,8.0109],[5.368,8.0007],[5.3513,7.9659],[5.3304,7.9748],[5.2988,7.9654],[5.2618,7.9755],[5.2241,7.9717],[5.2088,7.9796],[5.1944,8.0016],[5.1968,8.0144],[5.176,8.068],[5.2013,8.0932],[5.2645,8.1313],[5.3065,8.1331],[5.3811,8.1678],[5.3967,8.1652],[5.4562,8.1812],[5.4726,8.1634],[5.5349,8.1316],[5.5482,8.0929],[5.536,8.0696]]]}},{"type":"Feature","properties":{"state":"Kwara","lga":"Ifelodun"},"geometry":{"type":"Polygon","coordinates":[[[5.449,8.4702],[5.3485,8.3374],[5.3457,8.3215],[5.3527,8.3093],[5.3229,8.2916],[5.286,8.2383],[5.2383,8.228],[5.1899,8.2288],[5.1823,8.2557],[5.1902,8.3026],[5.1858,8.3174],[5.158,8.3513],[5.138,8.3578],[5.0895,8.3557],[5.0416,8.3284],[5.0199,8.3264],[4.8869,8.363],[4.8592,8.3603],[4.8447,8.3522],[4.8293,8.3559],[4.8207,8.3473],[4.8084,8.2878],[4.8192,8.2446],[4.8082,8.2215],[4.7624,8.1706],[4.6936,8.323],[4.6149,8.404],[4.6745,8.3949],[4.7023,8.3765],[4.7402,8.3662],[4.7539,8.3694],[4.7719,8.4007],[4.7667,8.4314],[4.7513,8.4517],[4.7067,8.4746],[4.6923,8.4983],[4.731,8.5357],[4.7577,8.5468],[4.8877,8.5718],[4.9699,8.6155],[5.002,8.6461],[4.9944,8.6658],[4.9569,8.6683],[4.923,8.6834],[4.9155,8.6777],[4.8893,8.6971],[4.8659,8.7601],[4.834,8.7989],[4.8161,8.8472],[4.812,8.8952],[4.8247,8.9516],[4.867,8.9949],[4.882,9.0448],[4.8966,9.0585],[4.9019,9.0249],[4.9221,8.9998],[4.8998,8.9188],[4.9097,8.8774],[4.9498,8.8419],[4.9987,8.8266],[5.0634,8.7927],[5.1355,8.6982],[5.2757,8.6276],[5.3363,8.6911],[5.3689,8.7122],[5.3917,8.7068],[5.419,8.6865],[5.449,8.4702]]]}},{"type":"Feature","properties":{"state":"Kwara","lga":"Ilorin East"},"geometry":{"type":"Polygon","coordinates":[[[4.8758,8.7212],[4.8893,8.6971],[4.9155,8.6777],[4.923,8.6834],[4.9569,8.6683],[4.9944,8.6658],[5.002,8.6461],[4.9699,8.6155],[4.8877,8.5718],[4.7577,8.5468],[4.731,8.5357],[4.698,8.5036],[4.5963,8.4949],[4.588,8.4789],[4.5945,8.4716],[4.6279,8.4674],[4.6553,8.452],[4.6502,8.4327],[4.6265,8.4125],[4.5962,8.4313],[4.5549,8.5288],[4.5506,8.5606],[4.6458,8.5341],[4.6997,8.5549],[4.8366,8.674],[4.8758,8.7212]]]}},{"type":"Feature","properties":{"state":"Kwara","lga":"Ilorin South"},"geometry":{"type":"Polygon","coordinates":[[[4.6147,8.4065],[4.6502,8.4327],[4.6553,8.452],[4.6279,8.4674],[4.5945,8.4716],[4.588,8.4789],[4.5942,8.4926],[4.698,8.5036],[4.6929,8.4919],[4.7067,8.4746],[4.7513,8.4517],[4.7732,8.411],[4.7612,8.3769],[4.7402,8.3662],[4.7023,8.3765],[4.6745,8.3949],[4.6147,8.4065]]]}},{"type":"Feature","properties":{"state":"Kwara","lga":"IlorinWe"},"geometry":{"type":"Polygon","coordinates":[[[4.6265,8.4125],[4.5571,8.3999],[4.5349,8.424],[4.5242,8.4715],[4.5393,8.4929],[4.512,8.5189],[4.5117,8.5449],[4.524,8.5611],[4.5506,8.5606],[4.5549,8.5288],[4.5746,8.4946],[4.5901,8.4399],[4.6265,8.4125]]]}},{"type":"Feature","properties":{"state":"Kwara","lga":"Irepodun"},"geometry":{"type":"Polygon","coordinates":[[[5.1849,8.1335],[5.0641,8.0306],[5.0578,8.0394],[5.0309,8.0265],[4.9745,8.0244],[4.9506,8.0754],[4.9154,8.0847],[4.8388,8.0574],[4.7961,8.0635],[4.7974,8.0494],[4.7624,8.1706],[4.8082,8.2215],[4.8192,8.2446],[4.8084,8.2878],[4.8142,8.3313],[4.8293,8.3559],[4.8996,8.3587],[4.8928,8.3014],[4.9133,8.2294],[4.9442,8.1952],[4.9843,8.168],[5.0935,8.1325],[5.1124,8.1408],[5.1308,8.1667],[5.1711,8.19],[5.1991,8.1715],[5.1849,8.1335]]]}},{"type":"Feature","properties":{"state":"Kwara","lga":"Isin"},"geometry":{"type":"Polygon","coordinates":[[[4.8996,8.3587],[5.0199,8.3264],[5.0416,8.3284],[5.0895,8.3557],[5.1235,8.3597],[5.158,8.3513],[5.1902,8.3026],[5.1823,8.2557],[5.1899,8.2288],[5.2383,8.228],[5.1992,8.1714],[5.1711,8.19],[5.1308,8.1667],[5.1037,8.1349],[5.0788,8.1339],[5.0301,8.1491],[4.9706,8.1761],[4.9214,8.2161],[4.8955,8.2806],[4.8996,8.3587]]]}},{"type":"Feature","properties":{"state":"Kwara","lga":"Kaiama"},"geometry":{"type":"Polygon","coordinates":[[[3.8142,9.1707],[3.8499,9.869],[3.8475,10.1458],[3.94,10.1501],[3.9983,10.1353],[4.2242,9.8813],[4.2563,9.8317],[4.3469,9.7279],[4.384,9.7026],[4.4115,9.7054],[4.4281,9.6977],[4.4326,9.6506],[4.4208,9.5761],[4.4217,9.4897],[4.4359,9.4307],[4.4569,9.4245],[4.5792,9.4373],[4.5927,9.4254],[4.6024,9.3218],[4.613,9.3055],[4.6649,9.2667],[4.7312,9.2517],[4.7459,9.2179],[4.758,9.1302],[4.7359,9.0878],[4.7188,9.0758],[4.65,9.0617],[4.601,9.0667],[4.5357,9.0608],[4.4012,9.0039],[4.4074,9.0039],[4.3367,8.9576],[4.3351,8.9801],[4.3226,8.9927],[4.2684,8.9637],[4.2325,8.9624],[4.1707,8.9799],[4.1529,8.9776],[4.1141,9.0024],[4.0395,9.023],[3.9697,9.0692],[3.9424,9.102],[3.9336,9.1417],[3.9192,9.1534],[3.8677,9.1812],[3.8348,9.1799],[3.8142,9.1707]]]}},{"type":"Feature","properties":{"state":"Kwara","lga":"Moro"},"geometry":{"type":"Polygon","coordinates":[[[4.5162,8.5511],[4.5105,8.5689],[4.4676,8.6229],[4.4008,8.6724],[4.3675,8.6836],[4.201,8.6935],[4.1838,8.7425],[4.2004,8.8149],[4.234,8.8397],[4.2489,8.8749],[4.2881,8.8983],[4.3367,8.9576],[4.4074,9.0039],[4.4012,9.0039],[4.5357,9.0608],[4.601,9.0667],[4.65,9.0617],[4.7188,9.0758],[4.7359,9.0878],[4.758,9.1302],[4.8003,9.106],[4.8946,9.1359],[4.8966,9.0585],[4.882,9.0448],[4.867,8.9949],[4.8247,8.9516],[4.812,8.8952],[4.8273,8.8117],[4.8659,8.7601],[4.8763,8.7219],[4.8366,8.674],[4.6997,8.5549],[4.6458,8.5341],[4.5554,8.5606],[4.524,8.5611],[4.5162,8.5511]]]}},{"type":"Feature","properties":{"state":"Kwara","lga":"Offa"},"geometry":{"type":"Polygon","coordinates":[[[4.7307,8.1597],[4.7594,8.1119],[4.7278,8.0954],[4.6446,8.1026],[4.6311,8.1206],[4.6514,8.135],[4.699,8.1987],[4.7159,8.2032],[4.723,8.2006],[4.7307,8.1597]]]}},{"type":"Feature","properties":{"state":"Kwara","lga":"Oke-Ero"},"geometry":{"type":"Polygon","coordinates":[[[5.1944,8.0016],[5.1851,8.0128],[5.1573,8.0199],[5.0974,7.9986],[5.0806,8.0065],[5.0708,8.0334],[5.1849,8.1335],[5.1906,8.1588],[5.2307,8.2235],[5.2907,8.241],[5.3229,8.2916],[5.3527,8.3093],[5.3926,8.2411],[5.4562,8.1812],[5.3967,8.1652],[5.3811,8.1678],[5.3065,8.1331],[5.2645,8.1313],[5.2058,8.0963],[5.176,8.068],[5.1968,8.0144],[5.1944,8.0016]]]}},{"type":"Feature","properties":{"state":"Kwara","lga":"Oyun"},"geometry":{"type":"Polygon","coordinates":[[[4.5005,8.097],[4.5678,8.117],[4.6139,8.143],[4.6172,8.163],[4.5872,8.2033],[4.593,8.2203],[4.5976,8.2324],[4.6166,8.239],[4.6441,8.2966],[4.6573,8.3026],[4.6832,8.3357],[4.7441,8.2219],[4.7944,8.063],[4.7313,8.0357],[4.708,8.0329],[4.5556,8.0342],[4.5477,8.0449],[4.5203,8.0499],[4.5005,8.097]],[[4.7594,8.1119],[4.7307,8.1597],[4.723,8.2006],[4.7159,8.2032],[4.699,8.1987],[4.6514,8.135],[4.6311,8.1206],[4.6446,8.1026],[4.7278,8.0954],[4.7594,8.1119]]]}},{"type":"Feature","properties":{"state":"Kwara","lga":"Pategi"},"geometry":{"type":"Polygon","coordinates":[[[6.1236,8.442],[6.0981,8.3816],[6.0493,8.3734],[5.9474,8.398],[5.8841,8.396],[5.8497,8.407],[5.7898,8.4037],[5.6611,8.4411],[5.5751,8.4899],[5.5433,8.5384],[5.5311,8.5388],[5.518,8.5749],[5.5033,8.5901],[5.471,8.693],[5.4828,8.7663],[5.4779,8.8044],[5.4833,8.8372],[5.5015,8.8789],[5.5436,8.9182],[5.7423,8.792],[5.7685,8.7595],[5.8218,8.7385],[5.9013,8.7333],[5.9561,8.748],[6.0776,8.7529],[6.2109,8.7255],[6.1712,8.6717],[6.1338,8.5464],[6.1236,8.442]]]}},{"type":"Feature","properties":{"state":"Lagos","lga":"Agege"},"geometry":{"type":"Polygon","coordinates":[[[3.3014,6.6204],[3.2895,6.6311],[3.2896,6.6727],[3.3177,6.6446],[3.3323,6.6488],[3.3251,6.621],[3.3014,6.6204]]]}},{"type":"Feature","properties":{"state":"Lagos","lga":"Ajeromi/Ifelodun"},"geometry":{"type":"Polygon","coordinates":[[[3.3226,6.4467],[3.3063,6.4718],[3.3224,6.4833],[3.3389,6.4758],[3.3448,6.4562],[3.3226,6.4467]]]}},{"type":"Feature","properties":{"state":"Lagos","lga":"Alimosho"},"geometry":{"type":"Polygon","coordinates":[[[3.2896,6.6727],[3.2895,6.6311],[3.3014,6.6204],[3.2888,6.5855],[3.2783,6.5769],[3.2751,6.5253],[3.2135,6.5245],[3.1864,6.5497],[3.1953,6.6014],[3.228,6.6262],[3.2305,6.666],[3.2517,6.7051],[3.2636,6.684],[3.2896,6.6727]]]}},{"type":"Feature","properties":{"state":"Lagos","lga":"Amuwo Odofin"},"geometry":{"type":"Polygon","coordinates":[[[3.307,6.4778],[3.3309,6.42],[3.3608,6.4199],[3.3692,6.3987],[3.3013,6.4057],[3.1854,6.4037],[3.1866,6.4418],[3.2106,6.458],[3.2205,6.5129],[3.2158,6.5236],[3.2838,6.5212],[3.3114,6.5285],[3.307,6.4778]]]}},{"type":"Feature","properties":{"state":"Lagos","lga":"Apapa"},"geometry":{"type":"Polygon","coordinates":[[[3.3226,6.4467],[3.3448,6.4562],[3.3389,6.4758],[3.3446,6.484],[3.3819,6.4518],[3.4049,6.4471],[3.3892,6.4195],[3.3993,6.3921],[3.3692,6.3987],[3.3592,6.4207],[3.3309,6.42],[3.3226,6.4467]]]}},{"type":"Feature","properties":{"state":"Lagos","lga":"Badagary"},"geometry":{"type":"Polygon","coordinates":[[[2.7084,6.4057],[2.7179,6.4735],[2.7381,6.467],[2.7931,6.4739],[2.8245,6.4596],[2.8803,6.499],[2.8836,6.5262],[2.9444,6.5182],[3.0804,6.5228],[3.1035,6.4985],[3.0812,6.4763],[3.0904,6.428],[3.0686,6.4205],[3.0549,6.3996],[2.8376,6.3918],[2.7121,6.3754],[2.7084,6.4057]]]}},{"type":"Feature","properties":{"state":"Lagos","lga":"Epe"},"geometry":{"type":"Polygon","coordinates":[[[4.3424,6.3732],[4.2438,6.384],[4.2149,6.4117],[4.1884,6.4246],[4.1583,6.4177],[4.1435,6.4299],[4.1292,6.4302],[4.0995,6.4199],[4.0759,6.4327],[4.0621,6.4313],[4.0352,6.4643],[3.998,6.478],[3.984,6.4969],[3.9095,6.5099],[3.8873,6.5382],[3.8456,6.5539],[3.8076,6.5552],[3.728,6.5135],[3.6654,6.4947],[3.6452,6.4985],[3.6339,6.489],[3.6065,6.4886],[3.6165,6.5082],[3.6077,6.5181],[3.6305,6.5596],[3.6878,6.6082],[3.682,6.6334],[3.6711,6.6439],[3.6987,6.689],[4.0747,6.6846],[4.0855,6.6819],[4.0942,6.6675],[4.0501,6.6209],[4.0464,6.6058],[4.0581,6.5857],[4.0588,6.5622],[4.0941,6.5445],[4.1462,6.5794],[4.2019,6.586],[4.2191,6.5622],[4.2209,6.5467],[4.2028,6.5297],[4.1577,6.5086],[4.1487,6.4919],[4.1522,6.4805],[4.167,6.4685],[4.2118,6.4562],[4.2299,6.4349],[4.2575,6.4421],[4.3426,6.4316],[4.3482,6.4114],[4.3424,6.3732]]]}},{"type":"Feature","properties":{"state":"Lagos","lga":"Eti-Osa"},"geometry":{"type":"Polygon","coordinates":[[[3.4037,6.3957],[3.3891,6.4107],[3.3944,6.4383],[3.4131,6.4529],[3.4203,6.4758],[3.4307,6.4743],[3.4481,6.4544],[3.4655,6.4691],[3.4866,6.4618],[3.5017,6.4733],[3.528,6.4687],[3.562,6.49],[3.5786,6.5218],[3.5972,6.5251],[3.6077,6.5236],[3.6165,6.5082],[3.6065,6.4886],[3.6339,6.489],[3.6519,6.4993],[3.666,6.4871],[3.6681,6.4753],[3.6395,6.4601],[3.6199,6.4243],[3.416,6.4221],[3.4068,6.4171],[3.4037,6.3957]]]}},{"type":"Feature","properties":{"state":"Lagos","lga":"Ibeju/Lekki"},"geometry":{"type":"Polygon","coordinates":[[[3.6621,6.4944],[3.7382,6.5177],[3.8076,6.5552],[3.8456,6.5539],[3.8873,6.5382],[3.9095,6.5099],[3.984,6.4969],[3.998,6.478],[4.0352,6.4643],[4.0621,6.4313],[4.0759,6.4327],[4.0995,6.4199],[4.1292,6.4302],[4.1435,6.4299],[4.1583,6.4177],[4.1884,6.4246],[4.2149,6.4117],[4.2435,6.3843],[3.9132,6.4368],[3.8029,6.4396],[3.6213,6.4249],[3.6395,6.4601],[3.6681,6.4753],[3.6621,6.4944]]]}},{"type":"Feature","properties":{"state":"Lagos","lga":"Ifako/Ijaye"},"geometry":{"type":"Polygon","coordinates":[[[3.3538,6.6692],[3.3177,6.6446],[3.289,6.6732],[3.2743,6.6758],[3.2636,6.684],[3.2517,6.7051],[3.2524,6.7065],[3.2936,6.6984],[3.3538,6.6692]]]}},{"type":"Feature","properties":{"state":"Lagos","lga":"Ikeja"},"geometry":{"type":"Polygon","coordinates":[[[3.3014,6.6204],[3.3251,6.621],[3.3311,6.6476],[3.3538,6.6692],[3.3681,6.6487],[3.372,6.6244],[3.3653,6.6093],[3.3396,6.5887],[3.3339,6.5967],[3.3187,6.5787],[3.3076,6.5907],[3.2888,6.5855],[3.3014,6.6204]]]}},{"type":"Feature","properties":{"state":"Lagos","lga":"Ikorodu"},"geometry":{"type":"Polygon","coordinates":[[[3.6987,6.689],[3.6718,6.6495],[3.6861,6.6059],[3.6295,6.5584],[3.586,6.5744],[3.5565,6.5491],[3.5298,6.5397],[3.4812,6.543],[3.4671,6.5543],[3.4615,6.5701],[3.472,6.6061],[3.4485,6.6166],[3.4331,6.6397],[3.4321,6.6485],[3.4436,6.6511],[3.4354,6.6745],[3.4562,6.691],[3.6987,6.689]]]}},{"type":"Feature","properties":{"state":"Lagos","lga":"Kosofe"},"geometry":{"type":"Polygon","coordinates":[[[3.3396,6.5887],[3.3677,6.6131],[3.3691,6.6447],[3.4321,6.6485],[3.4448,6.621],[3.4626,6.6095],[3.4298,6.5867],[3.4212,6.5698],[3.4007,6.5762],[3.3454,6.5746],[3.3396,6.5887]]]}},{"type":"Feature","properties":{"state":"Lagos","lga":"LagosIsland"},"geometry":{"type":"Polygon","coordinates":[[[3.4049,6.4471],[3.3819,6.4518],[3.3638,6.4704],[3.3876,6.475],[3.3833,6.4977],[3.4025,6.5533],[3.3897,6.5718],[3.4007,6.5762],[3.4212,6.5698],[3.4298,6.5867],[3.4626,6.6095],[3.472,6.6061],[3.4628,6.5604],[3.4812,6.543],[3.537,6.5411],[3.5957,6.5759],[3.6295,6.5584],[3.61,6.5215],[3.5786,6.5218],[3.562,6.49],[3.528,6.4687],[3.5017,6.4733],[3.4866,6.4618],[3.4655,6.4691],[3.4481,6.4544],[3.4307,6.4743],[3.4203,6.4758],[3.4049,6.4471]]]}},{"type":"Feature","properties":{"state":"Lagos","lga":"Mainland"},"geometry":{"type":"Polygon","coordinates":[[[3.3638,6.4704],[3.3511,6.4824],[3.3638,6.518],[3.3573,6.5346],[3.3917,6.5354],[3.3969,6.5232],[3.3833,6.4977],[3.3876,6.475],[3.3638,6.4704]]]}},{"type":"Feature","properties":{"state":"Lagos","lga":"Mushin"},"geometry":{"type":"Polygon","coordinates":[[[3.3307,6.5663],[3.3601,6.5761],[3.3573,6.5346],[3.3114,6.5285],[3.3212,6.5342],[3.3307,6.5663]]]}},{"type":"Feature","properties":{"state":"Lagos","lga":"Ojo"},"geometry":{"type":"Polygon","coordinates":[[[3.1864,6.5497],[3.2205,6.5129],[3.2106,6.458],[3.1866,6.4418],[3.1854,6.4037],[3.0549,6.3996],[3.0686,6.4205],[3.0913,6.43],[3.0812,6.4763],[3.1037,6.4964],[3.083,6.522],[3.1658,6.5213],[3.1808,6.5333],[3.1864,6.5497]]]}},{"type":"Feature","properties":{"state":"Lagos","lga":"Oshodi/Isolo"},"geometry":{"type":"Polygon","coordinates":[[[3.2746,6.5244],[3.2802,6.5801],[3.3076,6.5907],[3.3187,6.5787],[3.3356,6.5973],[3.3446,6.5748],[3.3281,6.5627],[3.3212,6.5342],[3.2838,6.5212],[3.2746,6.5244]]]}},{"type":"Feature","properties":{"state":"Lagos","lga":"Shomolu"},"geometry":{"type":"Polygon","coordinates":[[[3.3601,6.5761],[3.3974,6.5666],[3.4025,6.5533],[3.3936,6.5367],[3.3573,6.5346],[3.3601,6.5761]]]}},{"type":"Feature","properties":{"state":"Lagos","lga":"Surulere"},"geometry":{"type":"Polygon","coordinates":[[[3.3389,6.4758],[3.3224,6.4833],[3.307,6.4778],[3.3097,6.5245],[3.3573,6.5346],[3.3623,6.5075],[3.3511,6.4824],[3.3389,6.4758]]]}},{"type":"Feature","properties":{"state":"Nassarawa","lga":"Akwanga"},"geometry":{"type":"Polygon","coordinates":[[[8.1613,9.0331],[8.2285,9.1093],[8.2429,9.1399],[8.2637,9.1556],[8.2853,9.1521],[8.3094,9.132],[8.3711,9.1281],[8.4573,9.0333],[8.467,9.0028],[8.5005,9.0003],[8.5032,8.8765],[8.4218,8.8861],[8.2347,8.8615],[8.2289,8.8831],[8.1962,8.9143],[8.1835,8.9401],[8.1738,8.9675],[8.1738,9.0081],[8.1613,9.0331]]]}},{"type":"Feature","properties":{"state":"Nassarawa","lga":"Awe"},"geometry":{"type":"Polygon","coordinates":[[[9.1694,7.9145],[8.9899,8.0508],[8.9896,8.1659],[8.948,8.1988],[8.9375,8.2379],[8.9523,8.2805],[9.0042,8.2962],[9.0107,8.3288],[9.0074,8.3843],[8.9682,8.417],[8.965,8.4464],[8.9838,8.5],[9.0348,8.4709],[9.0939,8.45],[9.2262,8.4524],[9.3839,8.4973],[9.5512,8.4276],[9.5919,8.3944],[9.6155,8.3512],[9.5869,8.3044],[9.562,8.2845],[9.5296,8.2788],[9.4515,8.3008],[9.4269,8.2971],[9.3828,8.3288],[9.3527,8.3287],[9.332,8.3148],[9.3105,8.2805],[9.2987,8.2345],[9.3591,8.1722],[9.3648,8.1258],[9.3561,8.1154],[9.3722,8.0722],[9.3704,8.0531],[9.1891,7.9369],[9.1694,7.9145]]]}},{"type":"Feature","properties":{"state":"Nassarawa","lga":"Doma"},"geometry":{"type":"Polygon","coordinates":[[[8.2722,7.8439],[8.1701,7.8576],[8.0667,7.9104],[8.062,7.988],[8.046,8.0116],[8.0523,8.0631],[8.152,8.1466],[8.1641,8.2575],[8.1523,8.2807],[8.131,8.2931],[8.0729,8.2952],[8.0502,8.3032],[8.0519,8.3195],[8.0798,8.3481],[8.1447,8.3525],[8.1955,8.3724],[8.2024,8.4119],[8.1571,8.5392],[8.1886,8.5435],[8.2423,8.5099],[8.4268,8.4653],[8.4469,8.4518],[8.4793,8.4049],[8.4932,8.3508],[8.4971,8.262],[8.4871,8.2449],[8.4996,8.1781],[8.4969,8.1421],[8.4549,8.1347],[8.3911,8.0993],[8.3711,8.0766],[8.3546,8.0305],[8.3558,7.9899],[8.4318,7.8024],[8.4303,7.7805],[8.412,7.7628],[8.3257,7.7987],[8.2722,7.8439]]]}},{"type":"Feature","properties":{"state":"Nassarawa","lga":"Karu"},"geometry":{"type":"Polygon","coordinates":[[[7.523,8.8075],[7.5597,8.9325],[7.5657,9.0207],[7.5574,9.0559],[7.5586,9.1461],[7.5928,9.2508],[7.6248,9.2717],[7.6258,9.3107],[7.6476,9.3271],[7.6596,9.3254],[7.6807,9.2826],[7.7199,9.2901],[7.7593,9.2614],[7.7809,9.2654],[7.8093,9.2483],[7.8269,9.2483],[7.8643,9.2821],[7.8794,9.3228],[7.9061,9.3568],[7.9224,9.3624],[7.9402,9.3562],[7.9875,9.3134],[7.9928,9.2612],[8.034,9.242],[8.0709,9.2097],[8.0809,9.1591],[8.0236,9.1249],[8.0012,9.0894],[7.9738,9.0639],[7.9466,9.0615],[7.8629,8.9568],[7.8033,8.9247],[7.7967,8.8861],[7.7692,8.8557],[7.7482,8.8127],[7.7675,8.7824],[7.8215,8.7663],[7.8494,8.782],[7.8609,8.8037],[7.8781,8.814],[7.9077,8.8192],[7.9143,8.8133],[7.9196,8.7566],[7.9113,8.6855],[7.9172,8.6416],[7.8343,8.6601],[7.791,8.6896],[7.725,8.7032],[7.7055,8.6973],[7.6629,8.7029],[7.5682,8.7669],[7.523,8.8075]]]}},{"type":"Feature","properties":{"state":"Nassarawa","lga":"Keana"},"geometry":{"type":"Polygon","coordinates":[[[8.9899,8.0508],[8.979,8.0583],[8.9789,8.0471],[8.9149,8.0435],[8.8025,8.0559],[8.7252,8.0752],[8.5622,8.1349],[8.4969,8.1421],[8.4996,8.1781],[8.4871,8.2449],[8.4905,8.2507],[8.5332,8.2441],[8.554,8.2567],[8.575,8.2457],[8.6299,8.2574],[8.6899,8.2474],[8.7,8.256],[8.7542,8.256],[8.7802,8.2809],[8.8821,8.2755],[8.9523,8.2805],[8.938,8.2225],[8.948,8.1988],[8.9896,8.1659],[8.9899,8.0508]]]}},{"type":"Feature","properties":{"state":"Nassarawa","lga":"Keffi"},"geometry":{"type":"Polygon","coordinates":[[[7.903,8.8177],[7.8609,8.8037],[7.8494,8.782],[7.8215,8.7663],[7.7675,8.7824],[7.7482,8.8127],[7.7971,8.8939],[7.8788,8.8725],[7.8988,8.8558],[7.903,8.8177]]]}},{"type":"Feature","properties":{"state":"Nassarawa","lga":"Kokona"},"geometry":{"type":"Polygon","coordinates":[[[8.0809,9.1591],[8.0759,9.0532],[8.0831,9.0194],[8.0939,9.0073],[8.1125,9.0041],[8.1613,9.0331],[8.1738,9.0081],[8.1738,8.9675],[8.1835,8.9401],[8.1962,8.9143],[8.2289,8.8831],[8.2346,8.8632],[8.2355,8.7609],[8.2234,8.6968],[8.1761,8.6137],[8.1552,8.559],[8.1571,8.5392],[8.1229,8.5471],[8.0285,8.6031],[7.9172,8.6416],[7.9113,8.6855],[7.9189,8.7815],[7.9143,8.8133],[7.903,8.8177],[7.8988,8.8558],[7.8788,8.8725],[7.7971,8.8939],[7.8033,8.9247],[7.8629,8.9568],[7.9466,9.0615],[7.9738,9.0639],[8.0012,9.0894],[8.0236,9.1249],[8.0809,9.1591]]]}},{"type":"Feature","properties":{"state":"Nassarawa","lga":"Lafia"},"geometry":{"type":"Polygon","coordinates":[[[8.9888,8.4995],[8.9838,8.5],[8.965,8.4464],[8.9761,8.4004],[8.8296,8.3992],[8.8065,8.4063],[8.726,8.466],[8.6396,8.4736],[8.6026,8.4664],[8.5932,8.456],[8.5978,8.4133],[8.5741,8.3999],[8.5504,8.3927],[8.4824,8.3928],[8.4469,8.4518],[8.4268,8.4653],[8.2423,8.5099],[8.1886,8.5435],[8.1571,8.5392],[8.1552,8.559],[8.1916,8.6464],[8.224,8.7007],[8.2377,8.6839],[8.2305,8.5799],[8.2411,8.553],[8.2612,8.5542],[8.298,8.6015],[8.3217,8.6138],[8.4031,8.6108],[8.4244,8.6192],[8.4663,8.6535],[8.6341,8.6634],[8.6888,8.7219],[8.6914,8.7665],[8.6813,8.7854],[8.6322,8.8007],[8.6131,8.8182],[8.6715,8.8335],[8.7296,8.829],[8.7782,8.8393],[8.813,8.8668],[8.8462,8.91],[8.8879,9.0171],[8.982,9.0117],[9.0267,9.0333],[9.076,8.9888],[9.0633,8.9418],[9.0024,8.8568],[8.9391,8.8254],[8.9141,8.7795],[8.8936,8.766],[8.8833,8.7313],[8.8942,8.6938],[8.9317,8.6422],[8.936,8.6073],[8.9284,8.5479],[8.9516,8.5145],[8.9888,8.4995]]]}},{"type":"Feature","properties":{"state":"Nassarawa","lga":"Nasarawa"},"geometry":{"type":"Polygon","coordinates":[[[8.0667,7.9104],[7.9499,7.9601],[7.8124,7.9802],[7.6775,8.0197],[7.4828,8.0403],[7.3888,8.0314],[7.3839,8.0698],[7.3709,8.0921],[7.3709,8.1642],[7.4103,8.2606],[7.4212,8.2666],[7.4166,8.2796],[7.4286,8.3518],[7.4218,8.403],[7.4274,8.4218],[7.4829,8.4852],[7.5072,8.561],[7.5075,8.6193],[7.4907,8.6366],[7.4711,8.6392],[7.4875,8.6901],[7.5002,8.6959],[7.523,8.8075],[7.5682,8.7669],[7.6629,8.7029],[7.7055,8.6973],[7.725,8.7032],[7.791,8.6896],[7.8343,8.6601],[7.8762,8.6552],[8.0285,8.6031],[8.1229,8.5471],[8.1571,8.5392],[8.2024,8.4119],[8.1955,8.3724],[8.1447,8.3525],[8.0798,8.3481],[8.0519,8.3195],[8.0502,8.3032],[8.0729,8.2952],[8.131,8.2931],[8.1523,8.2807],[8.1641,8.2575],[8.152,8.1466],[8.0523,8.0631],[8.046,8.0116],[8.062,7.988],[8.0667,7.9104]]]}},{"type":"Feature","properties":{"state":"Nassarawa","lga":"Nassarawa Egon"},"geometry":{"type":"Polygon","coordinates":[[[8.2347,8.8615],[8.4218,8.8861],[8.5032,8.8765],[8.5001,8.835],[8.5261,8.8124],[8.5506,8.8037],[8.6131,8.8182],[8.6322,8.8007],[8.6813,8.7854],[8.6914,8.7665],[8.6888,8.7219],[8.6341,8.6634],[8.4663,8.6535],[8.4244,8.6192],[8.4031,8.6108],[8.3217,8.6138],[8.298,8.6015],[8.2612,8.5542],[8.2411,8.553],[8.2305,8.5799],[8.2377,8.6839],[8.224,8.7007],[8.2355,8.7609],[8.2347,8.8615]]]}},{"type":"Feature","properties":{"state":"Nassarawa","lga":"Obi"},"geometry":{"type":"Polygon","coordinates":[[[8.9793,8.4015],[9.0074,8.3843],[9.0107,8.3288],[9.0042,8.2962],[8.9671,8.2844],[8.8821,8.2755],[8.7802,8.2809],[8.7542,8.256],[8.7,8.256],[8.6899,8.2474],[8.6299,8.2574],[8.5872,8.245],[8.554,8.2567],[8.5332,8.2441],[8.4905,8.2507],[8.4971,8.262],[8.4932,8.3508],[8.4824,8.3928],[8.5504,8.3927],[8.5978,8.4133],[8.5932,8.456],[8.6137,8.4704],[8.6701,8.474],[8.726,8.466],[8.8065,8.4063],[8.8296,8.3992],[8.9793,8.4015]]]}},{"type":"Feature","properties":{"state":"Nassarawa","lga":"Toto"},"geometry":{"type":"Polygon","coordinates":[[[6.9782,8.4118],[7.1579,8.4398],[7.2048,8.4591],[7.2797,8.4763],[7.4029,8.5432],[7.4711,8.6392],[7.4907,8.6366],[7.5075,8.6193],[7.5072,8.561],[7.4829,8.4852],[7.4274,8.4218],[7.4218,8.403],[7.4286,8.3518],[7.4166,8.2796],[7.4212,8.2666],[7.4103,8.2606],[7.3709,8.1642],[7.3709,8.0921],[7.3839,8.0698],[7.3888,8.0314],[7.1682,7.9748],[7.0187,7.9093],[6.9498,7.8618],[6.9386,7.8708],[6.9414,7.9309],[6.9552,7.9651],[6.9812,7.9921],[6.9817,8.0675],[7.0007,8.1433],[6.9919,8.2427],[6.9434,8.3127],[6.9782,8.4118]]]}},{"type":"Feature","properties":{"state":"Nassarawa","lga":"Wamba"},"geometry":{"type":"Polygon","coordinates":[[[8.5005,9.0003],[8.5329,9.0074],[8.5462,9.0189],[8.6507,9.2047],[8.66,9.2048],[8.6872,9.1783],[8.7264,9.1767],[8.7601,9.1629],[8.7702,9.0911],[8.8013,9.0364],[8.8362,9.0206],[8.8879,9.0171],[8.8462,8.91],[8.813,8.8668],[8.7782,8.8393],[8.7628,8.8315],[8.6428,8.8291],[8.5788,8.8062],[8.5506,8.8037],[8.5261,8.8124],[8.5001,8.835],[8.5005,9.0003]]]}},{"type":"Feature","properties":{"state":"Niger","lga":"Agaie"},"geometry":{"type":"Polygon","coordinates":[[[6.3823,8.5848],[6.3577,8.6237],[6.3628,8.6343],[6.345,8.7019],[6.3173,8.7303],[6.3015,8.7821],[6.297,8.8414],[6.2509,8.8491],[6.2466,8.8635],[6.2593,8.8808],[6.2588,8.9048],[6.2428,8.97],[6.2412,9.0234],[6.2602,9.0596],[6.2906,9.0715],[6.2907,9.0904],[6.2654,9.1538],[6.3017,9.204],[6.3217,9.219],[6.3389,9.2139],[6.3517,9.2196],[6.3788,9.2421],[6.4627,9.2425],[6.5003,9.2229],[6.5161,9.1809],[6.5065,9.1335],[6.5085,9.1018],[6.5372,9.0482],[6.5344,9.0244],[6.5602,8.9831],[6.5602,8.945],[6.5497,8.9219],[6.5742,8.839],[6.5437,8.7853],[6.5001,8.7514],[6.4906,8.7331],[6.5111,8.6452],[6.4716,8.5737],[6.4572,8.5634],[6.4362,8.5626],[6.4171,8.565],[6.4099,8.5812],[6.3823,8.5848]]]}},{"type":"Feature","properties":{"state":"Niger","lga":"Agwara"},"geometry":{"type":"Polygon","coordinates":[[[4.7528,10.8182],[4.7136,10.6472],[4.6513,10.5856],[4.5758,10.5535],[4.5406,10.5264],[4.3823,10.5427],[4.3483,10.5344],[4.3974,10.6696],[4.4047,10.7154],[4.3772,10.8665],[4.3833,10.9102],[4.3415,11.0134],[4.4553,11.0281],[4.54,11.0012],[4.6757,10.9102],[4.7013,10.9118],[4.7478,10.8947],[4.7561,10.883],[4.7528,10.8182]]]}},{"type":"Feature","properties":{"state":"Niger","lga":"Bida"},"geometry":{"type":"Polygon","coordinates":[[[5.9399,9.0569],[5.9545,9.0837],[5.9549,9.1015],[5.9742,9.1139],[6.0049,9.1175],[6.0158,9.1031],[6.0281,9.1003],[6.0282,9.1003],[6.0048,9.0547],[5.9707,9.0497],[5.9399,9.0569]]]}},{"type":"Feature","properties":{"state":"Niger","lga":"Borgu"},"geometry":{"type":"Polygon","coordinates":[[[3.8484,10.5888],[3.841,10.7049],[3.7975,10.7352],[3.7495,10.8247],[3.7712,10.9308],[3.7515,11.0114],[3.7169,11.0243],[3.7275,11.1177],[3.7119,11.1281],[3.7272,11.1362],[3.7738,11.1305],[3.8907,11.0642],[4.0085,11.0108],[4.0708,11.0048],[4.2351,11.0191],[4.3423,11.0145],[4.3833,10.9102],[4.3772,10.8665],[4.4047,10.7154],[4.3974,10.6696],[4.3483,10.5344],[4.3823,10.5427],[4.5406,10.5264],[4.5045,10.4755],[4.4985,10.4532],[4.4955,10.3521],[4.5137,10.3135],[4.561,10.271],[4.5563,10.2079],[4.5396,10.1555],[4.5401,10.119],[4.57,10.0713],[4.5739,9.9635],[4.6312,9.7658],[4.6197,9.7024],[4.5784,9.6167],[4.5447,9.5737],[4.5377,9.5447],[4.5518,9.4954],[4.5828,9.4509],[4.581,9.4357],[4.4569,9.4245],[4.4359,9.4307],[4.4217,9.4897],[4.4208,9.5761],[4.4326,9.6506],[4.4281,9.6977],[4.4115,9.7054],[4.384,9.7026],[4.3469,9.7279],[4.2563,9.8317],[4.2242,9.8813],[3.9983,10.1353],[3.94,10.1501],[3.757,10.1446],[3.6701,10.1299],[3.6781,10.1783],[3.6463,10.1894],[3.5977,10.2418],[3.5842,10.2784],[3.6339,10.3899],[3.6316,10.4168],[3.6461,10.4351],[3.6877,10.4564],[3.786,10.4054],[3.8022,10.4552],[3.8062,10.503],[3.8318,10.5686],[3.8484,10.5888]]]}},{"type":"Feature","properties":{"state":"Niger","lga":"Bosso"},"geometry":{"type":"Polygon","coordinates":[[[6.1772,9.4912],[6.1993,9.5208],[6.2011,9.5421],[6.1801,9.5728],[6.1661,9.6398],[6.1709,9.6671],[6.1916,9.7006],[6.1964,9.7569],[6.2869,9.7427],[6.3281,9.7505],[6.3826,9.7382],[6.464,9.7991],[6.4863,9.7821],[6.5085,9.7851],[6.5511,9.7715],[6.5902,9.7083],[6.6394,9.6787],[6.65,9.6592],[6.6516,9.5746],[6.6267,9.5482],[6.627,9.5399],[6.5998,9.5308],[6.5278,9.5288],[6.4859,9.5119],[6.4676,9.4757],[6.4626,9.4147],[6.3616,9.3992],[6.3431,9.3776],[6.2642,9.3933],[6.2361,9.3878],[6.2312,9.4044],[6.2482,9.4274],[6.247,9.4464],[6.2178,9.4767],[6.1953,9.4769],[6.1772,9.4912]],[[6.5393,9.6454],[6.5177,9.65],[6.4892,9.6402],[6.4616,9.5857],[6.4643,9.5765],[6.5422,9.5686],[6.5613,9.5935],[6.5582,9.6175],[6.5393,9.6454]]]}},{"type":"Feature","properties":{"state":"Niger","lga":"Chanchaga"},"geometry":{"type":"Polygon","coordinates":[[[6.5393,9.6454],[6.5582,9.6175],[6.5613,9.5935],[6.5422,9.5686],[6.4643,9.5765],[6.4616,9.5857],[6.4892,9.6402],[6.5177,9.65],[6.5393,9.6454]]]}},{"type":"Feature","properties":{"state":"Niger","lga":"Edati"},"geometry":{"type":"Polygon","coordinates":[[[5.7704,9.0242],[5.7669,9.0126],[5.8127,8.9524],[5.8174,8.9286],[5.7721,8.8946],[5.7211,8.8807],[5.6865,8.9055],[5.6334,8.9031],[5.5922,8.9412],[5.5594,8.9396],[5.5441,8.9581],[5.5133,8.9651],[5.4968,9.004],[5.4353,9.0417],[5.3941,9.0476],[5.3798,9.0745],[5.3996,9.0861],[5.4821,9.0964],[5.484,9.1093],[5.4715,9.1291],[5.5048,9.128],[5.5552,9.1404],[5.6095,9.1781],[5.6414,9.1812],[5.6589,9.1362],[5.7208,9.1248],[5.7349,9.113],[5.734,9.0917],[5.704,9.06],[5.7021,9.0312],[5.6863,9.0242],[5.6851,9.0138],[5.7004,9.0013],[5.7256,8.9999],[5.7509,9.0197],[5.7704,9.0242]]]}},{"type":"Feature","properties":{"state":"Niger","lga":"Gbako"},"geometry":{"type":"Polygon","coordinates":[[[6.0282,9.1003],[5.995,9.1199],[5.964,9.1085],[5.9549,9.1015],[5.9421,9.0602],[5.9135,9.0234],[5.834,8.9575],[5.7982,9.004],[5.8195,9.2565],[5.8434,9.3256],[5.8698,9.3667],[5.8657,9.384],[5.8794,9.4548],[5.903,9.5181],[5.9239,9.5409],[5.94,9.5457],[5.9838,9.5492],[6.0152,9.5368],[6.0304,9.546],[6.0682,9.5478],[6.0969,9.5682],[6.139,9.5329],[6.1782,9.527],[6.1924,9.5105],[6.1441,9.4424],[6.137,9.3895],[6.1032,9.3692],[6.1174,9.3472],[6.1117,9.3186],[6.135,9.2953],[6.1187,9.269],[6.1319,9.248],[6.192,9.2254],[6.2083,9.1965],[6.2035,9.1766],[6.1674,9.1612],[6.1298,9.0954],[6.0786,9.1078],[6.0621,9.1299],[6.0454,9.1371],[6.0415,9.1112],[6.0282,9.1003]]]}},{"type":"Feature","properties":{"state":"Niger","lga":"Gurara"},"geometry":{"type":"Polygon","coordinates":[[[6.979,9.2357],[6.7576,9.2228],[6.7498,9.2003],[6.751,9.1323],[6.7364,9.1553],[6.7385,9.2229],[6.7267,9.265],[6.7081,9.2943],[6.7055,9.3203],[6.7207,9.3307],[6.7448,9.3215],[6.7888,9.2725],[6.8018,9.2874],[6.798,9.3133],[6.8225,9.3292],[6.8024,9.3567],[6.8003,9.38],[6.867,9.3765],[6.894,9.3549],[6.9196,9.3638],[6.9668,9.4],[7.0128,9.397],[7.0297,9.4125],[7.0935,9.4301],[7.0986,9.4392],[7.0937,9.4475],[7.0654,9.4552],[7.0646,9.4664],[7.0733,9.4721],[7.1999,9.5005],[7.2661,9.4771],[7.2292,9.4575],[7.2203,9.4427],[7.2187,9.4054],[7.2736,9.3608],[7.2666,9.3417],[7.241,9.3398],[7.2222,9.3246],[7.2252,9.2596],[7.183,9.2489],[7.152,9.2816],[7.1242,9.2673],[7.1141,9.2517],[7.1243,9.179],[7.1202,9.1269],[7.0075,9.2256],[6.979,9.2357]]]}},{"type":"Feature","properties":{"state":"Niger","lga":"Katcha"},"geometry":{"type":"Polygon","coordinates":[[[6.3577,8.6237],[6.3073,8.68],[6.2613,8.7096],[6.2239,8.7236],[6.1123,8.744],[6.1439,8.7913],[6.102,8.8666],[6.1134,8.9289],[6.0862,8.9895],[6.0892,9.0317],[6.1257,9.0709],[6.12,9.0942],[6.1423,9.1087],[6.1674,9.1612],[6.2035,9.1766],[6.2083,9.1965],[6.192,9.2254],[6.1319,9.248],[6.1187,9.269],[6.135,9.2953],[6.1117,9.3186],[6.1174,9.3472],[6.1032,9.3692],[6.137,9.3895],[6.1441,9.4424],[6.1772,9.4912],[6.1953,9.4769],[6.2178,9.4767],[6.247,9.4464],[6.2482,9.4274],[6.2312,9.4044],[6.2361,9.3878],[6.2642,9.3933],[6.3431,9.3776],[6.3616,9.3992],[6.4569,9.4128],[6.4724,9.3664],[6.475,9.3028],[6.4578,9.2763],[6.477,9.2417],[6.3788,9.2421],[6.3517,9.2196],[6.3389,9.2139],[6.3217,9.219],[6.3017,9.204],[6.2654,9.1538],[6.2907,9.0904],[6.2906,9.0715],[6.2602,9.0596],[6.2412,9.0234],[6.2428,8.97],[6.2588,8.9048],[6.2593,8.8808],[6.2466,8.8635],[6.2585,8.8435],[6.297,8.8414],[6.3015,8.7821],[6.3173,8.7303],[6.345,8.7019],[6.3628,8.6343],[6.3577,8.6237]]]}},{"type":"Feature","properties":{"state":"Niger","lga":"Kontogur"},"geometry":{"type":"Polygon","coordinates":[[[5.1501,10.2782],[5.2,10.3457],[5.2452,10.3619],[5.3006,10.3544],[5.3296,10.3685],[5.3438,10.4283],[5.3245,10.4629],[5.3176,10.4973],[5.3176,10.5712],[5.3491,10.6158],[5.3564,10.6799],[5.4151,10.6967],[5.4625,10.6921],[5.5148,10.676],[5.5542,10.7048],[5.567,10.6934],[5.5968,10.6442],[5.6098,10.5877],[5.648,10.5426],[5.6608,10.5085],[5.6663,10.3836],[5.6853,10.3272],[5.7039,10.2291],[5.6223,10.2113],[5.5684,10.2172],[5.4366,10.1919],[5.3776,10.251],[5.3038,10.2398],[5.2723,10.2557],[5.2173,10.2604],[5.1787,10.282],[5.1501,10.2782]]]}},{"type":"Feature","properties":{"state":"Niger","lga":"Lapai"},"geometry":{"type":"Polygon","coordinates":[[[6.751,9.1323],[6.7463,8.9975],[6.7585,8.5119],[6.751,8.4899],[6.7825,8.411],[6.8054,8.4034],[6.8349,8.4068],[6.8169,8.3545],[6.7592,8.3265],[6.7582,8.2787],[6.7318,8.2872],[6.6963,8.1944],[6.6545,8.2076],[6.5378,8.3563],[6.4939,8.3995],[6.434,8.4365],[6.3823,8.5848],[6.4099,8.5812],[6.4171,8.565],[6.4362,8.5626],[6.4572,8.5634],[6.4716,8.5737],[6.5111,8.6452],[6.4906,8.7331],[6.5001,8.7514],[6.5437,8.7853],[6.5742,8.839],[6.5497,8.9219],[6.5602,8.945],[6.5602,8.9831],[6.5344,9.0244],[6.5372,9.0482],[6.5085,9.1018],[6.5065,9.1335],[6.5161,9.1809],[6.4999,9.2224],[6.5117,9.2171],[6.5978,9.2235],[6.6346,9.2094],[6.6965,9.2554],[6.6898,9.3065],[6.7071,9.3383],[6.727,9.3517],[6.7841,9.3663],[6.8003,9.38],[6.8024,9.3567],[6.8229,9.3339],[6.8214,9.3258],[6.798,9.3133],[6.797,9.2765],[6.7817,9.2753],[6.7448,9.3215],[6.7207,9.3307],[6.7055,9.3203],[6.7081,9.2943],[6.7267,9.265],[6.7385,9.2229],[6.7364,9.1553],[6.751,9.1323]]]}},{"type":"Feature","properties":{"state":"Niger","lga":"Lavun"},"geometry":{"type":"MultiPolygon","coordinates":[[[[6.1123,8.744],[6.0203,8.7543],[5.8905,8.7332],[5.8218,8.7385],[5.7724,8.7575],[5.7947,8.8403],[5.8263,8.8821],[5.8638,8.914],[5.8572,8.9337],[5.834,8.9575],[5.908,9.0175],[5.9399,9.0569],[5.9707,9.0497],[6.0048,9.0547],[6.0281,9.1003],[6.0415,9.1112],[6.0454,9.1371],[6.0621,9.1299],[6.0729,9.1107],[6.1219,9.0944],[6.1261,9.0774],[6.0892,9.0317],[6.0852,8.9981],[6.1134,8.9289],[6.102,8.8666],[6.1439,8.7913],[6.1123,8.744]]],[[[5.7659,9.0237],[5.7256,8.9999],[5.7004,9.0013],[5.6851,9.0138],[5.6863,9.0242],[5.7021,9.0312],[5.704,9.06],[5.734,9.0917],[5.7349,9.113],[5.7208,9.1248],[5.6589,9.1362],[5.6414,9.1812],[5.6095,9.1781],[5.5552,9.1404],[5.5048,9.128],[5.4715,9.1291],[5.4623,9.1599],[5.4719,9.2062],[5.4709,9.2662],[5.4165,9.3047],[5.3799,9.3497],[5.3841,9.3738],[5.4031,9.4045],[5.4008,9.4287],[5.3112,9.5127],[5.2743,9.5335],[5.2709,9.592],[5.2875,9.694],[5.3004,9.7073],[5.482,9.7456],[5.6844,9.6005],[5.7229,9.521],[5.7561,9.4743],[5.7667,9.4702],[5.8028,9.4983],[5.8426,9.4724],[5.8674,9.475],[5.8625,9.441],[5.8014,9.2624],[5.792,9.2048],[5.7982,9.1522],[5.7659,9.0237]]]]}},{"type":"Feature","properties":{"state":"Niger","lga":"Magama"},"geometry":{"type":"Polygon","coordinates":[[[4.5531,10.1072],[4.6327,10.0957],[4.6417,10.1034],[4.6498,10.1971],[4.7698,10.2371],[4.8244,10.2413],[4.867,10.2664],[4.8956,10.3004],[4.9001,10.325],[4.888,10.3639],[4.8287,10.444],[4.8084,10.4892],[4.8157,10.5111],[4.8164,10.6643],[4.856,10.6831],[4.9368,10.6747],[5.0211,10.7168],[5.0807,10.7318],[5.1284,10.7232],[5.1557,10.7285],[5.1959,10.7054],[5.2411,10.6998],[5.2695,10.7412],[5.2896,10.7282],[5.3057,10.7475],[5.3491,10.7614],[5.3466,10.7278],[5.357,10.663],[5.3491,10.6158],[5.3176,10.5712],[5.3146,10.533],[5.3245,10.4629],[5.3438,10.4283],[5.3296,10.3685],[5.3006,10.3544],[5.2452,10.3619],[5.2,10.3457],[5.1771,10.3069],[5.141,10.268],[5.0796,10.2225],[4.9958,10.1984],[4.9237,10.1614],[4.9039,9.9843],[4.8899,9.9649],[4.8642,9.9582],[4.7939,9.9989],[4.7439,9.9736],[4.6579,9.8873],[4.6299,9.824],[4.6266,9.7941],[4.5773,9.9476],[4.5706,9.9888],[4.575,10.0425],[4.5531,10.1072]]]}},{"type":"Feature","properties":{"state":"Niger","lga":"Mariga"},"geometry":{"type":"Polygon","coordinates":[[[6.1665,10.8563],[6.1174,10.7704],[6.111,10.6939],[6.1343,10.6558],[6.1365,10.6323],[6.1245,10.6003],[6.1284,10.5394],[6.0987,10.5107],[6.0944,10.4674],[6.0467,10.4498],[6.0326,10.4349],[6.0245,10.3464],[6.0386,10.2646],[6.0136,10.193],[6.0101,10.0872],[5.9922,10.049],[5.8982,10.1336],[5.8779,10.1384],[5.7773,10.2082],[5.7039,10.2291],[5.6853,10.3272],[5.6663,10.3836],[5.6608,10.5085],[5.648,10.5426],[5.6098,10.5877],[5.5968,10.6442],[5.567,10.6934],[5.5542,10.7048],[5.5148,10.676],[5.4625,10.6921],[5.4151,10.6967],[5.3564,10.6799],[5.3466,10.7278],[5.3491,10.7614],[5.3646,10.7989],[5.3541,10.8721],[5.3843,10.978],[5.4318,11.0265],[5.4365,11.0291],[5.4413,10.9767],[5.4679,10.9568],[5.6403,10.9678],[5.8357,11.0488],[5.8992,11.0554],[5.9199,11.0905],[5.975,11.1345],[6.005,11.1287],[6.0291,11.1096],[6.0806,11.041],[6.142,10.9351],[6.1676,10.8698],[6.1665,10.8563]]]}},{"type":"Feature","properties":{"state":"Niger","lga":"Mashegu"},"geometry":{"type":"Polygon","coordinates":[[[4.5931,9.424],[4.544,9.5124],[4.5377,9.5447],[4.5447,9.5737],[4.5784,9.6167],[4.6265,9.7188],[4.6299,9.824],[4.6579,9.8873],[4.7211,9.9561],[4.7798,9.9962],[4.7939,9.9989],[4.8642,9.9582],[4.8899,9.9649],[4.9039,9.9843],[4.9237,10.1614],[4.9958,10.1984],[5.0796,10.2225],[5.1501,10.2782],[5.1787,10.282],[5.2173,10.2604],[5.2723,10.2557],[5.3038,10.2398],[5.3776,10.251],[5.4366,10.1919],[5.5684,10.2172],[5.6223,10.2113],[5.7107,10.232],[5.7847,10.2044],[5.8779,10.1384],[5.8982,10.1336],[5.9922,10.049],[5.967,9.9524],[5.9472,9.9266],[5.9052,9.9113],[5.8863,9.8938],[5.8372,9.8155],[5.8028,9.7264],[5.7871,9.7094],[5.7722,9.7058],[5.7076,9.7314],[5.6048,9.7188],[5.5632,9.7234],[5.5709,9.7168],[5.5782,9.6751],[5.4992,9.7359],[5.4694,9.7469],[5.3004,9.7073],[5.2875,9.694],[5.2698,9.5785],[5.2758,9.5396],[5.2653,9.506],[5.2239,9.4799],[5.0685,9.4225],[5.0207,9.3887],[4.9246,9.3485],[4.8577,9.3569],[4.8292,9.3677],[4.8131,9.3832],[4.8044,9.4185],[4.8183,9.4856],[4.807,9.5359],[4.7885,9.5475],[4.7364,9.5405],[4.7006,9.5667],[4.6712,9.6022],[4.657,9.6],[4.6363,9.5647],[4.6166,9.4691],[4.5931,9.424]]]}},{"type":"Feature","properties":{"state":"Niger","lga":"Mokwa"},"geometry":{"type":"Polygon","coordinates":[[[5.7423,8.792],[5.4795,8.9601],[5.4692,8.9556],[5.4537,8.9668],[5.3777,8.989],[5.3686,8.9844],[5.336,8.9946],[5.2719,8.9758],[5.2356,8.9871],[5.133,9.1031],[5.1101,9.1208],[5.0076,9.1691],[4.9686,9.1665],[4.8207,9.1093],[4.8003,9.106],[4.7765,9.1158],[4.7577,9.1304],[4.7459,9.2179],[4.7312,9.2517],[4.6649,9.2667],[4.6459,9.2779],[4.613,9.3055],[4.5967,9.3444],[4.5998,9.3994],[4.5931,9.424],[4.6166,9.4691],[4.6363,9.5647],[4.657,9.6],[4.6712,9.6022],[4.7006,9.5667],[4.7364,9.5405],[4.7885,9.5475],[4.807,9.5359],[4.8183,9.4856],[4.8044,9.4185],[4.8131,9.3832],[4.8292,9.3677],[4.8891,9.3493],[4.9246,9.3485],[4.9987,9.3784],[5.0984,9.4362],[5.2239,9.4799],[5.2653,9.506],[5.2743,9.5335],[5.2904,9.5277],[5.4008,9.4287],[5.4031,9.4045],[5.3841,9.3738],[5.3799,9.3497],[5.4165,9.3047],[5.4607,9.2772],[5.4741,9.2559],[5.4624,9.1472],[5.484,9.1093],[5.4821,9.0964],[5.3996,9.0861],[5.3798,9.0745],[5.3828,9.0594],[5.3941,9.0476],[5.4353,9.0417],[5.4968,9.004],[5.5085,8.9688],[5.5441,8.9581],[5.5594,8.9396],[5.5922,8.9412],[5.6334,8.9031],[5.6865,8.9055],[5.7211,8.8807],[5.7721,8.8946],[5.8174,8.9286],[5.8127,8.9524],[5.7667,9.0174],[5.7982,9.1522],[5.792,9.2048],[5.8014,9.2624],[5.8625,9.441],[5.8674,9.475],[5.8888,9.4891],[5.8657,9.384],[5.8698,9.3667],[5.8434,9.3256],[5.8195,9.2565],[5.8183,9.1905],[5.7977,9.04],[5.7982,9.004],[5.8572,8.9337],[5.8638,8.914],[5.8263,8.8821],[5.7947,8.8403],[5.7724,8.7575],[5.7423,8.792]]]}},{"type":"Feature","properties":{"state":"Niger","lga":"Muya"},"geometry":{"type":"Polygon","coordinates":[[[6.918,10.0649],[6.9365,10.0469],[7.0441,10.0071],[7.2629,10.0071],[7.2794,9.9815],[7.2821,9.9004],[7.297,9.8383],[7.2986,9.7888],[7.2885,9.7645],[7.2219,9.751],[7.1368,9.7488],[7.1131,9.7323],[7.1189,9.6992],[7.1608,9.6781],[7.159,9.6395],[7.1399,9.6116],[7.1127,9.6063],[7.0845,9.6126],[7.0681,9.6197],[7.0521,9.6423],[7.032,9.648],[7.0095,9.5841],[6.9825,9.5384],[6.9673,9.5339],[6.9491,9.5484],[6.9366,9.5455],[6.9272,9.5191],[6.8388,9.509],[6.8178,9.5191],[6.8131,9.535],[6.8025,9.6586],[6.8126,9.7127],[6.8412,9.7301],[6.8266,9.7928],[6.8232,9.891],[6.8423,9.9505],[6.8084,9.957],[6.7963,9.9862],[6.8357,10.0014],[6.8425,10.0354],[6.8644,10.0604],[6.918,10.0649]]]}},{"type":"Feature","properties":{"state":"Niger","lga":"Paikoro"},"geometry":{"type":"Polygon","coordinates":[[[7.2219,9.751],[7.2201,9.7264],[7.2968,9.6923],[7.2833,9.6438],[7.3319,9.6179],[7.3398,9.606],[7.3412,9.5877],[7.2913,9.5369],[7.2816,9.4922],[7.2689,9.4782],[7.2344,9.4835],[7.1999,9.5005],[7.1704,9.4898],[7.1085,9.4834],[7.0646,9.4664],[7.0723,9.4505],[7.0937,9.4475],[7.0986,9.4392],[7.0935,9.4301],[7.0297,9.4125],[7.0128,9.397],[6.9668,9.4],[6.9084,9.358],[6.8866,9.3581],[6.867,9.3765],[6.8159,9.3822],[6.7158,9.3472],[6.6898,9.3065],[6.6965,9.2554],[6.6346,9.2094],[6.5978,9.2235],[6.5117,9.2171],[6.4749,9.2393],[6.4782,9.2461],[6.4578,9.2763],[6.475,9.3028],[6.4752,9.3182],[6.4724,9.3664],[6.4569,9.4128],[6.4678,9.4323],[6.4718,9.4914],[6.4859,9.5119],[6.5278,9.5288],[6.5998,9.5308],[6.6275,9.5401],[6.6932,9.5182],[6.7223,9.5418],[6.7668,9.5475],[6.8136,9.5334],[6.8178,9.5191],[6.8388,9.509],[6.9272,9.5191],[6.9366,9.5455],[6.9491,9.5484],[6.9722,9.5325],[7.0006,9.5665],[7.032,9.648],[7.0521,9.6423],[7.0681,9.6197],[7.1127,9.6063],[7.1399,9.6116],[7.155,9.6289],[7.1608,9.6781],[7.1189,9.6992],[7.1131,9.7323],[7.1249,9.743],[7.1571,9.7524],[7.2219,9.751]]]}},{"type":"Feature","properties":{"state":"Niger","lga":"Rafi"},"geometry":{"type":"Polygon","coordinates":[[[6.0944,10.4674],[6.0968,10.4518],[6.1149,10.4349],[6.1461,10.4197],[6.1658,10.3634],[6.1889,10.3539],[6.2117,10.368],[6.2987,10.4802],[6.389,10.5521],[6.4287,10.5761],[6.4857,10.5901],[6.5096,10.588],[6.5262,10.572],[6.5345,10.5441],[6.5108,10.4964],[6.5225,10.3797],[6.4613,10.2959],[6.3733,10.2257],[6.3589,10.1897],[6.3616,10.1558],[6.3758,10.1389],[6.4378,10.1356],[6.4824,10.1112],[6.5245,10.0334],[6.5338,9.97],[6.4776,9.9477],[6.4728,9.9335],[6.4796,9.896],[6.4672,9.8783],[6.4477,9.8668],[6.403,9.8582],[6.3134,9.9117],[6.274,9.9076],[6.2042,9.9163],[6.182,9.8995],[6.1213,9.8233],[6.0941,9.8145],[5.9833,9.8152],[5.942,9.8438],[5.9385,9.9098],[5.967,9.9524],[5.9886,10.0163],[5.9868,10.0417],[6.0068,10.0742],[6.0136,10.193],[6.0386,10.2646],[6.0245,10.3464],[6.0326,10.4349],[6.0467,10.4498],[6.0944,10.4674]]]}},{"type":"Feature","properties":{"state":"Niger","lga":"Rijau"},"geometry":{"type":"Polygon","coordinates":[[[4.776,11.2251],[4.8544,11.2664],[4.9474,11.2986],[5.1696,11.3426],[5.2711,11.3462],[5.329,11.3286],[5.3443,11.3094],[5.352,11.281],[5.3601,11.2055],[5.3732,11.1853],[5.4338,11.146],[5.4415,11.1176],[5.4365,11.0291],[5.3894,10.9878],[5.3541,10.8721],[5.3646,10.7989],[5.3521,10.7623],[5.3057,10.7475],[5.2896,10.7282],[5.2695,10.7412],[5.2411,10.6998],[5.1959,10.7054],[5.1557,10.7285],[5.1284,10.7232],[5.0807,10.7318],[5.0988,10.7562],[5.0998,10.7892],[5.081,10.811],[5.0367,10.837],[5.0288,10.8602],[5.0389,10.8835],[5.0742,10.9068],[5.0782,10.9238],[5.0601,11.0286],[5.0476,11.0403],[5.02,11.0399],[5.003,11.072],[4.9164,11.0804],[4.7706,11.1475],[4.7565,11.1676],[4.7538,11.192],[4.776,11.2251]]]}},{"type":"Feature","properties":{"state":"Niger","lga":"Shiroro"},"geometry":{"type":"Polygon","coordinates":[[[6.5345,10.5441],[6.5428,10.5295],[6.6661,10.5751],[6.7304,10.5661],[6.7407,10.5819],[6.7298,10.6201],[6.7489,10.6393],[6.8253,10.6313],[6.8351,10.6231],[6.8429,10.5925],[6.8474,10.5205],[6.8698,10.5182],[6.9061,10.529],[6.9323,10.5219],[6.9643,10.4612],[6.9634,10.4201],[6.9416,10.3538],[7.0196,10.3273],[7.0718,10.2993],[7.0668,10.2676],[7.0503,10.2391],[6.9818,10.1974],[6.968,10.1737],[6.8921,10.1052],[6.918,10.0649],[6.8644,10.0604],[6.8425,10.0354],[6.8357,10.0014],[6.7963,9.9862],[6.8084,9.957],[6.8423,9.9505],[6.8232,9.891],[6.8266,9.7928],[6.8412,9.7301],[6.8126,9.7127],[6.8025,9.6586],[6.8115,9.5322],[6.7668,9.5475],[6.7223,9.5418],[6.682,9.5169],[6.627,9.5399],[6.6267,9.5482],[6.6516,9.5746],[6.65,9.6592],[6.6394,9.6787],[6.5902,9.7083],[6.5511,9.7715],[6.5085,9.7851],[6.4863,9.7821],[6.464,9.7991],[6.3826,9.7382],[6.3281,9.7505],[6.2869,9.7427],[6.1964,9.7569],[6.217,9.8322],[6.2004,9.8812],[6.1753,9.8908],[6.2042,9.9163],[6.274,9.9076],[6.3134,9.9117],[6.403,9.8582],[6.4477,9.8668],[6.4672,9.8783],[6.4796,9.896],[6.4728,9.9335],[6.4776,9.9477],[6.5338,9.97],[6.5245,10.0334],[6.5117,10.0487],[6.5156,10.0589],[6.4824,10.1112],[6.4378,10.1356],[6.3758,10.1389],[6.3616,10.1558],[6.3589,10.1897],[6.3733,10.2257],[6.4613,10.2959],[6.5225,10.3797],[6.5108,10.4964],[6.5345,10.5441]]]}},{"type":"Feature","properties":{"state":"Niger","lga":"Suleja"},"geometry":{"type":"Polygon","coordinates":[[[7.1703,9.0993],[7.1459,9.099],[7.1202,9.1269],[7.1243,9.179],[7.1141,9.2517],[7.1242,9.2673],[7.152,9.2816],[7.183,9.2489],[7.1853,9.1218],[7.1703,9.0993]]]}},{"type":"Feature","properties":{"state":"Niger","lga":"Tafa"},"geometry":{"type":"Polygon","coordinates":[[[7.3109,9.2975],[7.304,9.2934],[7.1853,9.1218],[7.1797,9.2435],[7.2252,9.2596],[7.2222,9.3246],[7.241,9.3398],[7.2666,9.3417],[7.2512,9.2945],[7.2909,9.3041],[7.3109,9.2975]]]}},{"type":"Feature","properties":{"state":"Niger","lga":"Wushishi"},"geometry":{"type":"Polygon","coordinates":[[[6.1964,9.7569],[6.1916,9.7006],[6.1709,9.6671],[6.1661,9.6398],[6.1801,9.5728],[6.2011,9.5421],[6.1924,9.5105],[6.1824,9.5252],[6.139,9.5329],[6.0932,9.5679],[6.0682,9.5478],[6.0304,9.546],[6.0152,9.5368],[5.9838,9.5492],[5.9239,9.5409],[5.903,9.5181],[5.8932,9.4928],[5.8529,9.4718],[5.8028,9.4983],[5.7667,9.4702],[5.7561,9.4743],[5.7229,9.521],[5.6844,9.6005],[5.5824,9.6765],[5.5632,9.7234],[5.6048,9.7188],[5.7076,9.7314],[5.7722,9.7058],[5.7871,9.7094],[5.8028,9.7264],[5.8372,9.8155],[5.8863,9.8938],[5.9052,9.9113],[5.9472,9.9266],[5.9385,9.9098],[5.942,9.8438],[5.9833,9.8152],[6.0941,9.8145],[6.1213,9.8233],[6.1753,9.8908],[6.2004,9.8812],[6.217,9.8322],[6.1964,9.7569]]]}},{"type":"Feature","properties":{"state":"Ogun","lga":"Abeokuta South"},"geometry":{"type":"Polygon","coordinates":[[[3.3029,7.1268],[3.3058,7.1494],[3.3534,7.2285],[3.3769,7.2139],[3.4051,7.1701],[3.4018,7.1561],[3.34,7.1295],[3.3029,7.1268]]]}},{"type":"Feature","properties":{"state":"Ogun","lga":"AbeokutaNorth"},"geometry":{"type":"Polygon","coordinates":[[[3.3534,7.2285],[3.3058,7.1494],[3.3029,7.1268],[3.2952,7.1264],[3.2652,7.0831],[3.2323,7.0744],[3.216,7.0784],[3.1997,7.0676],[3.1723,7.0736],[3.1422,7.0937],[3.1093,7.0862],[3.1111,7.1396],[3.0885,7.1663],[3.0792,7.2049],[3.0513,7.2639],[3.0415,7.3104],[3.0218,7.3222],[3.0142,7.3371],[3.0006,7.4189],[3.1233,7.3955],[3.1839,7.3477],[3.2011,7.3137],[3.2312,7.2867],[3.3202,7.2607],[3.3534,7.2285]]]}},{"type":"Feature","properties":{"state":"Ogun","lga":"AdoOdo/Ota"},"geometry":{"type":"Polygon","coordinates":[[[3.2517,6.7051],[3.2305,6.666],[3.229,6.628],[3.1953,6.6014],[3.183,6.5377],[3.1658,6.5213],[2.9404,6.5183],[2.887,6.5268],[2.8803,6.5251],[2.8811,6.5161],[2.8582,6.5612],[2.8678,6.5875],[2.9124,6.6213],[2.8978,6.6706],[2.9031,6.6878],[2.9454,6.7044],[2.9906,6.6893],[3.025,6.7657],[3.1084,6.7691],[3.1592,6.7584],[3.2337,6.7721],[3.2566,6.7489],[3.266,6.7179],[3.266,6.707],[3.2517,6.7051]]]}},{"type":"Feature","properties":{"state":"Ogun","lga":"EgbadoNorth"},"geometry":{"type":"Polygon","coordinates":[[[2.7458,6.8652],[2.7479,6.9283],[2.72,6.9348],[2.7206,6.9865],[2.7433,7.0125],[2.7926,7.0413],[2.7451,7.0927],[2.7753,7.1282],[2.7849,7.1592],[2.7743,7.2344],[2.7495,7.2612],[2.7476,7.4174],[2.9008,7.4298],[2.9388,7.4402],[2.9708,7.4365],[3.0006,7.4189],[3.0142,7.3371],[3.0218,7.3222],[3.0415,7.3104],[3.0513,7.2639],[3.0792,7.2049],[3.0885,7.1663],[3.1111,7.1396],[3.111,7.0493],[3.1007,7.0377],[3.0617,7.022],[3.0474,6.9528],[2.9989,6.9625],[2.9511,6.9128],[2.927,6.9075],[2.8876,6.8837],[2.8413,6.8845],[2.7979,6.8597],[2.7695,6.8581],[2.7458,6.8652]]]}},{"type":"Feature","properties":{"state":"Ogun","lga":"EgbadoSouth"},"geometry":{"type":"Polygon","coordinates":[[[3.0694,6.7666],[3.025,6.7657],[2.9906,6.6893],[2.9454,6.7044],[2.9218,6.6986],[2.9001,6.6837],[2.9057,6.6452],[2.87,6.6524],[2.8416,6.6787],[2.8301,6.7096],[2.8108,6.7283],[2.7978,6.8596],[2.8341,6.8821],[2.8876,6.8837],[2.927,6.9075],[2.9511,6.9128],[2.9989,6.9625],[3.0474,6.9528],[3.0787,6.916],[3.075,6.9013],[3.0585,6.8946],[3.0389,6.8662],[3.0738,6.7866],[3.0694,6.7666]]]}},{"type":"Feature","properties":{"state":"Ogun","lga":"Ewekoro"},"geometry":{"type":"Polygon","coordinates":[[[3.1093,7.0862],[3.1422,7.0937],[3.1723,7.0736],[3.1997,7.0676],[3.216,7.0784],[3.2323,7.0744],[3.2652,7.0831],[3.2834,7.1065],[3.2867,7.0705],[3.269,6.9881],[3.2737,6.9629],[3.2905,6.9202],[3.3235,6.8759],[3.3667,6.8358],[3.3007,6.8242],[3.2605,6.8479],[3.1276,6.8628],[3.1035,6.8812],[3.0759,6.8881],[3.0487,6.8838],[3.0795,6.9077],[3.0469,6.9485],[3.0544,7.0108],[3.0617,7.022],[3.1007,7.0377],[3.111,7.0493],[3.1093,7.0862]]]}},{"type":"Feature","properties":{"state":"Ogun","lga":"Ifo"},"geometry":{"type":"Polygon","coordinates":[[[3.3538,6.6692],[3.266,6.707],[3.2566,6.7489],[3.2337,6.7721],[3.1592,6.7584],[3.1084,6.7691],[3.0694,6.7666],[3.0738,6.7866],[3.0436,6.8472],[3.0413,6.8747],[3.0676,6.8878],[3.0939,6.8851],[3.1276,6.8628],[3.2605,6.8479],[3.3007,6.8242],[3.3667,6.8358],[3.3812,6.806],[3.3703,6.7212],[3.3932,6.6936],[3.4178,6.6911],[3.4216,6.6668],[3.4409,6.6501],[3.3698,6.6434],[3.3538,6.6692]]]}},{"type":"Feature","properties":{"state":"Ogun","lga":"Ijebu North-East"},"geometry":{"type":"Polygon","coordinates":[[[4.0797,6.9417],[4.0938,6.9218],[4.0567,6.8715],[4.0555,6.8351],[4.0292,6.8526],[4.0012,6.8573],[3.9753,6.8372],[3.933,6.863],[3.9303,6.8916],[4.0292,6.937],[4.0797,6.9417]]]}},{"type":"Feature","properties":{"state":"Ogun","lga":"IjebuEast"},"geometry":{"type":"Polygon","coordinates":[[[4.2113,6.5748],[4.1998,6.5868],[4.1605,6.5833],[4.131,6.5732],[4.0941,6.5445],[4.0588,6.5622],[4.0581,6.5857],[4.0464,6.6058],[4.0501,6.6209],[4.0942,6.6675],[4.0855,6.6819],[4.0628,6.6855],[4.0482,6.6975],[4.0381,6.7292],[3.9856,6.7365],[4.0034,6.7515],[4.0034,6.7653],[3.965,6.7625],[3.9547,6.7691],[3.9589,6.7976],[3.9854,6.8246],[3.9759,6.8383],[4.0012,6.8573],[4.0292,6.8526],[4.0555,6.8351],[4.0567,6.8715],[4.0938,6.9218],[4.0797,6.9417],[4.1124,6.9441],[4.1513,6.9706],[4.1968,7.0304],[4.2038,7.0576],[4.2552,7.0878],[4.2982,7.0906],[4.3258,7.0815],[4.3738,6.9668],[4.4233,6.9984],[4.441,6.9988],[4.4596,6.9877],[4.4937,7.0026],[4.566,7.0046],[4.5385,6.8574],[4.5208,6.8335],[4.4607,6.7973],[4.4021,6.7444],[4.3539,6.6649],[4.3531,6.6182],[4.3407,6.6128],[4.2988,6.6195],[4.2562,6.5833],[4.2265,6.5832],[4.2113,6.5748]]]}},{"type":"Feature","properties":{"state":"Ogun","lga":"IjebuNorth"},"geometry":{"type":"Polygon","coordinates":[[[4.1124,6.9441],[4.0292,6.937],[3.929,6.891],[3.7958,6.8981],[3.7436,6.9244],[3.7771,6.9935],[3.7821,7.0491],[3.857,7.0584],[3.9061,7.0562],[3.9574,7.0763],[3.9818,7.0983],[4.085,7.1117],[4.144,7.1479],[4.1675,7.1281],[4.177,7.0589],[4.2038,7.0576],[4.2011,7.041],[4.1513,6.9706],[4.1124,6.9441]]]}},{"type":"Feature","properties":{"state":"Ogun","lga":"IjebuOde"},"geometry":{"type":"Polygon","coordinates":[[[4.0628,6.6855],[3.9032,6.6871],[3.9281,6.7341],[3.9355,6.775],[3.9214,6.8042],[3.9,6.809],[3.8794,6.8008],[3.8742,6.8099],[3.876,6.8239],[3.9015,6.8559],[3.9053,6.8923],[3.9303,6.8916],[3.933,6.863],[3.9859,6.8271],[3.9558,6.7919],[3.9547,6.7691],[3.965,6.7625],[4.0034,6.7653],[4.0034,6.7515],[3.9856,6.7365],[4.0399,6.728],[4.0482,6.6975],[4.0628,6.6855]]]}},{"type":"Feature","properties":{"state":"Ogun","lga":"Ikenne"},"geometry":{"type":"Polygon","coordinates":[[[3.6056,6.9597],[3.6323,6.9859],[3.6298,7.0006],[3.6402,7.0085],[3.6512,6.983],[3.7348,6.9037],[3.7369,6.8767],[3.7063,6.8168],[3.6725,6.861],[3.6368,6.8913],[3.6056,6.9597]]]}},{"type":"Feature","properties":{"state":"Ogun","lga":"Imeko-Afon"},"geometry":{"type":"Polygon","coordinates":[[[2.7303,7.5802],[2.7295,7.7922],[2.6684,7.8898],[2.7747,7.9664],[2.8311,7.9698],[2.8618,7.9548],[2.8819,7.9261],[2.8909,7.7986],[2.9,7.7606],[2.9211,7.7256],[2.9347,7.7235],[2.9591,7.8332],[2.9666,7.8404],[2.9888,7.8405],[3.0099,7.8203],[3.009,7.7527],[2.9809,7.6563],[2.9743,7.6601],[2.9661,7.651],[2.9691,7.6111],[2.987,7.5734],[3.058,7.5117],[3.0746,7.4628],[3.1233,7.3955],[3.0047,7.4175],[2.9545,7.4393],[2.9008,7.4298],[2.7992,7.4266],[2.7929,7.4945],[2.7496,7.5273],[2.7461,7.5558],[2.7303,7.5802]]]}},{"type":"Feature","properties":{"state":"Ogun","lga":"Ipokia"},"geometry":{"type":"Polygon","coordinates":[[[2.7179,6.4735],[2.7247,6.5264],[2.7429,6.5454],[2.7531,6.5705],[2.7314,6.6308],[2.7525,6.6657],[2.7866,6.6948],[2.7897,6.7389],[2.7787,6.7592],[2.7392,6.7653],[2.728,6.8017],[2.7492,6.8393],[2.7458,6.8652],[2.7978,6.8596],[2.8108,6.7283],[2.8301,6.7096],[2.8416,6.6787],[2.8577,6.6607],[2.9057,6.6452],[2.9124,6.6213],[2.8596,6.5777],[2.8582,6.5612],[2.8819,6.5116],[2.8747,6.4942],[2.8245,6.4596],[2.7931,6.4739],[2.7381,6.467],[2.7179,6.4735]]]}},{"type":"Feature","properties":{"state":"Ogun","lga":"Obafemi-Owode"},"geometry":{"type":"Polygon","coordinates":[[[3.2952,7.1264],[3.34,7.1295],[3.3918,7.1491],[3.4063,7.1643],[3.4408,7.1571],[3.4648,7.1426],[3.5082,7.1594],[3.5851,7.15],[3.765,7.1599],[3.7742,7.159],[3.7785,7.1324],[3.6973,7.0564],[3.6447,7.028],[3.6431,7.0122],[3.6298,7.0006],[3.6323,6.9859],[3.5791,6.9349],[3.5792,6.9098],[3.5545,6.9141],[3.546,6.8977],[3.5046,6.8645],[3.4794,6.8636],[3.4476,6.7934],[3.4307,6.775],[3.432,6.7565],[3.4157,6.7174],[3.4178,6.6913],[3.4097,6.6894],[3.39,6.6957],[3.3682,6.7297],[3.3812,6.806],[3.3757,6.8271],[3.3183,6.8824],[3.2905,6.9202],[3.2737,6.9629],[3.269,6.9881],[3.2867,7.0705],[3.2832,7.1066],[3.2952,7.1264]]]}},{"type":"Feature","properties":{"state":"Ogun","lga":"Odeda"},"geometry":{"type":"Polygon","coordinates":[[[3.4056,7.1638],[3.3769,7.2139],[3.3202,7.2607],[3.2312,7.2867],[3.2011,7.3137],[3.1839,7.3477],[3.2126,7.3338],[3.2479,7.3306],[3.3062,7.337],[3.3511,7.4011],[3.3695,7.4695],[3.3957,7.4933],[3.4377,7.4886],[3.4659,7.4187],[3.4917,7.4005],[3.5081,7.4046],[3.5264,7.4225],[3.5663,7.4322],[3.6664,7.4287],[3.6853,7.3981],[3.6906,7.3069],[3.6973,7.2955],[3.7455,7.2758],[3.7558,7.2581],[3.7541,7.2223],[3.7742,7.159],[3.5851,7.15],[3.5082,7.1594],[3.4648,7.1426],[3.4408,7.1571],[3.4056,7.1638]]]}},{"type":"Feature","properties":{"state":"Ogun","lga":"Odogbolu"},"geometry":{"type":"Polygon","coordinates":[[[3.9032,6.6871],[3.6787,6.6892],[3.6866,6.7782],[3.6986,6.808],[3.7207,6.835],[3.7369,6.8767],[3.7349,6.9111],[3.7436,6.9244],[3.7862,6.8998],[3.8368,6.8911],[3.9053,6.8923],[3.9015,6.8559],[3.876,6.8239],[3.8742,6.8099],[3.8794,6.8008],[3.9,6.809],[3.9214,6.8042],[3.9355,6.775],[3.9281,6.7341],[3.9032,6.6871]]]}},{"type":"Feature","properties":{"state":"Ogun","lga":"OgunWaterside"},"geometry":{"type":"Polygon","coordinates":[[[4.3424,6.3732],[4.3482,6.4114],[4.3426,6.4316],[4.2575,6.4421],[4.2299,6.4349],[4.2118,6.4562],[4.167,6.4685],[4.1522,6.4805],[4.1487,6.4919],[4.1577,6.5086],[4.2028,6.5297],[4.2209,6.5467],[4.2113,6.5748],[4.2265,6.5832],[4.2562,6.5833],[4.3044,6.6201],[4.3407,6.6128],[4.3531,6.6182],[4.3605,6.5983],[4.3869,6.578],[4.4645,6.565],[4.4941,6.567],[4.517,6.5841],[4.5437,6.6208],[4.5722,6.6291],[4.586,6.6072],[4.5824,6.5443],[4.596,6.4866],[4.5923,6.4719],[4.5845,6.4572],[4.545,6.4466],[4.5146,6.4171],[4.4757,6.4155],[4.4544,6.3937],[4.4702,6.3868],[4.5153,6.3908],[4.5686,6.3627],[4.572,6.3453],[4.5626,6.3197],[4.542,6.3154],[4.4921,6.3224],[4.4132,6.3582],[4.3424,6.3732]]]}},{"type":"Feature","properties":{"state":"Ogun","lga":"Remo-North"},"geometry":{"type":"Polygon","coordinates":[[[3.7821,7.0491],[3.7771,6.9935],[3.7348,6.9037],[3.6512,6.983],[3.6402,7.0085],[3.6447,7.028],[3.6973,7.0564],[3.7131,7.0739],[3.7202,7.0744],[3.709,7.0494],[3.715,7.0449],[3.7821,7.0491]]]}},{"type":"Feature","properties":{"state":"Ogun","lga":"Shagamu"},"geometry":{"type":"Polygon","coordinates":[[[3.6787,6.6892],[3.4562,6.691],[3.4354,6.6745],[3.4409,6.6501],[3.4185,6.6736],[3.4157,6.7174],[3.432,6.7565],[3.4307,6.775],[3.4476,6.7934],[3.4794,6.8636],[3.5046,6.8645],[3.546,6.8977],[3.5545,6.9141],[3.5792,6.9098],[3.5791,6.9349],[3.6056,6.9597],[3.6368,6.8913],[3.6725,6.861],[3.7063,6.8168],[3.6814,6.7585],[3.6855,6.7227],[3.6787,6.6892]]]}},{"type":"Feature","properties":{"state":"Ondo","lga":"Akoko North-East"},"geometry":{"type":"Polygon","coordinates":[[[6.0284,7.5734],[5.9901,7.5189],[5.9095,7.5074],[5.8355,7.5084],[5.6741,7.4847],[5.5915,7.4882],[5.6084,7.5644],[5.6396,7.5514],[5.7076,7.5489],[5.7781,7.5562],[5.8549,7.5821],[5.875,7.5986],[5.896,7.6429],[5.93,7.6764],[6.0246,7.586],[6.0284,7.5734]]]}},{"type":"Feature","properties":{"state":"Ondo","lga":"Akoko South-East"},"geometry":{"type":"Polygon","coordinates":[[[5.9901,7.5189],[5.9744,7.5075],[5.946,7.5075],[5.9242,7.4723],[5.93,7.4462],[5.9626,7.4329],[5.9484,7.3863],[5.9664,7.3399],[5.9251,7.3426],[5.8234,7.402],[5.8131,7.424],[5.8062,7.504],[5.9901,7.5189]]]}},{"type":"Feature","properties":{"state":"Ondo","lga":"Akoko South-West"},"geometry":{"type":"Polygon","coordinates":[[[5.5057,7.3276],[5.5583,7.4017],[5.5915,7.4882],[5.6741,7.4847],[5.8062,7.504],[5.8062,7.4672],[5.8202,7.407],[5.7159,7.3201],[5.6622,7.3063],[5.5057,7.3276]]]}},{"type":"Feature","properties":{"state":"Ondo","lga":"AkokoNorthWest"},"geometry":{"type":"Polygon","coordinates":[[[5.6237,7.6198],[5.7057,7.6934],[5.7193,7.7266],[5.7377,7.7341],[5.7653,7.7249],[5.7736,7.7128],[5.7869,7.7176],[5.8114,7.7561],[5.8861,7.7704],[5.9266,7.7634],[5.9151,7.6967],[5.93,7.6764],[5.896,7.6429],[5.875,7.5986],[5.8549,7.5821],[5.7781,7.5562],[5.7076,7.5489],[5.6396,7.5514],[5.6084,7.5644],[5.6237,7.6198]]]}},{"type":"Feature","properties":{"state":"Ondo","lga":"Akure North"},"geometry":{"type":"Polygon","coordinates":[[[5.1752,7.4319],[5.2977,7.4378],[5.3283,7.4278],[5.3513,7.3921],[5.368,7.3406],[5.3654,7.3268],[5.401,7.2481],[5.4023,7.1688],[5.4127,7.1541],[5.4163,7.1227],[5.4231,7.1175],[5.4712,7.1222],[5.4743,7.1109],[5.4616,7.0841],[5.4326,7.0703],[5.3879,7.0891],[5.346,7.0965],[5.343,7.1119],[5.3144,7.1514],[5.2704,7.1894],[5.2342,7.2048],[5.2099,7.2264],[5.1742,7.3567],[5.1752,7.4319]]]}},{"type":"Feature","properties":{"state":"Ondo","lga":"Akure South"},"geometry":{"type":"Polygon","coordinates":[[[5.174,7.3596],[5.2099,7.2264],[5.2342,7.2048],[5.2704,7.1894],[5.3144,7.1514],[5.343,7.1119],[5.3408,7.1014],[5.3506,7.0957],[5.3104,7.1077],[5.2208,7.117],[5.1017,7.2091],[5.0798,7.2521],[5.0763,7.2775],[5.174,7.3596]]]}},{"type":"Feature","properties":{"state":"Ondo","lga":"Ese-Odo"},"geometry":{"type":"Polygon","coordinates":[[[5.1215,6.1456],[5.0502,5.9691],[4.9258,6.1469],[4.8374,6.2468],[4.8384,6.2765],[4.8676,6.3165],[4.8669,6.3433],[4.8529,6.3792],[4.8672,6.3926],[4.879,6.4523],[4.9008,6.4586],[4.9324,6.4399],[4.9459,6.3795],[4.9664,6.3319],[4.9756,6.3195],[4.9947,6.313],[4.991,6.2994],[4.9832,6.297],[4.9782,6.2881],[4.9827,6.2952],[4.981,6.2782],[5.0283,6.2481],[5.055,6.2005],[5.0802,6.199],[5.1016,6.1822],[5.1215,6.1456]]]}},{"type":"Feature","properties":{"state":"Ondo","lga":"Idanre"},"geometry":{"type":"Polygon","coordinates":[[[5.5379,6.842],[5.5135,6.8698],[5.487,6.8754],[5.4338,6.8691],[5.2993,6.8767],[5.2625,6.8706],[5.2282,6.877],[5.1926,6.8608],[5.1838,6.8166],[5.1684,6.8056],[5.1556,6.7689],[5.1277,6.756],[5.1205,6.7393],[5.0968,6.7182],[5.0463,6.7389],[5.0383,6.7595],[5.0052,6.7902],[4.9871,6.844],[4.9819,6.8893],[4.9959,6.9298],[5.0013,6.9811],[4.9919,7.0375],[4.9798,7.0614],[4.9892,7.1034],[5.0265,7.1417],[5.0151,7.2148],[5.03,7.2533],[5.0812,7.2482],[5.1116,7.1974],[5.2208,7.117],[5.3104,7.1077],[5.4312,7.0729],[5.4397,7.0575],[5.4601,7.0475],[5.4706,6.9994],[5.5127,6.9344],[5.5221,6.9011],[5.5557,6.891],[5.562,6.858],[5.5379,6.842]]]}},{"type":"Feature","properties":{"state":"Ondo","lga":"Ifedore"},"geometry":{"type":"Polygon","coordinates":[[[4.9915,7.4149],[5.065,7.4383],[5.1752,7.4319],[5.174,7.3596],[5.0763,7.2775],[5.0812,7.2482],[5.03,7.2533],[5.0419,7.3212],[5.0383,7.3683],[4.9915,7.4149]]]}},{"type":"Feature","properties":{"state":"Ondo","lga":"IlajeEseodo"},"geometry":{"type":"MultiPolygon","coordinates":[[[[4.996,5.8632],[4.9993,5.8599],[4.9993,5.8588],[4.996,5.8632]]],[[[4.9899,5.871],[4.994,5.8671],[4.994,5.866],[4.9899,5.871]]],[[[4.9781,5.8854],[4.9863,5.8793],[4.9874,5.8749],[4.9781,5.8854]]],[[[4.9365,5.9362],[4.9413,5.9324],[4.9415,5.9307],[4.9365,5.9362]]],[[[5.0035,5.8563],[4.9804,5.8888],[4.944,5.9265],[4.9404,5.9368],[4.7793,6.1001],[4.6185,6.2365],[4.494,6.3218],[4.5587,6.3174],[4.572,6.3453],[4.5686,6.3627],[4.5153,6.3908],[4.4702,6.3868],[4.4544,6.3937],[4.4757,6.4155],[4.5146,6.4171],[4.545,6.4466],[4.5845,6.4572],[4.5923,6.4719],[4.596,6.4866],[4.5824,6.5443],[4.586,6.6072],[4.5722,6.6291],[4.562,6.6287],[4.5807,6.6481],[4.6015,6.6349],[4.6072,6.6191],[4.593,6.567],[4.5948,6.5232],[4.6172,6.4825],[4.6466,6.4585],[4.6476,6.4451],[4.6802,6.4073],[4.701,6.3979],[4.7687,6.3926],[4.839,6.4138],[4.8734,6.4458],[4.8672,6.3926],[4.8529,6.3792],[4.8686,6.3218],[4.8384,6.2765],[4.8374,6.2468],[4.9258,6.1469],[5.0502,5.9691],[5.0035,5.8563]]]]}},{"type":"Feature","properties":{"state":"Ondo","lga":"IleOluji/Okeigbo"},"geometry":{"type":"Polygon","coordinates":[[[5.0419,7.3212],[5.0219,7.2241],[5.005,7.2062],[4.9588,7.1892],[4.9326,7.1942],[4.873,7.1878],[4.8681,7.2359],[4.8933,7.3413],[5.0015,7.3762],[4.9987,7.4011],[5.0383,7.3683],[5.0419,7.3212]]]}},{"type":"Feature","properties":{"state":"Ondo","lga":"Irele"},"geometry":{"type":"Polygon","coordinates":[[[5.0968,6.7182],[5.0843,6.6977],[5.0858,6.6619],[5.0728,6.6459],[5.0728,6.6],[5.0927,6.5898],[5.1152,6.5529],[5.1245,6.5295],[5.1187,6.5017],[5.1053,6.4701],[5.0771,6.4424],[5.0635,6.3819],[5.0159,6.368],[4.9992,6.3471],[4.9947,6.313],[4.9756,6.3195],[4.9664,6.3319],[4.924,6.4501],[4.8883,6.457],[4.8617,6.4367],[4.8467,6.4353],[4.8283,6.4548],[4.8268,6.4723],[4.8619,6.5493],[4.8792,6.6497],[4.8902,6.6572],[4.945,6.6627],[4.9846,6.6604],[5.0044,6.6449],[5.0165,6.6481],[5.0348,6.6833],[5.0736,6.7243],[5.0968,6.7182]]]}},{"type":"Feature","properties":{"state":"Ondo","lga":"Odigbo"},"geometry":{"type":"Polygon","coordinates":[[[4.3531,6.6182],[4.3539,6.6649],[4.4021,6.7444],[4.4607,6.7973],[4.5208,6.8335],[4.5374,6.8557],[4.5791,6.8488],[4.6206,6.873],[4.6659,6.8665],[4.7271,6.8873],[4.7957,6.9346],[4.8605,6.9577],[4.9142,6.9561],[4.9785,6.8985],[5.0052,6.7902],[5.0383,6.7595],[5.0463,6.7389],[5.0736,6.7243],[5.0348,6.6833],[5.0165,6.6481],[5.0044,6.6449],[4.9846,6.6604],[4.8902,6.6572],[4.8721,6.6374],[4.865,6.5866],[4.8161,6.5851],[4.7665,6.6369],[4.7177,6.7168],[4.6401,6.7388],[4.6216,6.7228],[4.5885,6.6453],[4.5807,6.6481],[4.5437,6.6208],[4.517,6.5841],[4.4941,6.567],[4.4645,6.565],[4.3869,6.578],[4.3605,6.5983],[4.3531,6.6182]]]}},{"type":"Feature","properties":{"state":"Ondo","lga":"Okitipupa"},"geometry":{"type":"Polygon","coordinates":[[[4.8544,6.4342],[4.839,6.4138],[4.7687,6.3926],[4.701,6.3979],[4.6802,6.4073],[4.6476,6.4451],[4.6466,6.4585],[4.6172,6.4825],[4.5948,6.5232],[4.593,6.567],[4.6072,6.6191],[4.5885,6.6453],[4.6314,6.7327],[4.6401,6.7388],[4.6689,6.7356],[4.7177,6.7168],[4.7351,6.6815],[4.8027,6.5951],[4.8161,6.5851],[4.865,6.5866],[4.8619,6.5493],[4.8268,6.4723],[4.8351,6.4433],[4.8544,6.4342]]]}},{"type":"Feature","properties":{"state":"Ondo","lga":"Ondo East"},"geometry":{"type":"Polygon","coordinates":[[[5.0151,7.2148],[5.0265,7.1417],[4.9892,7.1034],[4.9798,7.0614],[4.9919,7.0375],[5.0013,6.9811],[4.9959,6.9298],[4.9819,6.8893],[4.9445,6.9344],[4.897,6.9611],[4.9263,7.0642],[4.9154,7.0911],[4.8694,7.0983],[4.873,7.1878],[4.9326,7.1942],[4.9588,7.1892],[5.0151,7.2148]]]}},{"type":"Feature","properties":{"state":"Ondo","lga":"Ondo West"},"geometry":{"type":"Polygon","coordinates":[[[4.5374,6.8557],[4.5611,6.9883],[4.6042,7.0113],[4.639,7.0914],[4.6954,7.1403],[4.7249,7.1497],[4.7456,7.1473],[4.8332,7.0914],[4.8932,7.0965],[4.9241,7.0826],[4.9226,7.0465],[4.897,6.9611],[4.8178,6.9439],[4.7271,6.8873],[4.6659,6.8665],[4.6206,6.873],[4.5791,6.8488],[4.5374,6.8557]]]}},{"type":"Feature","properties":{"state":"Ondo","lga":"Ose"},"geometry":{"type":"Polygon","coordinates":[[[5.9664,7.3399],[5.9447,7.2847],[5.9101,7.2677],[5.8816,7.2382],[5.874,7.2215],[5.8764,7.1991],[5.8243,7.0878],[5.8294,7.0744],[5.8234,7.0606],[5.7989,7.0488],[5.7789,7.0219],[5.7689,6.9471],[5.7905,6.9133],[5.7763,6.905],[5.7761,6.8787],[5.7529,6.8828],[5.7375,6.8028],[5.7131,6.7481],[5.6698,6.7315],[5.6375,6.7611],[5.6159,6.7631],[5.555,6.712],[5.543,6.7115],[5.5091,6.7998],[5.5396,6.8304],[5.5379,6.842],[5.562,6.858],[5.5531,6.8826],[5.5709,6.9396],[5.5752,7.0025],[5.6143,7.0131],[5.6212,7.0224],[5.6174,7.0472],[5.6306,7.0783],[5.6472,7.0943],[5.6831,7.1],[5.6882,7.1059],[5.6731,7.1271],[5.6807,7.141],[5.7366,7.1885],[5.7036,7.1978],[5.7012,7.2338],[5.6786,7.2355],[5.6737,7.2589],[5.6594,7.2734],[5.646,7.3077],[5.692,7.309],[5.7159,7.3201],[5.8202,7.407],[5.9251,7.3426],[5.9664,7.3399]]]}},{"type":"Feature","properties":{"state":"Ondo","lga":"Owo"},"geometry":{"type":"Polygon","coordinates":[[[5.4198,7.274],[5.5057,7.3276],[5.646,7.3077],[5.6594,7.2734],[5.6737,7.2589],[5.6786,7.2355],[5.7012,7.2338],[5.7036,7.1978],[5.7366,7.1885],[5.6807,7.141],[5.6731,7.1271],[5.6882,7.1059],[5.6831,7.1],[5.6472,7.0943],[5.6306,7.0783],[5.6174,7.0472],[5.6212,7.0224],[5.6143,7.0131],[5.5752,7.0025],[5.5709,6.9396],[5.5557,6.891],[5.5221,6.9011],[5.5127,6.9344],[5.4706,6.9994],[5.4601,7.0475],[5.4397,7.0575],[5.4326,7.0703],[5.4616,7.0841],[5.4753,7.1168],[5.4712,7.1222],[5.4231,7.1175],[5.4023,7.1688],[5.401,7.2481],[5.383,7.2835],[5.4198,7.274]]]}},{"type":"Feature","properties":{"state":"Osun","lga":"Atakumosa East"},"geometry":{"type":"Polygon","coordinates":[[[4.8806,7.2924],[4.8681,7.2359],[4.8756,7.1716],[4.8727,7.1112],[4.8625,7.0909],[4.8332,7.0914],[4.7456,7.1473],[4.7111,7.1475],[4.707,7.1835],[4.7373,7.2139],[4.7466,7.2626],[4.778,7.3095],[4.7521,7.3775],[4.7411,7.462],[4.7521,7.492],[4.7785,7.5227],[4.7825,7.557],[4.8213,7.5697],[4.827,7.5274],[4.8531,7.4592],[4.8304,7.3792],[4.8502,7.3344],[4.8806,7.2924]]]}},{"type":"Feature","properties":{"state":"Osun","lga":"Atakumosa West"},"geometry":{"type":"Polygon","coordinates":[[[4.7825,7.557],[4.7785,7.5227],[4.7521,7.492],[4.7411,7.462],[4.7521,7.3775],[4.778,7.3095],[4.7466,7.2626],[4.732,7.2181],[4.6923,7.2423],[4.6843,7.304],[4.7018,7.3433],[4.6912,7.3762],[4.6488,7.4366],[4.6457,7.4452],[4.6537,7.4515],[4.641,7.4773],[4.6279,7.4973],[4.5835,7.5197],[4.5719,7.5603],[4.5546,7.5873],[4.5314,7.586],[4.5364,7.5986],[4.5746,7.6231],[4.5833,7.649],[4.5813,7.6714],[4.5637,7.706],[4.5945,7.7147],[4.6436,7.6955],[4.669,7.6588],[4.6434,7.6551],[4.6407,7.6462],[4.6681,7.6314],[4.6895,7.5984],[4.7126,7.5837],[4.7277,7.535],[4.7436,7.5345],[4.7617,7.5529],[4.7825,7.557]]]}},{"type":"Feature","properties":{"state":"Osun","lga":"Ayedaade"},"geometry":{"type":"Polygon","coordinates":[[[4.3611,6.9909],[4.3258,7.0815],[4.271,7.091],[4.2088,7.0591],[4.177,7.0589],[4.1675,7.1281],[4.144,7.1479],[4.1213,7.13],[4.0771,7.1125],[4.0965,7.2121],[4.1029,7.2303],[4.1458,7.2023],[4.2607,7.2416],[4.2879,7.3012],[4.3279,7.3181],[4.3244,7.3472],[4.3028,7.3793],[4.3093,7.3956],[4.2996,7.4098],[4.3042,7.4261],[4.2986,7.4333],[4.2549,7.4428],[4.2952,7.5085],[4.2848,7.5336],[4.2941,7.5541],[4.3362,7.5917],[4.339,7.6059],[4.3652,7.6137],[4.3755,7.5818],[4.3911,7.5751],[4.4365,7.5847],[4.4689,7.5807],[4.5364,7.5986],[4.527,7.576],[4.5054,7.5549],[4.4324,7.5172],[4.4185,7.4868],[4.3899,7.4712],[4.394,7.4273],[4.3745,7.3751],[4.413,7.3295],[4.3959,7.3031],[4.4061,7.2504],[4.4053,7.2285],[4.3931,7.2271],[4.392,7.2168],[4.3946,7.1202],[4.3595,7.0512],[4.3655,7.0204],[4.3611,6.9909]]]}},{"type":"Feature","properties":{"state":"Osun","lga":"Ayedire"},"geometry":{"type":"Polygon","coordinates":[[[4.3652,7.6137],[4.339,7.6059],[4.3362,7.5917],[4.2941,7.5541],[4.2848,7.5336],[4.2952,7.5085],[4.2911,7.4975],[4.2638,7.4503],[4.2477,7.4376],[4.2299,7.4391],[4.234,7.4487],[4.213,7.4746],[4.1842,7.4802],[4.145,7.4676],[4.1487,7.4973],[4.1232,7.5221],[4.1742,7.573],[4.3243,7.651],[4.3498,7.6304],[4.3648,7.6327],[4.3652,7.6137]]]}},{"type":"Feature","properties":{"state":"Osun","lga":"Boluwaduro"},"geometry":{"type":"Polygon","coordinates":[[[4.8184,7.8483],[4.7394,7.9134],[4.7292,7.9469],[4.7583,7.9272],[4.7681,7.9337],[4.8048,7.9796],[4.8111,8.0118],[4.8051,8.0182],[4.8325,7.998],[4.8361,7.9775],[4.8732,7.9185],[4.8809,7.8926],[4.8693,7.8771],[4.8494,7.8726],[4.8464,7.859],[4.8184,7.8483]]]}},{"type":"Feature","properties":{"state":"Osun","lga":"Boripe"},"geometry":{"type":"Polygon","coordinates":[[[4.7293,7.9463],[4.7394,7.9134],[4.8015,7.8572],[4.7377,7.8648],[4.704,7.85],[4.6843,7.7906],[4.6649,7.7582],[4.6237,7.7502],[4.6072,7.7855],[4.6093,7.8118],[4.6721,7.8648],[4.7293,7.9463]]]}},{"type":"Feature","properties":{"state":"Osun","lga":"Ede North"},"geometry":{"type":"Polygon","coordinates":[[[4.5392,7.7526],[4.5781,7.6762],[4.5678,7.6737],[4.4361,7.6916],[4.4392,7.7252],[4.4518,7.7363],[4.4864,7.7331],[4.5392,7.7526]]]}},{"type":"Feature","properties":{"state":"Osun","lga":"Ede South"},"geometry":{"type":"Polygon","coordinates":[[[4.5781,7.6762],[4.5833,7.649],[4.5746,7.6231],[4.5277,7.5947],[4.4689,7.5807],[4.4365,7.5847],[4.3911,7.5751],[4.3715,7.5897],[4.3614,7.6214],[4.3697,7.6487],[4.3852,7.6657],[4.4301,7.6781],[4.4361,7.6916],[4.4624,7.6916],[4.495,7.6795],[4.5781,7.6762]]]}},{"type":"Feature","properties":{"state":"Osun","lga":"Egbedore"},"geometry":{"type":"Polygon","coordinates":[[[4.5392,7.7526],[4.4864,7.7331],[4.4518,7.7363],[4.4392,7.7252],[4.4355,7.6829],[4.3852,7.6657],[4.3674,7.6419],[4.3296,7.7098],[4.3364,7.7325],[4.3699,7.7757],[4.3606,7.803],[4.3893,7.845],[4.4086,7.8523],[4.4185,7.8737],[4.4525,7.834],[4.4762,7.8247],[4.4648,7.795],[4.4843,7.7779],[4.4991,7.809],[4.561,7.866],[4.5628,7.809],[4.5361,7.7839],[4.5392,7.7526]]]}},{"type":"Feature","properties":{"state":"Osun","lga":"Ejigbo"},"geometry":{"type":"Polygon","coordinates":[[[4.3648,7.6327],[4.3498,7.6304],[4.329,7.645],[4.2965,7.7184],[4.3225,7.7541],[4.288,7.7642],[4.2397,7.8122],[4.1873,7.8117],[4.1011,7.7858],[4.0683,7.7989],[4.0737,7.8458],[4.0835,7.8502],[4.1101,7.838],[4.1628,7.8295],[4.1984,7.8469],[4.2052,7.8938],[4.2222,7.903],[4.2594,7.9517],[4.2676,7.9564],[4.3163,7.9268],[4.3653,7.845],[4.3742,7.8372],[4.3893,7.845],[4.3606,7.803],[4.3699,7.7757],[4.3364,7.7325],[4.3296,7.7098],[4.3674,7.6419],[4.3648,7.6327]]]}},{"type":"Feature","properties":{"state":"Osun","lga":"Ife East"},"geometry":{"type":"Polygon","coordinates":[[[4.6485,7.4389],[4.6745,7.3982],[4.6369,7.3709],[4.6136,7.369],[4.62,7.3088],[4.6077,7.2878],[4.608,7.2643],[4.5982,7.2421],[4.5872,7.2376],[4.5882,7.2793],[4.5779,7.2885],[4.5936,7.3281],[4.571,7.3584],[4.5524,7.3516],[4.5661,7.3728],[4.5709,7.4032],[4.5917,7.4013],[4.6106,7.4126],[4.6332,7.4465],[4.6485,7.4389]]]}},{"type":"Feature","properties":{"state":"Osun","lga":"Ife North"},"geometry":{"type":"Polygon","coordinates":[[[4.5611,6.9883],[4.566,7.0046],[4.561,7.0067],[4.4937,7.0026],[4.4596,6.9877],[4.441,6.9988],[4.4233,6.9984],[4.3738,6.9668],[4.3611,6.9909],[4.3655,7.0204],[4.3582,7.042],[4.3864,7.097],[4.3859,7.1139],[4.3946,7.1202],[4.392,7.2168],[4.3931,7.2271],[4.4053,7.2285],[4.4061,7.2504],[4.3959,7.3031],[4.413,7.3295],[4.3745,7.3751],[4.394,7.4273],[4.3899,7.4712],[4.4185,7.4868],[4.4324,7.5172],[4.4893,7.5439],[4.5314,7.586],[4.5461,7.589],[4.5546,7.5873],[4.5719,7.5603],[4.5893,7.4904],[4.5855,7.4702],[4.5675,7.444],[4.5661,7.3728],[4.542,7.323],[4.5094,7.2862],[4.5049,7.2261],[4.4784,7.1946],[4.4643,7.14],[4.4492,7.1167],[4.4752,7.099],[4.4846,7.0816],[4.5117,7.0905],[4.5389,7.0866],[4.5518,7.0417],[4.5953,7.0055],[4.5611,6.9883]]]}},{"type":"Feature","properties":{"state":"Osun","lga":"Ife South"},"geometry":{"type":"Polygon","coordinates":[[[4.7111,7.1475],[4.639,7.0914],[4.6118,7.0218],[4.5953,7.0055],[4.5518,7.0417],[4.5389,7.0866],[4.5117,7.0905],[4.4846,7.0816],[4.4752,7.099],[4.4492,7.1167],[4.4643,7.14],[4.4784,7.1946],[4.5049,7.2261],[4.5094,7.2862],[4.542,7.323],[4.5524,7.3516],[4.571,7.3584],[4.5936,7.3281],[4.5779,7.2883],[4.5882,7.2793],[4.5855,7.2418],[4.5923,7.2387],[4.608,7.2643],[4.6077,7.2878],[4.62,7.3088],[4.6136,7.369],[4.6369,7.3709],[4.6745,7.3982],[4.6912,7.3762],[4.7018,7.3433],[4.6843,7.304],[4.6923,7.2423],[4.7137,7.2249],[4.7373,7.2187],[4.707,7.1835],[4.7111,7.1475]]]}},{"type":"Feature","properties":{"state":"Osun","lga":"IfeCentral"},"geometry":{"type":"Polygon","coordinates":[[[4.5835,7.5197],[4.6279,7.4973],[4.6537,7.4515],[4.6485,7.4389],[4.6332,7.4465],[4.6106,7.4126],[4.5917,7.4013],[4.5729,7.4013],[4.5675,7.444],[4.5855,7.4702],[4.5835,7.5197]]]}},{"type":"Feature","properties":{"state":"Osun","lga":"Ifedayo"},"geometry":{"type":"Polygon","coordinates":[[[5.0275,7.9338],[4.9723,7.9038],[4.9414,7.8723],[4.9322,7.8818],[4.9291,7.8918],[4.9396,7.911],[4.9672,7.9381],[4.9591,7.9618],[5.0072,8.0281],[5.0309,8.0265],[5.0578,8.0394],[5.0644,8.028],[5.0462,7.9607],[5.0275,7.9338]]]}},{"type":"Feature","properties":{"state":"Osun","lga":"Ifelodun"},"geometry":{"type":"Polygon","coordinates":[[[4.7292,7.9469],[4.6721,7.8648],[4.6093,7.8118],[4.6137,7.8589],[4.608,7.8912],[4.5891,7.8971],[4.566,7.9246],[4.6079,7.9447],[4.6681,7.9437],[4.6868,7.9611],[4.7262,7.9565],[4.7292,7.9469]]]}},{"type":"Feature","properties":{"state":"Osun","lga":"Ila"},"geometry":{"type":"Polygon","coordinates":[[[4.9414,7.8723],[4.9219,7.8247],[4.9141,7.8227],[4.8906,7.8341],[4.8793,7.8505],[4.8464,7.859],[4.8494,7.8726],[4.8791,7.8834],[4.8768,7.9095],[4.8361,7.9775],[4.8325,7.998],[4.8051,8.0182],[4.7961,8.0635],[4.8388,8.0574],[4.892,8.0805],[4.9376,8.0823],[4.9506,8.0754],[4.9745,8.0244],[5.0072,8.0281],[4.9591,7.9618],[4.9672,7.9381],[4.9298,7.8945],[4.9414,7.8723]]]}},{"type":"Feature","properties":{"state":"Osun","lga":"Ilesha East"},"geometry":{"type":"Polygon","coordinates":[[[4.8213,7.5697],[4.7617,7.5529],[4.7436,7.5345],[4.7311,7.5341],[4.7236,7.5381],[4.7191,7.5714],[4.7089,7.586],[4.7922,7.6482],[4.8213,7.5697]]]}},{"type":"Feature","properties":{"state":"Osun","lga":"Ilesha West"},"geometry":{"type":"Polygon","coordinates":[[[4.7089,7.586],[4.6895,7.5984],[4.6681,7.6314],[4.6407,7.6462],[4.6413,7.6536],[4.669,7.6588],[4.7258,7.6473],[4.7891,7.6522],[4.7829,7.6369],[4.7089,7.586]]]}},{"type":"Feature","properties":{"state":"Osun","lga":"Irepodun"},"geometry":{"type":"Polygon","coordinates":[[[4.561,7.866],[4.4991,7.809],[4.4843,7.7779],[4.4704,7.7836],[4.4648,7.795],[4.4732,7.8198],[4.5108,7.8608],[4.5231,7.9058],[4.5432,7.9405],[4.5578,7.9112],[4.561,7.866]]]}},{"type":"Feature","properties":{"state":"Osun","lga":"Irewole"},"geometry":{"type":"Polygon","coordinates":[[[4.2549,7.4428],[4.2986,7.4333],[4.3042,7.4261],[4.2996,7.4098],[4.3093,7.3956],[4.3028,7.3793],[4.3244,7.3472],[4.3279,7.3181],[4.2903,7.3028],[4.2458,7.3197],[4.194,7.315],[4.1641,7.331],[4.1472,7.332],[4.1191,7.3175],[4.145,7.4676],[4.1794,7.4796],[4.2054,7.4768],[4.234,7.4487],[4.2299,7.4391],[4.2405,7.4338],[4.2549,7.4428]]]}},{"type":"Feature","properties":{"state":"Osun","lga":"Isokan"},"geometry":{"type":"Polygon","coordinates":[[[4.2903,7.3028],[4.2607,7.2416],[4.1458,7.2023],[4.1029,7.2303],[4.1191,7.3175],[4.1288,7.3173],[4.1384,7.3287],[4.1641,7.331],[4.2053,7.3137],[4.2564,7.3179],[4.2903,7.3028]]]}},{"type":"Feature","properties":{"state":"Osun","lga":"Iwo"},"geometry":{"type":"Polygon","coordinates":[[[4.2656,7.6226],[4.1742,7.573],[4.1232,7.5221],[4.0854,7.5837],[4.0353,7.6213],[4.0286,7.6504],[4.0471,7.6681],[4.0598,7.6965],[4.0672,7.7405],[4.1015,7.712],[4.158,7.7115],[4.2274,7.6387],[4.2656,7.6226]]]}},{"type":"Feature","properties":{"state":"Osun","lga":"Obokun"},"geometry":{"type":"Polygon","coordinates":[[[4.9134,7.7885],[4.9266,7.7433],[4.9193,7.7147],[4.812,7.7242],[4.7556,7.6502],[4.7145,7.6479],[4.6704,7.6572],[4.6436,7.6955],[4.609,7.7117],[4.6253,7.7507],[4.6698,7.7648],[4.6843,7.7906],[4.6969,7.8427],[4.7377,7.8648],[4.7955,7.8592],[4.8184,7.8483],[4.8412,7.8605],[4.8601,7.8503],[4.8793,7.8505],[4.8906,7.8341],[4.9219,7.8247],[4.9134,7.7885]]]}},{"type":"Feature","properties":{"state":"Osun","lga":"Odo0tin"},"geometry":{"type":"Polygon","coordinates":[[[4.7944,8.063],[4.8095,7.9968],[4.8048,7.9796],[4.7631,7.9292],[4.7292,7.9469],[4.7262,7.9565],[4.6912,7.9615],[4.6681,7.9437],[4.6079,7.9447],[4.566,7.9246],[4.5523,7.9566],[4.5642,7.9828],[4.5556,8.0342],[4.708,8.0329],[4.7313,8.0357],[4.7944,8.063]]]}},{"type":"Feature","properties":{"state":"Osun","lga":"Ola-Oluwa"},"geometry":{"type":"Polygon","coordinates":[[[4.3243,7.651],[4.2656,7.6226],[4.2342,7.6333],[4.158,7.7115],[4.1015,7.712],[4.0672,7.7405],[4.0683,7.7989],[4.1011,7.7858],[4.1873,7.8117],[4.2456,7.8093],[4.288,7.7642],[4.3225,7.7541],[4.2965,7.7184],[4.3243,7.651]]]}},{"type":"Feature","properties":{"state":"Osun","lga":"Olorunda"},"geometry":{"type":"Polygon","coordinates":[[[4.6093,7.8118],[4.5865,7.7646],[4.5759,7.7616],[4.5615,7.772],[4.538,7.7651],[4.5375,7.7869],[4.5628,7.809],[4.5578,7.9112],[4.5432,7.9405],[4.5523,7.9566],[4.5703,7.9158],[4.5891,7.8971],[4.608,7.8912],[4.6137,7.8589],[4.6093,7.8118]]]}},{"type":"Feature","properties":{"state":"Osun","lga":"Oriade"},"geometry":{"type":"Polygon","coordinates":[[[4.9193,7.7147],[4.9073,7.6791],[4.9185,7.6021],[4.9693,7.4902],[5.0015,7.3762],[4.8933,7.3413],[4.8806,7.2924],[4.8502,7.3344],[4.8304,7.3792],[4.8531,7.4592],[4.827,7.5274],[4.8306,7.5377],[4.8141,7.599],[4.7891,7.6522],[4.761,7.6536],[4.7817,7.6915],[4.812,7.7242],[4.9193,7.7147]]]}},{"type":"Feature","properties":{"state":"Osun","lga":"Orolu"},"geometry":{"type":"Polygon","coordinates":[[[4.4762,7.8247],[4.4525,7.834],[4.4191,7.8752],[4.4522,7.894],[4.4681,7.9163],[4.4726,7.91],[4.5023,7.9344],[4.5391,7.9466],[4.5432,7.9405],[4.5231,7.9058],[4.5108,7.8608],[4.4762,7.8247]]]}},{"type":"Feature","properties":{"state":"Osun","lga":"Osogbo"},"geometry":{"type":"Polygon","coordinates":[[[4.609,7.7117],[4.5644,7.7081],[4.5372,7.7493],[4.5416,7.7663],[4.5615,7.772],[4.5759,7.7616],[4.5865,7.7646],[4.6085,7.804],[4.6094,7.7771],[4.6263,7.7428],[4.609,7.7117]]]}},{"type":"Feature","properties":{"state":"Oyo","lga":"Afijio"},"geometry":{"type":"Polygon","coordinates":[[[4.0905,7.8449],[4.0737,7.8458],[4.0684,7.8302],[4.0699,7.7658],[4.0598,7.6965],[4.0324,7.659],[3.953,7.6436],[3.8714,7.6657],[3.7686,7.6423],[3.7362,7.6772],[3.7465,7.7162],[3.6834,7.7384],[3.7001,7.7559],[3.7584,7.7522],[3.7265,7.845],[3.7544,7.8603],[3.7809,7.8453],[3.8638,7.8338],[3.9277,7.7928],[4.0411,7.8566],[4.0902,7.8619],[4.0905,7.8449]]]}},{"type":"Feature","properties":{"state":"Oyo","lga":"Akinyele"},"geometry":{"type":"Polygon","coordinates":[[[4.0523,7.6795],[4.0471,7.6681],[4.0286,7.6504],[4.0353,7.6213],[4.0594,7.6002],[3.9994,7.5465],[3.9859,7.5098],[3.9883,7.4904],[3.9791,7.4906],[3.9702,7.4663],[3.9436,7.434],[3.924,7.4268],[3.9096,7.4431],[3.8831,7.4311],[3.8719,7.4392],[3.8579,7.4251],[3.856,7.4121],[3.8551,7.4231],[3.8617,7.4497],[3.8563,7.4742],[3.8228,7.5375],[3.7827,7.5875],[3.7909,7.6046],[3.8349,7.6343],[3.8444,7.6627],[3.8714,7.6657],[3.9689,7.6438],[3.9861,7.6543],[4.0324,7.659],[4.0523,7.6795]]]}},{"type":"Feature","properties":{"state":"Oyo","lga":"Atiba"},"geometry":{"type":"Polygon","coordinates":[[[3.7635,8.192],[3.7743,8.1789],[3.8137,8.3017],[3.7954,8.4262],[3.8228,8.4391],[3.8209,8.5721],[3.9089,8.5812],[3.9408,8.6023],[3.9916,8.5945],[3.9674,8.5797],[3.9607,8.5087],[3.9694,8.4891],[3.9905,8.4805],[4.0151,8.4057],[4.0484,8.3797],[4.0684,8.3354],[3.9836,8.2398],[3.9769,8.1819],[3.9843,8.1516],[4.0268,8.1135],[4.0428,8.0206],[4.0799,7.9627],[4.0695,7.9478],[4.0195,7.9201],[3.9862,7.8845],[3.9449,7.8678],[3.9311,7.8912],[3.9169,7.9635],[3.8925,8.0004],[3.796,8.066],[3.7588,8.1171],[3.7437,8.1268],[3.7281,8.1222],[3.7328,8.1514],[3.7635,8.192]]]}},{"type":"Feature","properties":{"state":"Oyo","lga":"Atisbo"},"geometry":{"type":"Polygon","coordinates":[[[2.697,8.3151],[2.6971,8.3573],[2.714,8.3872],[2.7069,8.4203],[2.7146,8.4315],[2.7349,8.4363],[2.7414,8.4487],[2.7852,8.4523],[2.9123,8.44],[3.026,8.4254],[3.0758,8.4075],[3.1892,8.4125],[3.2016,8.3978],[3.2167,8.3918],[3.2288,8.3962],[3.2671,8.3801],[3.322,8.384],[3.3528,8.4051],[3.3523,8.4273],[3.3735,8.4875],[3.4075,8.536],[3.4507,8.568],[3.5732,8.509],[3.785,8.4681],[3.8137,8.3017],[3.7743,8.1789],[3.7339,8.2756],[3.6965,8.3018],[3.6784,8.2966],[3.6496,8.31],[3.6185,8.3432],[3.6047,8.3472],[3.5706,8.3798],[3.5543,8.3828],[3.5213,8.3396],[3.5107,8.3389],[3.4825,8.3089],[3.473,8.2902],[3.4047,8.2485],[3.3088,8.236],[3.2383,8.2573],[3.1637,8.2491],[3.1384,8.2152],[3.076,8.2052],[2.9812,8.2068],[2.8443,8.1879],[2.8209,8.1941],[2.7508,8.1881],[2.7541,8.2113],[2.7146,8.2605],[2.697,8.3151]]]}},{"type":"Feature","properties":{"state":"Oyo","lga":"Egbeda"},"geometry":{"type":"Polygon","coordinates":[[[4.144,7.4586],[4.1191,7.3175],[4.0486,7.3401],[4.0,7.3679],[3.9575,7.3681],[3.9431,7.3624],[3.9409,7.3534],[3.9518,7.3993],[3.9914,7.424],[4.104,7.4422],[4.144,7.4586]]]}},{"type":"Feature","properties":{"state":"Oyo","lga":"IbadanNorth"},"geometry":{"type":"Polygon","coordinates":[[[3.888,7.4368],[3.9096,7.4431],[3.9383,7.4094],[3.9318,7.3891],[3.9145,7.3758],[3.9074,7.3952],[3.8859,7.4055],[3.888,7.4368]]]}},{"type":"Feature","properties":{"state":"Oyo","lga":"IbadanNorth-East"},"geometry":{"type":"Polygon","coordinates":[[[3.9518,7.3993],[3.9364,7.3382],[3.9165,7.3598],[3.9016,7.3578],[3.8997,7.3661],[3.9318,7.3891],[3.9383,7.4094],[3.9518,7.3993]]]}},{"type":"Feature","properties":{"state":"Oyo","lga":"IbadanNorth-West"},"geometry":{"type":"Polygon","coordinates":[[[3.8471,7.395],[3.8579,7.4251],[3.8719,7.4392],[3.8831,7.4311],[3.888,7.4368],[3.8859,7.4055],[3.9074,7.3952],[3.9145,7.3758],[3.8997,7.3661],[3.8821,7.3812],[3.8634,7.3808],[3.8471,7.395]]]}},{"type":"Feature","properties":{"state":"Oyo","lga":"IbadanSouth-East"},"geometry":{"type":"Polygon","coordinates":[[[3.8804,7.3337],[3.9131,7.3617],[3.9241,7.3553],[3.9353,7.3363],[3.9043,7.3144],[3.8742,7.3138],[3.8804,7.3337]]]}},{"type":"Feature","properties":{"state":"Oyo","lga":"IbadanSouth-West"},"geometry":{"type":"Polygon","coordinates":[[[3.8878,7.3788],[3.9016,7.3578],[3.8804,7.3337],[3.8742,7.3138],[3.8648,7.3116],[3.831,7.3615],[3.8471,7.395],[3.8634,7.3808],[3.8878,7.3788]]]}},{"type":"Feature","properties":{"state":"Oyo","lga":"Ibarapa Central"},"geometry":{"type":"Polygon","coordinates":[[[3.2126,7.3338],[3.1263,7.3899],[3.0883,7.4399],[3.0734,7.4724],[3.1284,7.4778],[3.1456,7.4881],[3.1975,7.4858],[3.2076,7.499],[3.2234,7.5032],[3.3485,7.5137],[3.3739,7.4739],[3.3511,7.4011],[3.3139,7.3438],[3.2781,7.3292],[3.2126,7.3338]]]}},{"type":"Feature","properties":{"state":"Oyo","lga":"Ibarapa East"},"geometry":{"type":"Polygon","coordinates":[[[3.515,7.4096],[3.4917,7.4005],[3.4786,7.4051],[3.4659,7.4187],[3.4377,7.4886],[3.3957,7.4933],[3.3739,7.4739],[3.3525,7.4991],[3.3561,7.6352],[3.3417,7.6604],[3.4183,7.6904],[3.4247,7.7285],[3.4355,7.7387],[3.4657,7.7419],[3.5145,7.7339],[3.5435,7.7406],[3.5526,7.7925],[3.6834,7.7384],[3.6375,7.6911],[3.6286,7.6705],[3.5701,7.6335],[3.5639,7.6216],[3.5769,7.5391],[3.5636,7.5174],[3.5744,7.4967],[3.5188,7.4263],[3.515,7.4096]]]}},{"type":"Feature","properties":{"state":"Oyo","lga":"Ibarapa North"},"geometry":{"type":"Polygon","coordinates":[[[3.0734,7.4724],[3.058,7.5117],[2.987,7.5734],[2.9691,7.6111],[2.9661,7.651],[2.9743,7.6601],[2.9809,7.6563],[3.0035,7.727],[3.0108,7.7844],[3.0331,7.8066],[3.0556,7.8129],[3.2036,7.8212],[3.2429,7.8148],[3.2781,7.7667],[3.2752,7.7309],[3.2823,7.7095],[3.3472,7.6566],[3.3561,7.6352],[3.3509,7.5992],[3.3578,7.5566],[3.3485,7.5137],[3.2234,7.5032],[3.2076,7.499],[3.1975,7.4858],[3.1456,7.4881],[3.1284,7.4778],[3.0734,7.4724]]]}},{"type":"Feature","properties":{"state":"Oyo","lga":"Ido"},"geometry":{"type":"Polygon","coordinates":[[[3.7522,7.2643],[3.7455,7.2758],[3.6973,7.2955],[3.6906,7.3069],[3.6853,7.3981],[3.6664,7.4287],[3.5663,7.4322],[3.5144,7.4127],[3.5744,7.4967],[3.5636,7.5174],[3.5769,7.5391],[3.5639,7.6216],[3.5701,7.6335],[3.6286,7.6705],[3.6375,7.6911],[3.6834,7.7384],[3.7465,7.7162],[3.7362,7.6772],[3.7686,7.6423],[3.8433,7.6623],[3.8349,7.6343],[3.8016,7.6148],[3.7827,7.5875],[3.8228,7.5375],[3.8614,7.4576],[3.856,7.4121],[3.831,7.3615],[3.8596,7.3114],[3.8049,7.3166],[3.7522,7.2643]]]}},{"type":"Feature","properties":{"state":"Oyo","lga":"Irepo"},"geometry":{"type":"Polygon","coordinates":[[[3.6841,8.9818],[3.7381,9.0265],[3.7455,9.0443],[3.7458,9.0868],[3.7666,9.1393],[3.8201,9.1739],[3.8521,9.1818],[3.8894,9.172],[3.9336,9.1417],[3.9424,9.102],[3.9697,9.0692],[4.0221,9.0304],[4.1141,9.0024],[4.1529,8.9776],[4.1707,8.9799],[4.2471,8.9619],[4.1921,8.9222],[4.1711,8.8924],[4.0716,8.8708],[4.0372,8.8548],[3.9889,8.8503],[3.9406,8.8896],[3.9318,8.8866],[3.8379,8.943],[3.816,8.9466],[3.7845,8.9384],[3.7411,8.9474],[3.7088,8.9609],[3.6841,8.9818]]]}},{"type":"Feature","properties":{"state":"Oyo","lga":"Iseyin"},"geometry":{"type":"Polygon","coordinates":[[[3.7265,7.845],[3.7584,7.7522],[3.7001,7.7559],[3.6834,7.7384],[3.5526,7.7925],[3.5435,7.7406],[3.5145,7.7339],[3.4657,7.7419],[3.4355,7.7387],[3.4247,7.7285],[3.4183,7.6904],[3.3419,7.6611],[3.2823,7.7095],[3.2752,7.7309],[3.2781,7.7667],[3.247,7.8106],[3.2742,7.8212],[3.3221,7.8148],[3.3752,7.8317],[3.3899,7.8736],[3.4534,7.937],[3.4494,7.974],[3.4685,8.0128],[3.4573,8.0471],[3.5035,8.0505],[3.5227,8.037],[3.5452,8.0348],[3.6142,8.0484],[3.7328,8.0392],[3.7436,7.9918],[3.7417,7.9725],[3.72,7.9305],[3.7265,7.845]]]}},{"type":"Feature","properties":{"state":"Oyo","lga":"Itesiwaju"},"geometry":{"type":"Polygon","coordinates":[[[3.7635,8.192],[3.7407,8.1654],[3.7277,8.1354],[3.7328,8.0392],[3.6142,8.0484],[3.5452,8.0348],[3.5227,8.037],[3.5035,8.0505],[3.449,8.0484],[3.4088,8.086],[3.4444,8.1082],[3.4331,8.133],[3.4092,8.1546],[3.3766,8.1651],[3.3444,8.1967],[3.2946,8.1879],[3.2846,8.1233],[3.2713,8.1129],[3.2461,8.1134],[3.2101,8.1216],[3.1875,8.1397],[3.1718,8.1674],[3.1386,8.1968],[3.14,8.2108],[3.1321,8.2173],[3.1483,8.2238],[3.1637,8.2491],[3.2522,8.2573],[3.3088,8.236],[3.4047,8.2485],[3.473,8.2902],[3.4825,8.3089],[3.5107,8.3389],[3.5213,8.3396],[3.5543,8.3828],[3.5706,8.3798],[3.6047,8.3472],[3.6185,8.3432],[3.6496,8.31],[3.6784,8.2966],[3.6965,8.3018],[3.7339,8.2756],[3.7635,8.192]]]}},{"type":"Feature","properties":{"state":"Oyo","lga":"Iwajowa"},"geometry":{"type":"Polygon","coordinates":[[[2.6783,7.8974],[2.6955,7.9308],[2.7288,8.0668],[2.724,8.085],[2.7299,8.1283],[2.7482,8.1647],[2.7508,8.1881],[2.8209,8.1941],[2.8443,8.1879],[2.9812,8.2068],[3.0545,8.2033],[3.1321,8.2173],[3.14,8.2108],[3.1386,8.1968],[3.2101,8.1216],[3.2461,8.1134],[3.2799,8.119],[3.2851,8.0814],[3.2544,8.0278],[3.2665,7.9607],[3.3025,7.9055],[3.3842,7.8576],[3.3752,7.8317],[3.3221,7.8148],[3.2742,7.8212],[3.247,7.8106],[3.2036,7.8212],[3.0556,7.8129],[3.0331,7.8066],[3.0108,7.7844],[3.0099,7.8203],[3.0029,7.8306],[2.9888,7.8405],[2.9666,7.8404],[2.9498,7.813],[2.9347,7.7235],[2.9211,7.7256],[2.9,7.7606],[2.8879,7.8263],[2.8884,7.9029],[2.8618,7.9548],[2.8311,7.9698],[2.7747,7.9664],[2.6783,7.8974]]]}},{"type":"Feature","properties":{"state":"Oyo","lga":"Kajola"},"geometry":{"type":"Polygon","coordinates":[[[3.4573,8.0471],[3.4685,8.0128],[3.4494,7.974],[3.4534,7.937],[3.3998,7.8854],[3.3842,7.8576],[3.3025,7.9055],[3.2665,7.9607],[3.2544,8.0278],[3.2851,8.0814],[3.2799,8.119],[3.2926,8.1455],[3.2946,8.1879],[3.3444,8.1967],[3.3766,8.1651],[3.4092,8.1546],[3.4265,8.1398],[3.4444,8.1082],[3.4088,8.086],[3.4573,8.0471]]]}},{"type":"Feature","properties":{"state":"Oyo","lga":"Lagelu"},"geometry":{"type":"Polygon","coordinates":[[[4.1232,7.5221],[4.1487,7.4973],[4.144,7.4586],[4.104,7.4422],[3.9914,7.424],[3.9543,7.3972],[3.924,7.4268],[3.9499,7.4397],[3.9791,7.4906],[3.9883,7.4904],[3.9859,7.5098],[4.0053,7.5556],[4.0594,7.6002],[4.0854,7.5837],[4.1232,7.5221]]]}},{"type":"Feature","properties":{"state":"Oyo","lga":"Ogbomosho North"},"geometry":{"type":"Polygon","coordinates":[[[4.3109,8.0688],[4.2803,8.0841],[4.2575,8.0856],[4.2326,8.1179],[4.1994,8.117],[4.1843,8.1246],[4.2234,8.206],[4.3056,8.2509],[4.2987,8.237],[4.3219,8.1864],[4.3335,8.1226],[4.3251,8.0882],[4.3109,8.0688]]]}},{"type":"Feature","properties":{"state":"Oyo","lga":"Ogbomosho South"},"geometry":{"type":"Polygon","coordinates":[[[4.1843,8.1246],[4.1994,8.117],[4.2326,8.1179],[4.2575,8.0856],[4.2803,8.0841],[4.3109,8.0688],[4.2884,8.0493],[4.2586,8.043],[4.2224,8.0542],[4.2117,8.0675],[4.1723,8.0707],[4.1843,8.1246]]]}},{"type":"Feature","properties":{"state":"Oyo","lga":"Ogo-Oluw"},"geometry":{"type":"Polygon","coordinates":[[[4.4185,7.8737],[4.4086,7.8523],[4.3742,7.8372],[4.3163,7.9268],[4.2676,7.9564],[4.2222,7.903],[4.2052,7.8938],[4.1984,7.8469],[4.1628,7.8295],[4.1338,7.8323],[4.0905,7.8449],[4.0867,7.9381],[4.1217,7.9637],[4.1555,8.0118],[4.1723,8.0707],[4.2117,8.0675],[4.2407,8.0458],[4.2884,8.0493],[4.3103,8.0159],[4.3211,7.9696],[4.3617,7.9422],[4.4185,7.8737]]]}},{"type":"Feature","properties":{"state":"Oyo","lga":"Olorunsogo"},"geometry":{"type":"Polygon","coordinates":[[[4.1838,8.7425],[4.2125,8.6482],[4.1811,8.6266],[4.1587,8.5952],[4.0766,8.583],[3.9678,8.6007],[3.9363,8.5991],[3.9314,8.6209],[3.9128,8.6369],[3.8935,8.6757],[3.8944,8.701],[3.9101,8.7427],[3.9532,8.786],[3.9889,8.8503],[4.0372,8.8548],[4.0716,8.8708],[4.1711,8.8924],[4.1921,8.9222],[4.2471,8.9619],[4.2684,8.9637],[4.3226,8.9927],[4.3377,8.9689],[4.3307,8.9481],[4.3,8.9084],[4.2398,8.8654],[4.234,8.8397],[4.2105,8.826],[4.1961,8.8057],[4.1838,8.7425]]]}},{"type":"Feature","properties":{"state":"Oyo","lga":"Oluyole"},"geometry":{"type":"Polygon","coordinates":[[[4.0095,7.1038],[3.9818,7.0983],[3.9574,7.0763],[3.9061,7.0562],[3.709,7.0494],[3.7144,7.0677],[3.7785,7.1324],[3.7719,7.1787],[3.7541,7.2223],[3.7522,7.2643],[3.8135,7.3199],[3.8934,7.3125],[3.9364,7.3382],[3.9568,7.3108],[3.9974,7.2838],[4.0189,7.2422],[4.0054,7.1341],[4.0095,7.1038]]]}},{"type":"Feature","properties":{"state":"Oyo","lga":"Ona-Ara"},"geometry":{"type":"Polygon","coordinates":[[[4.0771,7.1125],[4.0095,7.1038],[4.0054,7.1341],[4.0189,7.2422],[3.9974,7.2838],[3.9407,7.3295],[3.9364,7.3382],[3.9452,7.3642],[4.0,7.3679],[4.0486,7.3401],[4.1191,7.3175],[4.1105,7.2502],[4.0771,7.1125]]]}},{"type":"Feature","properties":{"state":"Oyo","lga":"Orelope"},"geometry":{"type":"Polygon","coordinates":[[[3.61,8.9474],[3.6841,8.9818],[3.7088,8.9609],[3.7411,8.9474],[3.7845,8.9384],[3.816,8.9466],[3.8379,8.943],[3.9318,8.8866],[3.9406,8.8896],[3.9851,8.8562],[3.9878,8.8398],[3.9678,8.8194],[3.9438,8.7735],[3.9101,8.7427],[3.8944,8.701],[3.9022,8.6539],[3.9314,8.6209],[3.9363,8.5991],[3.9089,8.5812],[3.8209,8.5721],[3.8333,8.6276],[3.8254,8.6538],[3.7792,8.6963],[3.7073,8.7279],[3.6958,8.7562],[3.6766,8.8665],[3.6569,8.8942],[3.6379,8.9012],[3.61,8.9474]]]}},{"type":"Feature","properties":{"state":"Oyo","lga":"Ori-Ire"},"geometry":{"type":"Polygon","coordinates":[[[4.2125,8.6482],[4.245,8.6014],[4.2935,8.4871],[4.3253,8.4448],[4.3395,8.3663],[4.3665,8.302],[4.3378,8.2871],[4.3056,8.2509],[4.2234,8.206],[4.1836,8.1228],[4.1583,8.0173],[4.1217,7.9637],[4.0874,7.9387],[4.069,7.984],[4.0428,8.0206],[4.0268,8.1135],[3.9843,8.1516],[3.9769,8.1819],[3.9836,8.2398],[4.063,8.3265],[4.0686,8.3441],[4.0484,8.3797],[4.0151,8.4057],[3.9905,8.4805],[3.9694,8.4891],[3.9607,8.5087],[3.9606,8.543],[3.9674,8.5797],[3.9777,8.5888],[3.9916,8.5945],[4.0766,8.583],[4.148,8.591],[4.2125,8.6482]]]}},{"type":"Feature","properties":{"state":"Oyo","lga":"Oyo East"},"geometry":{"type":"Polygon","coordinates":[[[4.0902,7.8619],[4.0258,7.8506],[3.9262,7.7931],[3.9436,7.8368],[3.9449,7.8678],[3.9862,7.8845],[3.9919,7.8975],[4.0695,7.9478],[4.0799,7.9627],[4.0898,7.9295],[4.0902,7.8619]]]}},{"type":"Feature","properties":{"state":"Oyo","lga":"Oyo West"},"geometry":{"type":"Polygon","coordinates":[[[3.9262,7.7931],[3.8915,7.8204],[3.8482,7.8393],[3.7809,7.8453],[3.7544,7.8603],[3.7265,7.845],[3.72,7.9305],[3.7417,7.9725],[3.7436,7.9918],[3.7285,8.0568],[3.7281,8.1222],[3.7437,8.1268],[3.7588,8.1171],[3.796,8.066],[3.881,8.0134],[3.9169,7.9635],[3.9311,7.8912],[3.9472,7.8598],[3.9262,7.7931]]]}},{"type":"Feature","properties":{"state":"Oyo","lga":"Saki East"},"geometry":{"type":"Polygon","coordinates":[[[3.4016,8.8279],[3.4963,8.8905],[3.61,8.9474],[3.6379,8.9012],[3.6569,8.8942],[3.6766,8.8665],[3.6958,8.7562],[3.7073,8.7279],[3.7792,8.6963],[3.83,8.6429],[3.8333,8.6276],[3.8178,8.5415],[3.8228,8.4391],[3.7954,8.4262],[3.7957,8.4161],[3.785,8.4416],[3.785,8.4681],[3.7715,8.4745],[3.6499,8.4904],[3.5732,8.509],[3.4533,8.5672],[3.4496,8.6229],[3.4101,8.6567],[3.3875,8.6567],[3.3763,8.668],[3.3706,8.6963],[3.3763,8.7301],[3.4045,8.7583],[3.4016,8.8279]]]}},{"type":"Feature","properties":{"state":"Oyo","lga":"Saki West"},"geometry":{"type":"Polygon","coordinates":[[[2.7414,8.4487],[2.7569,8.4826],[2.7507,8.4934],[2.7618,8.5053],[2.7619,8.5225],[2.7496,8.5331],[2.7893,8.5725],[2.9184,8.5896],[2.9426,8.6024],[2.9456,8.6182],[3.0089,8.6734],[3.0356,8.6841],[3.1476,8.7731],[3.189,8.7774],[3.2307,8.7458],[3.2458,8.7483],[3.4016,8.8279],[3.4045,8.7583],[3.3763,8.7301],[3.3706,8.6963],[3.3763,8.668],[3.3875,8.6567],[3.4101,8.6567],[3.4496,8.6229],[3.4533,8.5672],[3.4075,8.536],[3.3735,8.4875],[3.3446,8.3947],[3.2841,8.3782],[3.2288,8.3962],[3.2167,8.3918],[3.1892,8.4125],[3.0758,8.4075],[3.026,8.4254],[2.9123,8.44],[2.7852,8.4523],[2.7414,8.4487]]]}},{"type":"Feature","properties":{"state":"Oyo","lga":"Surulere"},"geometry":{"type":"Polygon","coordinates":[[[4.3665,8.302],[4.4068,8.2429],[4.4628,8.2066],[4.5129,8.0611],[4.5244,8.046],[4.5477,8.0449],[4.563,7.9948],[4.561,7.966],[4.5432,7.9405],[4.5391,7.9466],[4.5023,7.9344],[4.4726,7.91],[4.4681,7.9163],[4.4522,7.894],[4.4185,7.8737],[4.3617,7.9422],[4.3211,7.9696],[4.3103,8.0159],[4.2868,8.046],[4.3208,8.0804],[4.3331,8.1139],[4.3219,8.1864],[4.2993,8.2444],[4.3378,8.2871],[4.3665,8.302]]]}},{"type":"Feature","properties":{"state":"Plateau","lga":"Barkin Ladi"},"geometry":{"type":"Polygon","coordinates":[[[8.6864,9.3167],[8.6744,9.347],[8.7411,9.3866],[8.7602,9.4067],[8.7955,9.4661],[8.8069,9.5052],[8.8439,9.5408],[8.8516,9.5568],[8.8517,9.5916],[8.8482,9.6127],[8.8291,9.6359],[8.847,9.6384],[8.8602,9.6559],[8.8852,9.7134],[8.9151,9.7465],[8.9293,9.8112],[8.9532,9.8345],[8.9599,9.7461],[8.9714,9.7162],[9.0017,9.6946],[9.0646,9.6953],[9.0751,9.6853],[9.085,9.63],[9.021,9.5674],[9.0093,9.5464],[8.9696,9.4234],[8.9263,9.4093],[8.8494,9.4014],[8.7459,9.3369],[8.6864,9.3167]]]}},{"type":"Feature","properties":{"state":"Plateau","lga":"Bassa"},"geometry":{"type":"Polygon","coordinates":[[[8.785,10.3357],[8.8098,10.3435],[8.8612,10.3423],[8.9061,10.3281],[8.9482,10.2617],[8.9608,10.1848],[8.9605,10.0237],[8.9323,10.0262],[8.8604,10.0069],[8.7973,9.9594],[8.7787,9.9126],[8.743,9.7587],[8.6563,9.7219],[8.6165,9.7143],[8.6316,9.7387],[8.6231,9.7724],[8.6315,9.9291],[8.6369,9.9467],[8.6756,9.9783],[8.6634,10.0347],[8.6414,10.0798],[8.645,10.1232],[8.6794,10.2028],[8.7101,10.225],[8.7455,10.2368],[8.7667,10.2617],[8.785,10.3357]]]}},{"type":"Feature","properties":{"state":"Plateau","lga":"Bokkos"},"geometry":{"type":"Polygon","coordinates":[[[8.66,9.2048],[8.687,9.2681],[8.6864,9.3167],[8.7459,9.3369],[8.8494,9.4014],[8.9263,9.4093],[8.9779,9.4288],[9.0101,9.393],[9.0667,9.2568],[9.0951,9.0711],[9.0842,9.0616],[9.088,9.0518],[9.0552,9.0122],[9.0267,9.0333],[8.982,9.0117],[8.8362,9.0206],[8.8013,9.0364],[8.7759,9.079],[8.7601,9.1629],[8.7264,9.1767],[8.6872,9.1783],[8.66,9.2048]]]}},{"type":"Feature","properties":{"state":"Plateau","lga":"Jos East"},"geometry":{"type":"Polygon","coordinates":[[[9.2034,9.8423],[9.1639,9.7586],[9.1023,9.7378],[9.0556,9.6953],[9.0175,9.6912],[8.9789,9.7048],[8.9599,9.7461],[8.9609,9.7795],[8.951,9.8175],[8.9506,9.854],[8.9609,9.8739],[8.9602,9.9865],[9.1133,10.0188],[9.1545,10.0183],[9.1835,9.9875],[9.195,9.9612],[9.2034,9.8423]]]}},{"type":"Feature","properties":{"state":"Plateau","lga":"Jos North"},"geometry":{"type":"Polygon","coordinates":[[[8.9605,10.0237],[8.9609,9.8739],[8.9463,9.8488],[8.8882,9.8131],[8.8217,9.7987],[8.7969,9.8047],[8.7815,9.8318],[8.7594,9.836],[8.7973,9.9594],[8.8604,10.0069],[8.9323,10.0262],[8.9605,10.0237]]]}},{"type":"Feature","properties":{"state":"Plateau","lga":"Jos South"},"geometry":{"type":"Polygon","coordinates":[[[8.9532,9.8345],[8.9293,9.8112],[8.9151,9.7465],[8.8852,9.7134],[8.847,9.6384],[8.7818,9.6266],[8.7646,9.6116],[8.7249,9.6388],[8.6543,9.6528],[8.6401,9.7115],[8.743,9.7587],[8.7594,9.836],[8.7815,9.8318],[8.8084,9.798],[8.8882,9.8131],[8.9506,9.854],[8.9532,9.8345]]]}},{"type":"Feature","properties":{"state":"Plateau","lga":"Kanam"},"geometry":{"type":"Polygon","coordinates":[[[9.8652,9.8429],[9.9881,9.7797],[10.0296,9.7715],[10.1791,9.6924],[10.358,9.6164],[10.5605,9.4967],[10.579,9.4616],[10.5883,9.4072],[10.5215,9.4014],[10.5072,9.3924],[10.44,9.4011],[10.4078,9.4143],[10.3086,9.4845],[10.2792,9.4883],[10.2141,9.4671],[10.1707,9.4767],[10.1432,9.4713],[10.1188,9.4469],[10.0992,9.3944],[10.0768,9.3785],[10.053,9.3462],[9.9992,9.3061],[9.9897,9.2933],[10.005,9.2674],[9.9903,9.2444],[9.9251,9.224],[9.9063,9.2255],[9.8615,9.243],[9.8425,9.2649],[9.8057,9.2821],[9.7795,9.2893],[9.7192,9.2876],[9.7572,9.3421],[9.7714,9.4563],[9.7275,9.565],[9.7354,9.5673],[9.782,9.6508],[9.8589,9.6717],[9.8671,9.6983],[9.8626,9.7263],[9.8115,9.7913],[9.8163,9.8143],[9.8652,9.8429]]]}},{"type":"Feature","properties":{"state":"Plateau","lga":"Kanke"},"geometry":{"type":"Polygon","coordinates":[[[9.3841,9.5604],[9.5023,9.5353],[9.6645,9.5447],[9.7275,9.565],[9.7698,9.4708],[9.7572,9.3421],[9.722,9.2904],[9.6872,9.2555],[9.6559,9.1923],[9.6348,9.2052],[9.5967,9.2607],[9.5737,9.2725],[9.5576,9.2719],[9.5051,9.2051],[9.4669,9.1946],[9.413,9.3162],[9.4101,9.3364],[9.4237,9.3796],[9.4245,9.4221],[9.3896,9.4718],[9.3855,9.4896],[9.3841,9.5604]]]}},{"type":"Feature","properties":{"state":"Plateau","lga":"Langtang North"},"geometry":{"type":"Polygon","coordinates":[[[9.7192,9.2876],[9.7795,9.2893],[9.8057,9.2821],[9.8296,9.2739],[9.8863,9.2299],[9.9251,9.224],[9.8816,9.1937],[9.8948,9.1484],[9.852,9.0695],[9.8059,9.0351],[9.801,9.0209],[9.8084,9.0209],[9.8272,8.9776],[9.8231,8.9046],[9.8535,8.7761],[9.7599,8.7879],[9.733,8.7845],[9.7352,8.8831],[9.7756,8.9345],[9.787,8.9768],[9.7696,9.0219],[9.7374,9.0286],[9.7045,9.0617],[9.6634,9.1219],[9.6376,9.1385],[9.6872,9.2555],[9.7192,9.2876]]]}},{"type":"Feature","properties":{"state":"Plateau","lga":"Langtang South"},"geometry":{"type":"Polygon","coordinates":[[[9.733,8.7845],[9.7599,8.7879],[9.8535,8.7761],[9.9011,8.6863],[9.9363,8.6526],[10.0338,8.6138],[10.0743,8.5651],[9.9787,8.5144],[9.8547,8.3913],[9.8153,8.3721],[9.7582,8.359],[9.7129,8.4166],[9.6984,8.4572],[9.6684,8.5005],[9.6313,8.6138],[9.6357,8.6877],[9.6491,8.7257],[9.6714,8.753],[9.7173,8.7692],[9.733,8.7845]]]}},{"type":"Feature","properties":{"state":"Plateau","lga":"Mangu"},"geometry":{"type":"Polygon","coordinates":[[[9.1639,9.7586],[9.1598,9.7249],[9.1696,9.7112],[9.2329,9.6885],[9.2456,9.6771],[9.2938,9.5869],[9.2712,9.5706],[9.2885,9.464],[9.2429,9.3255],[9.2474,9.0716],[9.2379,9.0561],[9.1823,9.0161],[9.1231,9.0136],[9.1174,9.0417],[9.1044,9.0548],[9.088,9.0518],[9.0842,9.0616],[9.0951,9.0711],[9.0896,9.1355],[9.0667,9.2568],[9.0101,9.393],[8.995,9.4152],[8.9733,9.428],[9.0093,9.5464],[9.021,9.5674],[9.085,9.63],[9.0751,9.6853],[9.0556,9.6953],[9.1023,9.7378],[9.1639,9.7586]]]}},{"type":"Feature","properties":{"state":"Plateau","lga":"Mikang"},"geometry":{"type":"Polygon","coordinates":[[[9.6376,9.1385],[9.6634,9.1219],[9.7045,9.0617],[9.7374,9.0286],[9.7696,9.0219],[9.787,8.9768],[9.7868,8.9581],[9.7368,8.8835],[9.703,8.8913],[9.6277,8.9575],[9.5905,8.9665],[9.5278,8.9675],[9.4235,8.9273],[9.3896,8.9778],[9.3805,9.0069],[9.329,9.0054],[9.2998,9.0251],[9.3349,9.1041],[9.3982,9.0589],[9.4125,9.0344],[9.4257,9.0429],[9.4359,9.0772],[9.4486,9.09],[9.4841,9.0631],[9.4927,9.0648],[9.5256,9.0956],[9.539,9.0973],[9.5458,9.0798],[9.6376,9.1385]]]}},{"type":"Feature","properties":{"state":"Plateau","lga":"Pankshin"},"geometry":{"type":"Polygon","coordinates":[[[9.2938,9.5869],[9.3364,9.5632],[9.3841,9.5604],[9.3896,9.4718],[9.4245,9.4221],[9.4237,9.3796],[9.4101,9.3364],[9.413,9.3162],[9.4669,9.1946],[9.5051,9.2051],[9.5576,9.2719],[9.5737,9.2725],[9.5967,9.2607],[9.6348,9.2052],[9.6559,9.1923],[9.6401,9.1397],[9.5458,9.0798],[9.539,9.0973],[9.5256,9.0956],[9.4966,9.0661],[9.4841,9.0631],[9.4486,9.09],[9.4359,9.0772],[9.4257,9.0429],[9.4125,9.0344],[9.3915,9.0649],[9.3309,9.1065],[9.2775,9.1092],[9.2429,9.0971],[9.2479,9.2282],[9.2429,9.3255],[9.2885,9.464],[9.2712,9.5706],[9.2938,9.5869]]]}},{"type":"Feature","properties":{"state":"Plateau","lga":"Qua'anpa"},"geometry":{"type":"Polygon","coordinates":[[[9.2564,8.4618],[9.2262,8.4524],[9.0939,8.45],[9.0348,8.4709],[8.9516,8.5145],[8.9284,8.5479],[8.936,8.6073],[8.928,8.6547],[8.8942,8.6938],[8.8833,8.7313],[8.8936,8.766],[8.9141,8.7795],[8.9391,8.8254],[9.0024,8.8568],[9.0571,8.9296],[9.076,8.9888],[9.0552,9.0122],[9.0716,9.0375],[9.0902,9.0538],[9.1044,9.0548],[9.1174,9.0417],[9.1231,9.0136],[9.1823,9.0161],[9.2379,9.0561],[9.2474,9.0716],[9.2441,9.0983],[9.2945,9.1094],[9.2857,9.0389],[9.2905,9.013],[9.2769,8.988],[9.2949,8.9584],[9.3019,8.8947],[9.314,8.86],[9.3598,8.8187],[9.3655,8.8051],[9.358,8.789],[9.3227,8.7958],[9.3285,8.7249],[9.3181,8.7081],[9.3219,8.6637],[9.262,8.5329],[9.2564,8.4618]]]}},{"type":"Feature","properties":{"state":"Plateau","lga":"Riyom"},"geometry":{"type":"Polygon","coordinates":[[[8.6413,9.3757],[8.547,9.5098],[8.5455,9.5284],[8.5624,9.551],[8.5561,9.608],[8.559,9.6269],[8.5876,9.6474],[8.594,9.6967],[8.6165,9.7143],[8.645,9.7184],[8.6401,9.7115],[8.6543,9.6528],[8.7249,9.6388],[8.7646,9.6116],[8.7818,9.6266],[8.8291,9.6359],[8.8482,9.6127],[8.8533,9.5679],[8.8439,9.5408],[8.8069,9.5052],[8.7955,9.4661],[8.7602,9.4067],[8.6896,9.3528],[8.6744,9.347],[8.6413,9.3757]]]}},{"type":"Feature","properties":{"state":"Plateau","lga":"Shendam"},"geometry":{"type":"Polygon","coordinates":[[[9.6155,8.3512],[9.5919,8.3944],[9.5512,8.4276],[9.3839,8.4973],[9.2564,8.4618],[9.262,8.5329],[9.3219,8.6637],[9.3181,8.7081],[9.3285,8.7249],[9.3227,8.7958],[9.358,8.789],[9.3655,8.8051],[9.3598,8.8187],[9.314,8.86],[9.3019,8.8947],[9.2949,8.9584],[9.2769,8.988],[9.2905,9.013],[9.2857,9.0389],[9.2945,9.1094],[9.3349,9.1041],[9.3054,9.0422],[9.2997,9.0255],[9.3046,9.0184],[9.329,9.0054],[9.3805,9.0069],[9.3896,8.9778],[9.4235,8.9273],[9.5278,8.9675],[9.5905,8.9665],[9.6277,8.9575],[9.703,8.8913],[9.7352,8.8831],[9.7375,8.7909],[9.7173,8.7692],[9.6714,8.753],[9.6491,8.7257],[9.6357,8.6877],[9.6313,8.6138],[9.6684,8.5005],[9.6984,8.4572],[9.7129,8.4166],[9.7582,8.359],[9.6776,8.3472],[9.6155,8.3512]]]}},{"type":"Feature","properties":{"state":"Plateau","lga":"Wase"},"geometry":{"type":"Polygon","coordinates":[[[9.9251,9.224],[9.9903,9.2444],[10.0031,9.2551],[10.005,9.2674],[9.9897,9.2933],[10.0992,9.3944],[10.1188,9.4469],[10.1432,9.4713],[10.1707,9.4767],[10.2141,9.4671],[10.2792,9.4883],[10.3086,9.4845],[10.4078,9.4143],[10.44,9.4011],[10.5072,9.3924],[10.5215,9.4014],[10.5883,9.4072],[10.5808,9.3335],[10.5931,9.2379],[10.6303,9.176],[10.6433,9.1167],[10.6473,9.0793],[10.6383,9.0579],[10.6433,9.0218],[10.6501,9.0219],[10.6536,8.9329],[10.6248,8.8834],[10.4926,8.8164],[10.4281,8.7892],[10.3974,8.791],[10.2435,8.7573],[10.2033,8.7341],[10.1701,8.6668],[10.0934,8.5749],[10.0743,8.5651],[10.0338,8.6138],[9.9363,8.6526],[9.9011,8.6863],[9.8643,8.7498],[9.83,8.8541],[9.8231,8.9046],[9.8272,8.9776],[9.8084,9.0209],[9.801,9.0209],[9.8059,9.0351],[9.852,9.0695],[9.8948,9.1484],[9.8816,9.1937],[9.9251,9.224]]]}},{"type":"Feature","properties":{"state":"Rivers","lga":"Abua/Odu"},"geometry":{"type":"Polygon","coordinates":[[[6.623,4.7276],[6.601,4.7533],[6.5689,4.7536],[6.4632,4.7125],[6.4464,4.7167],[6.4407,4.7482],[6.4475,4.7718],[6.3941,4.7951],[6.3837,4.8211],[6.3871,4.879],[6.4178,4.9223],[6.4205,4.9372],[6.4659,4.927],[6.5176,4.8681],[6.5307,4.8681],[6.5489,4.8811],[6.5497,4.8977],[6.5252,4.9142],[6.5249,4.9246],[6.5352,4.9309],[6.5448,4.9694],[6.5738,4.9772],[6.5947,4.9601],[6.614,4.9093],[6.6256,4.9015],[6.6503,4.9026],[6.6498,4.8879],[6.6732,4.8903],[6.6538,4.8616],[6.6999,4.837],[6.6996,4.8131],[6.7209,4.7909],[6.7378,4.7318],[6.7092,4.7355],[6.6733,4.7251],[6.64,4.7339],[6.623,4.7276]]]}},{"type":"Feature","properties":{"state":"Rivers","lga":"Ahoada East"},"geometry":{"type":"Polygon","coordinates":[[[6.6503,4.9026],[6.6256,4.9015],[6.614,4.9093],[6.5947,4.9601],[6.5738,4.9772],[6.5448,4.9694],[6.5368,4.9355],[6.5002,4.9322],[6.4887,4.9515],[6.5236,4.9827],[6.5287,5.0017],[6.5628,5.0136],[6.5757,5.0373],[6.5659,5.0629],[6.5915,5.0719],[6.5835,5.1084],[6.5845,5.1819],[6.5747,5.1927],[6.5805,5.2064],[6.6261,5.2003],[6.6753,5.1633],[6.6934,5.1819],[6.7066,5.1828],[6.7085,5.1759],[6.6625,5.0004],[6.6489,4.9753],[6.656,4.9546],[6.6503,4.9026]]]}},{"type":"Feature","properties":{"state":"Rivers","lga":"Ahoada West"},"geometry":{"type":"Polygon","coordinates":[[[6.4205,4.9372],[6.4307,4.9761],[6.4007,4.978],[6.396,4.9983],[6.4177,5.058],[6.4715,5.1551],[6.4902,5.185],[6.5349,5.1821],[6.5527,5.2102],[6.5805,5.2064],[6.5747,5.1927],[6.5845,5.1819],[6.5835,5.1084],[6.5915,5.0719],[6.5659,5.0629],[6.5757,5.0373],[6.5628,5.0136],[6.5287,5.0017],[6.5236,4.9827],[6.4887,4.9515],[6.5002,4.9322],[6.5368,4.9355],[6.5249,4.9246],[6.5252,4.9142],[6.5497,4.8977],[6.5489,4.8811],[6.5307,4.8681],[6.5176,4.8681],[6.4659,4.927],[6.4205,4.9372]]]}},{"type":"Feature","properties":{"state":"Rivers","lga":"Akukutor"},"geometry":{"type":"MultiPolygon","coordinates":[[[[6.754,4.4629],[6.7565,4.4601],[6.7507,4.4601],[6.754,4.4629]]],[[[6.7904,4.5773],[6.7915,4.579],[6.7924,4.579],[6.7904,4.5773]]],[[[6.8001,4.5871],[6.7999,4.5868],[6.7999,4.5871],[6.8001,4.5871]]],[[[6.6973,4.4503],[6.6974,4.4504],[6.6974,4.4502],[6.6973,4.4503]]],[[[6.6999,4.5276],[6.7035,4.5232],[6.701,4.5207],[6.6999,4.5276]]],[[[6.6824,4.6206],[6.6428,4.652],[6.6214,4.7271],[6.64,4.7339],[6.6733,4.7251],[6.7092,4.7355],[6.7407,4.7311],[6.7659,4.7058],[6.7751,4.6671],[6.8001,4.6476],[6.8194,4.6166],[6.7866,4.5743],[6.7833,4.5412],[6.8216,4.3961],[6.8496,4.3576],[6.7657,4.3471],[6.7143,4.3599],[6.7129,4.4037],[6.7232,4.4082],[6.7254,4.4149],[6.7343,4.4121],[6.7354,4.421],[6.7368,4.4151],[6.7401,4.4146],[6.7479,4.4235],[6.7512,4.4179],[6.7657,4.4138],[6.7668,4.4093],[6.7818,4.4138],[6.7471,4.4249],[6.7404,4.4157],[6.7349,4.4221],[6.7335,4.4129],[6.7243,4.4157],[6.7165,4.4076],[6.7099,4.4465],[6.7285,4.4415],[6.7337,4.446],[6.7371,4.4565],[6.7693,4.451],[6.7715,4.4529],[6.7729,4.4576],[6.7632,4.4529],[6.756,4.4707],[6.7515,4.4746],[6.7562,4.4657],[6.7385,4.4593],[6.7251,4.4435],[6.7113,4.4524],[6.7243,4.4579],[6.7368,4.471],[6.7421,4.4815],[6.7415,4.4854],[6.724,4.4585],[6.7107,4.4551],[6.6965,4.496],[6.7315,4.5707],[6.7285,4.614],[6.7435,4.6132],[6.7579,4.6229],[6.7582,4.6274],[6.7501,4.6326],[6.7643,4.6374],[6.7635,4.6513],[6.7607,4.6532],[6.7549,4.654],[6.7629,4.651],[6.7635,4.6382],[6.7488,4.6332],[6.7565,4.6232],[6.739,4.6146],[6.7285,4.6446],[6.7193,4.6504],[6.7279,4.6629],[6.7274,4.6646],[6.7185,4.6521],[6.719,4.6493],[6.7274,4.6429],[6.7293,4.6207],[6.7213,4.6124],[6.7154,4.6243],[6.7201,4.6449],[6.7057,4.6557],[6.7054,4.6593],[6.7115,4.6665],[6.711,4.6671],[6.7046,4.6596],[6.7049,4.6549],[6.6985,4.6557],[6.6976,4.6588],[6.6968,4.6582],[6.6982,4.6551],[6.7118,4.6504],[6.7179,4.6421],[6.7126,4.6079],[6.6824,4.6206]]],[[[6.7221,4.5626],[6.7224,4.5604],[6.7218,4.5604],[6.7221,4.5626]]]]}},{"type":"Feature","properties":{"state":"Rivers","lga":"Andoni/O"},"geometry":{"type":"MultiPolygon","coordinates":[[[[7.4815,4.4826],[7.4981,4.4507],[7.4199,4.4349],[7.3312,4.4479],[7.3426,4.4863],[7.3496,4.4887],[7.3449,4.4818],[7.3454,4.4793],[7.3471,4.4779],[7.3599,4.4782],[7.361,4.4812],[7.3596,4.4854],[7.3607,4.4857],[7.3682,4.4776],[7.3793,4.4857],[7.3596,4.4871],[7.359,4.4849],[7.3604,4.481],[7.3596,4.4788],[7.3454,4.4812],[7.3501,4.4851],[7.351,4.4912],[7.3863,4.5068],[7.3951,4.4957],[7.3976,4.496],[7.3965,4.5007],[7.4037,4.4968],[7.4065,4.4993],[7.4149,4.4857],[7.4368,4.4896],[7.4296,4.481],[7.4404,4.4912],[7.4765,4.4829],[7.4726,4.4774],[7.4796,4.479],[7.4815,4.4826]]],[[[7.4787,4.4843],[7.4785,4.4801],[7.476,4.4793],[7.4787,4.4843]]],[[[7.4476,4.5046],[7.4782,4.4887],[7.4363,4.4971],[7.4476,4.5046]]],[[[7.4446,4.504],[7.4429,4.5024],[7.4424,4.504],[7.4446,4.504]]],[[[7.4329,4.5193],[7.441,4.5043],[7.4151,4.4887],[7.4107,4.5096],[7.4035,4.5176],[7.4118,4.5213],[7.4154,4.5362],[7.426,4.5279],[7.4215,4.5218],[7.4329,4.5193]]],[[[7.3982,4.5465],[7.4015,4.5368],[7.3999,4.5337],[7.3954,4.5385],[7.3982,4.5465]]],[[[7.4013,4.5535],[7.4018,4.5501],[7.3999,4.551],[7.4013,4.5535]]],[[[7.399,4.5149],[7.4079,4.5087],[7.404,4.4976],[7.3965,4.5015],[7.3954,4.4965],[7.389,4.5085],[7.399,4.5149]]],[[[7.416,4.5415],[7.4079,4.5218],[7.3843,4.5126],[7.3818,4.5243],[7.3938,4.5229],[7.4076,4.5318],[7.4068,4.5432],[7.416,4.5415]]],[[[7.3768,4.5354],[7.3888,4.5321],[7.379,4.526],[7.3768,4.5354]]],[[[7.3882,4.5699],[7.3879,4.5576],[7.3965,4.5526],[7.3921,4.5362],[7.3785,4.5374],[7.3757,4.5351],[7.3782,4.5043],[7.361,4.5049],[7.3601,4.5232],[7.366,4.526],[7.3663,4.5371],[7.3735,4.541],[7.3638,4.5418],[7.3621,4.5249],[7.3507,4.5382],[7.3804,4.554],[7.3643,4.5515],[7.3687,4.5671],[7.3882,4.5699]]],[[[7.4153,4.5888],[7.4221,4.5529],[7.4107,4.5465],[7.4043,4.5765],[7.3968,4.5576],[7.3865,4.5849],[7.3804,4.571],[7.366,4.5693],[7.346,4.5952],[7.4282,4.6015],[7.4153,4.5888]]],[[[7.3404,4.5751],[7.3507,4.5696],[7.3485,4.536],[7.3588,4.5179],[7.351,4.5026],[7.3393,4.5079],[7.3335,4.5301],[7.3424,4.5493],[7.3371,4.5457],[7.3321,4.561],[7.3407,4.5685],[7.3404,4.5751]]],[[[7.3538,4.5538],[7.3582,4.549],[7.3535,4.5465],[7.3538,4.5538]]],[[[7.3554,4.566],[7.3582,4.5604],[7.3551,4.5585],[7.3554,4.566]]],[[[7.3849,4.5732],[7.3835,4.5707],[7.3835,4.5732],[7.3849,4.5732]]],[[[7.3275,4.5426],[7.3276,4.5432],[7.3276,4.5426],[7.3275,4.5426]]],[[[7.331,4.5582],[7.3329,4.5521],[7.3329,4.5382],[7.3274,4.5482],[7.331,4.5582]]],[[[7.331,4.5657],[7.3321,4.564],[7.3309,4.5621],[7.331,4.5657]]],[[[7.331,4.5765],[7.3396,4.569],[7.3326,4.5657],[7.331,4.5765]]],[[[7.2951,4.5851],[7.3057,4.5826],[7.3021,4.5799],[7.3054,4.5793],[7.3035,4.5765],[7.3071,4.5657],[7.3057,4.5601],[7.2951,4.5851]]],[[[7.3096,4.5685],[7.3137,4.5843],[7.3135,4.5762],[7.3299,4.5771],[7.3096,4.5685]]],[[[7.3193,4.5912],[7.3182,4.589],[7.3182,4.591],[7.3193,4.5912]]],[[[7.2971,4.5968],[7.3035,4.5946],[7.3093,4.589],[7.2979,4.5865],[7.2971,4.5968]]],[[[7.3451,4.5932],[7.349,4.574],[7.3304,4.5882],[7.3251,4.5832],[7.3271,4.5912],[7.3154,4.5946],[7.3182,4.6004],[7.3129,4.6071],[7.3135,4.5987],[7.3,4.5985],[7.3211,4.6125],[7.3451,4.5932]]]]}},{"type":"Feature","properties":{"state":"Rivers","lga":"Asari-To"},"geometry":{"type":"MultiPolygon","coordinates":[[[[6.8363,4.7021],[6.8457,4.7079],[6.8463,4.7107],[6.8496,4.7076],[6.8554,4.7068],[6.8629,4.7176],[6.8665,4.7035],[6.8829,4.6985],[6.901,4.6796],[6.8951,4.6741],[6.8694,4.6821],[6.8363,4.7021]]],[[[6.7901,4.7051],[6.7821,4.7538],[6.7901,4.7557],[6.794,4.7601],[6.8138,4.7543],[6.8171,4.7562],[6.8182,4.7632],[6.8263,4.766],[6.8271,4.7551],[6.8388,4.7426],[6.8646,4.7268],[6.8549,4.7076],[6.846,4.7118],[6.8349,4.7026],[6.8263,4.7107],[6.8201,4.6896],[6.7979,4.7012],[6.8001,4.7079],[6.7985,4.7196],[6.8035,4.7262],[6.794,4.7262],[6.7979,4.6999],[6.7901,4.7051]]],[[[6.8024,4.7982],[6.8035,4.7915],[6.8085,4.7896],[6.8174,4.7924],[6.8216,4.7982],[6.8685,4.7865],[6.8451,4.7639],[6.8677,4.7363],[6.8435,4.7413],[6.8293,4.7546],[6.8279,4.7665],[6.8171,4.7638],[6.8143,4.7551],[6.7965,4.7621],[6.7874,4.7571],[6.7798,4.7968],[6.8024,4.7982]]],[[[6.8201,4.7993],[6.8068,4.791],[6.803,4.8021],[6.81,4.808],[6.8201,4.7993]]]]}},{"type":"Feature","properties":{"state":"Rivers","lga":"Bonny"},"geometry":{"type":"MultiPolygon","coordinates":[[[[7.2229,4.484],[7.2026,4.4804],[7.2001,4.4785],[7.1957,4.4874],[7.2151,4.5082],[7.2274,4.4976],[7.2318,4.4979],[7.2346,4.5032],[7.2401,4.5015],[7.2401,4.496],[7.2421,4.4943],[7.2468,4.4935],[7.2457,4.4874],[7.2571,4.4876],[7.2593,4.4801],[7.2618,4.4768],[7.2685,4.4771],[7.2818,4.4843],[7.2846,4.4749],[7.2976,4.4668],[7.316,4.4782],[7.3168,4.4388],[7.326,4.4182],[7.209,4.3807],[7.1349,4.3849],[7.1368,4.409],[7.1512,4.4024],[7.1693,4.401],[7.151,4.4032],[7.1371,4.416],[7.1504,4.4163],[7.1479,4.4254],[7.1726,4.4588],[7.1746,4.4479],[7.1793,4.4415],[7.1951,4.4357],[7.1976,4.4357],[7.2029,4.4385],[7.2071,4.4485],[7.2096,4.4474],[7.2107,4.4426],[7.2126,4.4418],[7.2279,4.4479],[7.2426,4.4374],[7.2343,4.4446],[7.2488,4.446],[7.2326,4.4474],[7.2268,4.4721],[7.2135,4.4779],[7.2196,4.4799],[7.2229,4.484]]],[[[7.2251,4.4501],[7.2274,4.4485],[7.2246,4.4482],[7.2251,4.4501]]],[[[7.2276,4.456],[7.2276,4.4546],[7.2265,4.4568],[7.2276,4.456]]],[[[7.2379,4.5368],[7.2693,4.4951],[7.3187,4.5012],[7.3288,4.4924],[7.2988,4.4682],[7.2813,4.4857],[7.2624,4.4776],[7.2587,4.4876],[7.2574,4.4885],[7.2465,4.4876],[7.2476,4.4938],[7.2404,4.5024],[7.2343,4.504],[7.2274,4.4985],[7.2146,4.5112],[7.2379,4.5368]]],[[[7.2082,4.4751],[7.2263,4.4713],[7.2237,4.4479],[7.2118,4.4426],[7.2101,4.4476],[7.2079,4.449],[7.2057,4.4488],[7.1979,4.4368],[7.1804,4.4415],[7.1757,4.4601],[7.1826,4.4699],[7.1896,4.4718],[7.1929,4.4615],[7.1954,4.4596],[7.1979,4.4596],[7.1996,4.4626],[7.1985,4.4704],[7.2004,4.4713],[7.2054,4.4676],[7.211,4.4676],[7.2082,4.4751]]],[[[7.1982,4.4779],[7.2071,4.4743],[7.2076,4.4685],[7.1988,4.4721],[7.1935,4.4618],[7.1935,4.4826],[7.1982,4.4779]]],[[[7.1193,4.5082],[7.149,4.5163],[7.1379,4.5093],[7.1254,4.4938],[7.1257,4.4812],[7.1157,4.4851],[7.1135,4.4843],[7.111,4.4796],[7.1193,4.5082]]],[[[7.0526,4.5568],[7.0813,4.559],[7.0824,4.5557],[7.0868,4.5515],[7.0982,4.546],[7.1049,4.5374],[7.106,4.5321],[7.1093,4.5274],[7.1101,4.5215],[7.1168,4.5124],[7.106,4.4871],[7.1054,4.451],[7.0768,4.459],[7.0604,4.4779],[7.0757,4.5062],[7.0596,4.5268],[7.0526,4.5568]]],[[[7.0364,4.4685],[7.0407,4.5064],[7.0206,4.5372],[7.0295,4.5874],[7.046,4.5782],[7.0521,4.5312],[7.0704,4.5049],[7.0565,4.4949],[7.0543,4.4965],[7.0571,4.5012],[7.054,4.5087],[7.0515,4.5104],[7.0485,4.5099],[7.0493,4.5154],[7.046,4.5163],[7.0446,4.5087],[7.0532,4.5085],[7.0535,4.4963],[7.059,4.4921],[7.061,4.4646],[7.0746,4.446],[7.0521,4.4376],[7.0332,4.4363],[7.049,4.4395],[7.0364,4.4685]]],[[[7.0851,4.5707],[7.134,4.564],[7.1751,4.5279],[7.161,4.4715],[7.151,4.4835],[7.1537,4.4643],[7.1087,4.4646],[7.1143,4.484],[7.1262,4.4807],[7.126,4.4932],[7.1476,4.5126],[7.1504,4.5176],[7.1496,4.5279],[7.1576,4.5318],[7.1446,4.5385],[7.1415,4.5215],[7.1262,4.5213],[7.1293,4.5137],[7.1193,4.5087],[7.1037,4.5412],[7.096,4.5493],[7.0829,4.5574],[7.0851,4.5707]]],[[[7.146,4.5232],[7.146,4.521],[7.1457,4.5213],[7.146,4.5232]]],[[[7.0832,4.5682],[7.0818,4.5599],[7.0696,4.5637],[7.0737,4.5685],[7.0832,4.5682]]],[[[7.2496,4.6226],[7.2446,4.6185],[7.244,4.6154],[7.2501,4.6076],[7.2412,4.6051],[7.2401,4.6024],[7.2443,4.5968],[7.2551,4.596],[7.249,4.5843],[7.2496,4.5699],[7.2515,4.5663],[7.2596,4.5626],[7.2604,4.5574],[7.2518,4.5518],[7.2515,4.5482],[7.2574,4.5393],[7.2682,4.5307],[7.2668,4.5229],[7.2579,4.5232],[7.241,4.5421],[7.2385,4.5574],[7.244,4.5599],[7.2482,4.5735],[7.2387,4.5774],[7.231,4.6013],[7.2246,4.5999],[7.2237,4.6101],[7.2151,4.614],[7.221,4.6151],[7.2213,4.6171],[7.2193,4.6196],[7.2232,4.6207],[7.2218,4.6271],[7.2251,4.6224],[7.2279,4.6218],[7.2326,4.6307],[7.2496,4.6226]]],[[[7.2749,4.5796],[7.2735,4.5762],[7.2726,4.5782],[7.2749,4.5796]]],[[[7.2699,4.5804],[7.2707,4.5765],[7.2676,4.5779],[7.2699,4.5804]]],[[[7.2726,4.5821],[7.2724,4.5793],[7.2715,4.5821],[7.2726,4.5821]]],[[[7.3323,4.4479],[7.331,4.4507],[7.3338,4.4518],[7.3323,4.4479]]],[[[7.3339,4.4521],[7.3338,4.4518],[7.3338,4.4521],[7.3339,4.4521]]],[[[7.3353,4.4579],[7.3349,4.4615],[7.336,4.4621],[7.3353,4.4579]]],[[[7.3176,4.4626],[7.3168,4.4665],[7.3179,4.4671],[7.3176,4.4626]]],[[[7.3385,4.4723],[7.3393,4.4754],[7.3399,4.4785],[7.3401,4.476],[7.3385,4.4723]]],[[[7.3274,4.5374],[7.3293,4.5107],[7.3257,4.5082],[7.3243,4.5129],[7.3187,4.5126],[7.3193,4.5201],[7.3107,4.5254],[7.3135,4.5274],[7.3135,4.5343],[7.3274,4.5374]]],[[[7.2854,4.5457],[7.2907,4.5307],[7.3032,4.5346],[7.3043,4.5421],[7.3124,4.5332],[7.3096,4.5254],[7.3104,4.5218],[7.3187,4.519],[7.3182,4.5121],[7.3235,4.5099],[7.2988,4.5057],[7.2946,4.5107],[7.2893,4.509],[7.2885,4.5124],[7.2826,4.516],[7.2871,4.5176],[7.2876,4.5265],[7.2768,4.539],[7.2854,4.5457]]],[[[7.3274,4.5415],[7.3243,4.5438],[7.3257,4.5454],[7.3274,4.5415]]],[[[7.2946,4.5443],[7.2912,4.5454],[7.2912,4.5462],[7.2946,4.5443]]],[[[7.2943,4.5454],[7.2924,4.5513],[7.2904,4.5432],[7.3021,4.5349],[7.291,4.5321],[7.2851,4.5471],[7.2863,4.5574],[7.2974,4.5596],[7.3032,4.5446],[7.2999,4.5421],[7.2985,4.544],[7.296,4.5435],[7.296,4.5438],[7.2949,4.544],[7.2946,4.5443],[7.2946,4.5446],[7.2943,4.5446],[7.2943,4.5454]]],[[[7.2751,4.5529],[7.2815,4.546],[7.2715,4.5429],[7.2749,4.5479],[7.2751,4.5529]]],[[[7.281,4.5565],[7.2746,4.5535],[7.2729,4.5554],[7.281,4.5565]]],[[[7.309,4.5557],[7.321,4.5479],[7.3154,4.5454],[7.3235,4.5468],[7.3135,4.5365],[7.309,4.5557]]],[[[7.3007,4.5599],[7.3004,4.5574],[7.2999,4.5596],[7.3007,4.5599]]],[[[7.3271,4.5488],[7.314,4.5532],[7.3093,4.5679],[7.3272,4.5755],[7.3271,4.5488]]],[[[7.2824,4.5571],[7.2838,4.5543],[7.2815,4.554],[7.2824,4.5571]]],[[[7.2771,4.5588],[7.2754,4.5571],[7.2746,4.5588],[7.2771,4.5588]]],[[[7.276,4.5643],[7.2721,4.5596],[7.2735,4.5643],[7.276,4.5643]]],[[[7.3119,4.6123],[7.2976,4.599],[7.2918,4.6107],[7.2879,4.5929],[7.2824,4.6035],[7.2657,4.6057],[7.2788,4.5896],[7.2718,4.5921],[7.2749,4.5865],[7.2676,4.584],[7.266,4.589],[7.264,4.5904],[7.2618,4.5813],[7.276,4.5663],[7.2699,4.5668],[7.2668,4.559],[7.2743,4.5501],[7.2679,4.5357],[7.2779,4.5424],[7.2763,4.5388],[7.2793,4.5293],[7.2871,4.526],[7.2821,4.5154],[7.2887,4.5085],[7.2949,4.5071],[7.2715,4.4985],[7.2596,4.5179],[7.2685,4.5226],[7.2693,4.5301],[7.2521,4.5496],[7.2604,4.5543],[7.2612,4.5599],[7.259,4.5643],[7.2507,4.5682],[7.2563,4.5957],[7.2415,4.601],[7.2515,4.6085],[7.2449,4.6168],[7.2568,4.6254],[7.2909,4.6158],[7.3035,4.625],[7.3119,4.6123]]],[[[7.2871,4.579],[7.2965,4.5693],[7.2996,4.5612],[7.2782,4.5599],[7.2754,4.5721],[7.2871,4.579]]],[[[7.2968,4.5735],[7.2854,4.5829],[7.2907,4.5924],[7.2943,4.591],[7.2968,4.5735]]],[[[7.2788,4.5957],[7.281,4.594],[7.2815,4.5926],[7.2788,4.5957]]],[[[7.0685,4.574],[7.0682,4.5626],[7.0604,4.5599],[7.0596,4.5685],[7.0685,4.574]]],[[[7.1703,4.5883],[7.1768,4.5804],[7.166,4.5576],[7.1349,4.5718],[7.1703,4.5883]]],[[[7.0346,4.6088],[7.044,4.5929],[7.0624,4.5854],[7.0532,4.5665],[7.0468,4.584],[7.03,4.5912],[7.0346,4.6088]]],[[[7.2274,4.6385],[7.2274,4.6226],[7.2215,4.6279],[7.2143,4.6135],[7.2229,4.6099],[7.2229,4.5993],[7.2326,4.5943],[7.236,4.5779],[7.2465,4.5724],[7.2421,4.5599],[7.2099,4.5796],[7.1871,4.6146],[7.1957,4.6232],[7.1996,4.6137],[7.2021,4.6135],[7.2076,4.6179],[7.2063,4.626],[7.214,4.6265],[7.2257,4.6315],[7.2274,4.6385]]],[[[7.2063,4.6456],[7.2196,4.641],[7.2079,4.6435],[7.2054,4.6407],[7.2051,4.6371],[7.2107,4.6296],[7.2049,4.6251],[7.2065,4.6171],[7.2001,4.6143],[7.1982,4.6224],[7.1968,4.6238],[7.1917,4.624],[7.1966,4.6365],[7.2063,4.6456]]],[[[7.2257,4.6399],[7.2138,4.6274],[7.206,4.6374],[7.2082,4.6426],[7.2257,4.6399]]]]}},{"type":"Feature","properties":{"state":"Rivers","lga":"Degema"},"geometry":{"type":"MultiPolygon","coordinates":[[[[6.9704,4.3796],[6.9696,4.3746],[6.9685,4.3787],[6.9704,4.3796]]],[[[6.944,4.4413],[6.9457,4.436],[6.949,4.4313],[6.9524,4.4293],[6.9596,4.4287],[6.9565,4.419],[6.9646,4.4032],[6.9565,4.4021],[6.9524,4.411],[6.9351,4.4118],[6.9385,4.4229],[6.926,4.4268],[6.9307,4.4404],[6.9357,4.4346],[6.944,4.4413]]],[[[6.944,4.5418],[6.9421,4.5376],[6.9421,4.5418],[6.944,4.5418]]],[[[6.9512,4.6015],[6.9771,4.5926],[6.9729,4.5685],[6.9788,4.566],[6.9835,4.5115],[6.9665,4.5496],[6.9435,4.566],[6.9188,4.5699],[6.9315,4.5957],[6.9512,4.6015]]],[[[7.024,4.5279],[7.0407,4.5064],[7.0358,4.459],[7.049,4.4395],[7.0329,4.4363],[7.0229,4.4429],[7.0146,4.4724],[6.9962,4.5987],[7.0295,4.5874],[7.024,4.5279]]],[[[7.029,4.5915],[7.0251,4.5976],[7.0212,4.5993],[7.0249,4.6018],[7.0263,4.606],[7.026,4.611],[7.036,4.6124],[7.029,4.5915]]],[[[6.9985,4.6118],[7.0079,4.6093],[7.0035,4.6018],[6.9985,4.6118]]],[[[7.0332,4.6126],[7.0251,4.6112],[7.0201,4.5996],[7.0246,4.5946],[7.0082,4.5974],[7.0096,4.6104],[7.0013,4.6288],[7.0204,4.629],[7.0215,4.6276],[7.0174,4.6268],[7.0168,4.6235],[7.0212,4.6185],[7.0176,4.624],[7.0224,4.6274],[7.0207,4.6399],[7.0101,4.6468],[7.019,4.6576],[7.0332,4.6126]]],[[[6.9624,4.6829],[6.984,4.6174],[6.9626,4.6126],[6.9657,4.6288],[6.9588,4.6335],[6.9629,4.6101],[6.9543,4.6068],[6.9321,4.6329],[6.9207,4.6638],[6.9382,4.6663],[6.9426,4.6751],[6.9437,4.6738],[6.9529,4.6743],[6.9543,4.6826],[6.9624,4.6829]]],[[[6.9776,4.6765],[6.9796,4.6726],[6.9768,4.6754],[6.9776,4.6765]]],[[[6.9813,4.6871],[6.9899,4.6852],[6.9896,4.6779],[6.9793,4.6782],[6.9813,4.6871]]],[[[6.9985,4.701],[6.9822,4.698],[6.9726,4.6804],[6.9721,4.704],[6.9804,4.7026],[6.9851,4.7043],[6.9879,4.7024],[6.9954,4.7024],[7.0007,4.7074],[6.9985,4.701]]],[[[7.0085,4.6676],[7.0135,4.6574],[7.0082,4.6474],[7.0196,4.6349],[6.996,4.6301],[6.9926,4.6421],[7.0015,4.6485],[7.0029,4.6565],[7.0004,4.6657],[6.984,4.6624],[6.9815,4.6729],[7.0085,4.6676]]],[[[6.9879,4.6618],[7.0015,4.6551],[6.9924,4.6482],[6.9879,4.6618]]],[[[7.0018,4.6782],[7.001,4.6721],[6.9974,4.6718],[7.0018,4.6782]]],[[[6.9918,4.6799],[6.9982,4.6799],[6.996,4.6765],[6.9918,4.6799]]],[[[6.8328,4.3751],[6.8086,4.4327],[6.7833,4.5412],[6.7896,4.5766],[6.8221,4.4626],[6.8199,4.4515],[6.8151,4.4549],[6.8085,4.4518],[6.8204,4.4499],[6.8243,4.4582],[6.8326,4.4054],[6.8721,4.3601],[6.8499,4.3579],[6.8328,4.3751]]],[[[6.8482,4.5143],[6.8432,4.5018],[6.8274,4.506],[6.8351,4.5046],[6.8393,4.514],[6.8482,4.5143]]],[[[6.7982,4.5849],[6.7963,4.5804],[6.7932,4.5799],[6.7982,4.5849]]],[[[6.7983,4.5849],[6.7985,4.5849],[6.7982,4.5849],[6.7983,4.5849]]],[[[6.9088,4.4615],[6.9107,4.446],[6.9229,4.4365],[6.9271,4.421],[6.9368,4.4221],[6.9326,4.4121],[6.9518,4.4093],[6.9557,4.401],[6.9668,4.3999],[6.9646,4.3754],[6.8615,4.3979],[6.8488,4.4404],[6.8596,4.449],[6.8676,4.4404],[6.8757,4.4399],[6.9088,4.4615]]],[[[6.8224,4.5112],[6.8265,4.5065],[6.8282,4.5043],[6.8365,4.5001],[6.8438,4.5012],[6.8488,4.5037],[6.8504,4.5007],[6.8601,4.4963],[6.8679,4.4879],[6.8721,4.4885],[6.874,4.4771],[6.8782,4.4738],[6.8832,4.4749],[6.8865,4.4771],[6.8938,4.486],[6.9076,4.4715],[6.874,4.4418],[6.8624,4.4515],[6.8474,4.4488],[6.8365,4.4676],[6.8224,4.5112]]],[[[6.854,4.6068],[6.8562,4.5985],[6.8699,4.5943],[6.8765,4.5954],[6.8796,4.6057],[6.891,4.5954],[6.9054,4.6057],[6.9104,4.5963],[6.924,4.5896],[6.9149,4.5824],[6.9174,4.5676],[6.9682,4.5376],[6.9729,4.5046],[6.9854,4.4699],[6.9921,4.4693],[6.9979,4.4207],[7.0218,4.4024],[7.0038,4.3799],[6.9882,4.374],[6.9743,4.3821],[6.9676,4.4074],[6.9579,4.4179],[6.9618,4.4293],[6.9488,4.4321],[6.9435,4.4435],[6.936,4.4363],[6.929,4.4421],[6.9274,4.4371],[6.9115,4.4493],[6.9104,4.4693],[6.9224,4.4846],[6.9201,4.4974],[6.9254,4.5015],[6.9246,4.5093],[6.9307,4.5146],[6.9307,4.5185],[6.9374,4.5129],[6.9404,4.5151],[6.9382,4.5296],[6.944,4.5312],[6.9424,4.5271],[6.9418,4.5246],[6.9424,4.524],[6.9465,4.5299],[6.9468,4.5457],[6.9346,4.5488],[6.9415,4.5376],[6.9374,4.5296],[6.9376,4.5224],[6.9296,4.5185],[6.924,4.5107],[6.9199,4.5115],[6.914,4.5329],[6.9026,4.539],[6.901,4.5515],[6.8968,4.5535],[6.8924,4.5693],[6.8835,4.5807],[6.9018,4.5385],[6.9129,4.5315],[6.9132,4.5179],[6.9229,4.5065],[6.9171,4.4949],[6.9196,4.4846],[6.9079,4.4865],[6.9079,4.4804],[6.8935,4.4874],[6.8785,4.4746],[6.8732,4.4935],[6.8676,4.4887],[6.8599,4.4976],[6.8513,4.5018],[6.8504,4.5099],[6.8582,4.5121],[6.8429,4.5199],[6.8332,4.5054],[6.8218,4.5165],[6.8124,4.5426],[6.814,4.576],[6.854,4.6068]]],[[[6.8335,4.7015],[6.8694,4.6821],[6.8951,4.6741],[6.901,4.6796],[6.9393,4.6001],[6.9118,4.5993],[6.9104,4.6024],[6.9188,4.6085],[6.9182,4.611],[6.9065,4.6187],[6.904,4.6179],[6.9021,4.6137],[6.9007,4.614],[6.8921,4.6218],[6.8896,4.6271],[6.8871,4.6288],[6.884,4.6288],[6.8826,4.6276],[6.899,4.6137],[6.9026,4.6132],[6.9057,4.6182],[6.9171,4.6082],[6.9007,4.6085],[6.8926,4.5971],[6.8815,4.6079],[6.8768,4.6071],[6.8743,4.5974],[6.859,4.5993],[6.854,4.6093],[6.8404,4.6013],[6.8376,4.6232],[6.8188,4.6421],[6.8526,4.6426],[6.8457,4.646],[6.8404,4.6693],[6.8337,4.6757],[6.8407,4.6815],[6.8412,4.6882],[6.8326,4.6754],[6.8354,4.6599],[6.8213,4.6876],[6.8285,4.7104],[6.8335,4.7015]]],[[[6.7926,4.5738],[6.8111,4.6016],[6.8194,4.6166],[6.8156,4.6275],[6.816,4.6276],[6.8254,4.6168],[6.8263,4.5987],[6.7926,4.5738]]],[[[6.8176,4.6476],[6.8296,4.6537],[6.8307,4.6449],[6.8168,4.6418],[6.8085,4.6501],[6.8176,4.6476]]],[[[6.8388,4.6588],[6.8446,4.6479],[6.8332,4.6451],[6.8304,4.6537],[6.8388,4.6588]]],[[[6.7901,4.7051],[6.819,4.6879],[6.8315,4.6571],[6.8151,4.6485],[6.7812,4.6687],[6.769,4.7335],[6.7768,4.7438],[6.7859,4.741],[6.7901,4.7051]]],[[[6.9107,4.7718],[6.9051,4.7654],[6.9168,4.7518],[6.9463,4.7546],[6.9437,4.7474],[6.9612,4.7337],[6.9618,4.6868],[6.9538,4.6835],[6.9529,4.6757],[6.9429,4.6768],[6.9301,4.6651],[6.9193,4.6663],[6.8918,4.6993],[6.8668,4.7101],[6.8821,4.7363],[6.8646,4.7707],[6.8662,4.7812],[6.9107,4.7718]]],[[[6.871,4.7465],[6.8749,4.7449],[6.8707,4.7432],[6.871,4.7465]]],[[[6.8677,4.7363],[6.8451,4.7639],[6.8632,4.7789],[6.8615,4.7707],[6.871,4.7526],[6.8662,4.7443],[6.8779,4.7401],[6.8746,4.7304],[6.8629,4.7313],[6.8677,4.7363]]],[[[6.914,4.7601],[6.9135,4.7576],[6.9126,4.7601],[6.914,4.7601]]],[[[7.0038,4.7046],[7.0007,4.7171],[6.9957,4.7046],[6.9704,4.7074],[6.9671,4.7299],[6.9809,4.7167],[6.9962,4.7242],[7.0144,4.7205],[7.0038,4.7046]]],[[[6.9376,4.7785],[6.9318,4.774],[6.9315,4.7715],[6.9393,4.7551],[6.926,4.7724],[6.9376,4.7785]]],[[[6.9396,4.7638],[6.9329,4.7721],[6.9388,4.7782],[6.9435,4.7749],[6.9396,4.7638]]],[[[6.7377,4.7327],[6.7209,4.7909],[6.7026,4.8146],[6.7088,4.8101],[6.7185,4.8144],[6.7324,4.8004],[6.7182,4.7976],[6.7218,4.8076],[6.7193,4.8118],[6.7168,4.7979],[6.7174,4.7974],[6.724,4.7965],[6.7293,4.7971],[6.7315,4.796],[6.7307,4.7888],[6.739,4.791],[6.7596,4.7704],[6.7504,4.7593],[6.7582,4.7565],[6.7535,4.7318],[6.7601,4.7349],[6.7729,4.6902],[6.7537,4.7219],[6.7377,4.7327]]],[[[6.786,4.7607],[6.7665,4.741],[6.764,4.7754],[6.7521,4.791],[6.7798,4.7968],[6.786,4.7607]]],[[[6.7001,4.8124],[6.6999,4.837],[6.712,4.8364],[6.7159,4.816],[6.7093,4.811],[6.7046,4.8151],[6.7018,4.8149],[6.7001,4.8124]]],[[[6.9193,4.7618],[6.921,4.7593],[6.9201,4.7593],[6.9193,4.7618]]],[[[6.9188,4.7704],[6.9251,4.7724],[6.9299,4.7618],[6.9274,4.7593],[6.9188,4.7704]]],[[[6.9121,4.7729],[6.9117,4.7729],[6.9121,4.7731],[6.9121,4.7729]]]]}},{"type":"Feature","properties":{"state":"Rivers","lga":"Eleme"},"geometry":{"type":"Polygon","coordinates":[[[7.1049,4.7726],[7.0982,4.8054],[7.1429,4.8319],[7.2124,4.8025],[7.2078,4.7845],[7.2243,4.7628],[7.2145,4.7158],[7.1926,4.6996],[7.2004,4.7121],[7.1915,4.7182],[7.201,4.7212],[7.1912,4.731],[7.1851,4.726],[7.1818,4.7326],[7.1799,4.7332],[7.1846,4.7243],[7.196,4.7251],[7.1901,4.7171],[7.1993,4.7107],[7.1912,4.7004],[7.1744,4.7028],[7.1428,4.7277],[7.126,4.7612],[7.1049,4.7726]]]}},{"type":"Feature","properties":{"state":"Rivers","lga":"Emuoha"},"geometry":{"type":"MultiPolygon","coordinates":[[[[6.8884,4.7738],[6.8716,4.7846],[6.8862,4.7963],[6.8996,4.786],[6.9018,4.7929],[6.9093,4.7727],[6.8884,4.7738]]],[[[6.8716,4.7846],[6.8716,4.7846],[6.8716,4.7846],[6.8716,4.7846]]],[[[6.793,4.7943],[6.7773,4.7968],[6.7688,4.7954],[6.7627,4.7939],[6.7621,4.7939],[6.7793,4.8026],[6.7899,4.7963],[6.8018,4.8018],[6.793,4.7943]]],[[[6.8688,4.7865],[6.8271,4.7918],[6.8215,4.7987],[6.8249,4.8032],[6.8257,4.8243],[6.8518,4.8074],[6.8843,4.7999],[6.8688,4.7865]]],[[[6.7443,4.8126],[6.756,4.8021],[6.746,4.7926],[6.7438,4.7946],[6.7443,4.8126]]],[[[6.736,4.8068],[6.7379,4.8057],[6.7376,4.8051],[6.736,4.8068]]],[[[6.7337,4.8012],[6.7204,4.8213],[6.7307,4.8174],[6.7337,4.8012]]],[[[6.7602,5.2732],[6.771,5.2434],[6.8044,5.2112],[6.7961,5.1878],[6.8091,5.1518],[6.7965,5.1152],[6.7655,5.0809],[6.7563,5.052],[6.8151,5.0047],[6.8196,4.9749],[6.8112,4.9391],[6.8211,4.8922],[6.8593,4.8604],[6.8828,4.8568],[6.8829,4.8361],[6.9028,4.8258],[6.9019,4.7951],[6.8985,4.8021],[6.8926,4.7932],[6.8826,4.8046],[6.8549,4.8079],[6.8265,4.826],[6.8221,4.821],[6.8204,4.7995],[6.81,4.808],[6.7888,4.7982],[6.7807,4.8076],[6.7901,4.8182],[6.7793,4.8149],[6.7796,4.8249],[6.7754,4.8113],[6.7649,4.8118],[6.7649,4.819],[6.764,4.8215],[6.7629,4.8218],[6.7651,4.8082],[6.7535,4.8074],[6.7426,4.8218],[6.7426,4.8399],[6.7407,4.8249],[6.7215,4.8263],[6.7159,4.816],[6.712,4.8364],[6.6899,4.8375],[6.6538,4.8616],[6.6732,4.8903],[6.6462,4.8924],[6.656,4.9546],[6.6482,4.9698],[6.7071,5.1635],[6.6952,5.2116],[6.7002,5.2502],[6.713,5.2671],[6.7602,5.2732]]]]}},{"type":"Feature","properties":{"state":"Rivers","lga":"Etche"},"geometry":{"type":"Polygon","coordinates":[[[7.1863,4.992],[7.167,4.9596],[7.1548,4.9167],[7.1317,4.9146],[7.1285,4.9003],[7.0811,4.8912],[7.05,4.9134],[7.0149,4.9239],[7.0062,4.9439],[7.0181,4.9759],[6.9716,5.0419],[6.9194,5.1647],[6.9189,5.1979],[6.9598,5.198],[7.0357,5.1798],[7.1027,5.1972],[7.149,5.1952],[7.1379,5.1566],[7.1192,5.1279],[7.112,5.0059],[7.1248,4.9748],[7.1407,4.9739],[7.1863,4.992]]]}},{"type":"Feature","properties":{"state":"Rivers","lga":"Gokana"},"geometry":{"type":"MultiPolygon","coordinates":[[[[7.2321,4.6329],[7.2321,4.6324],[7.2318,4.6329],[7.2321,4.6329]]],[[[7.2254,4.6403],[7.216,4.6471],[7.2251,4.6576],[7.2254,4.6403]]],[[[7.222,4.6619],[7.2246,4.6582],[7.2204,4.6537],[7.222,4.6619]]],[[[7.2623,4.6209],[7.2621,4.621],[7.2626,4.6208],[7.2623,4.6209]]],[[[7.3114,4.6122],[7.3035,4.625],[7.2909,4.6158],[7.2635,4.6206],[7.2585,4.6415],[7.2507,4.6237],[7.2339,4.629],[7.2301,4.6385],[7.2263,4.6404],[7.2257,4.6463],[7.2276,4.656],[7.2315,4.6576],[7.2335,4.6543],[7.234,4.6554],[7.2318,4.6585],[7.2271,4.659],[7.2246,4.6626],[7.2389,4.666],[7.2381,4.681],[7.2443,4.6821],[7.2299,4.6832],[7.2335,4.6925],[7.2482,4.6877],[7.3322,4.7082],[7.3367,4.6678],[7.3114,4.6122]]]]}},{"type":"Feature","properties":{"state":"Rivers","lga":"Ikwerre"},"geometry":{"type":"Polygon","coordinates":[[[6.8044,5.2112],[6.8512,5.1957],[6.9189,5.1979],[6.9194,5.1647],[6.9716,5.0419],[7.0181,4.9759],[7.008,4.9389],[6.9618,4.9157],[6.97,4.8705],[6.884,4.8746],[6.884,4.8582],[6.8827,4.8565],[6.8689,4.8566],[6.8211,4.8922],[6.8112,4.9391],[6.8196,4.9749],[6.8151,5.0047],[6.7563,5.052],[6.7655,5.0809],[6.8032,5.1296],[6.8091,5.1518],[6.796,5.1974],[6.8044,5.2112]]]}},{"type":"Feature","properties":{"state":"Rivers","lga":"Khana"},"geometry":{"type":"MultiPolygon","coordinates":[[[[7.492,4.5571],[7.4976,4.5579],[7.4971,4.5543],[7.492,4.5571]]],[[[7.4964,4.8174],[7.5278,4.7608],[7.5381,4.7235],[7.5227,4.6543],[7.5321,4.5806],[7.5235,4.5674],[7.4999,4.5542],[7.4971,4.561],[7.4903,4.5631],[7.49,4.5903],[7.4446,4.604],[7.35,4.5936],[7.3119,4.6123],[7.334,4.6579],[7.3361,4.6881],[7.3234,4.7261],[7.3024,4.7412],[7.3023,4.7653],[7.3768,4.8056],[7.4485,4.7875],[7.4964,4.8174]]]]}},{"type":"Feature","properties":{"state":"Rivers","lga":"Obio/Akp"},"geometry":{"type":"MultiPolygon","coordinates":[[[[6.9268,4.7771],[6.9221,4.7787],[6.9282,4.7832],[6.9268,4.7771]]],[[[6.9093,4.7727],[6.9018,4.792],[6.9038,4.7938],[6.9157,4.7807],[6.9093,4.7727]]],[[[6.9196,4.7879],[6.9229,4.7843],[6.9215,4.7843],[6.9196,4.7879]]],[[[6.9257,4.7921],[6.9396,4.7901],[6.9262,4.7854],[6.9257,4.7921]]],[[[6.9437,4.7816],[6.9404,4.7818],[6.9387,4.786],[6.9415,4.7888],[6.9437,4.7816]]],[[[6.9279,4.7774],[6.9326,4.7868],[6.9374,4.7888],[6.9385,4.779],[6.9279,4.7774]]],[[[7.1429,4.8319],[7.1013,4.8059],[7.0751,4.8041],[7.0785,4.8171],[7.084,4.8154],[7.0788,4.8182],[7.0743,4.804],[7.0654,4.8043],[7.0576,4.8126],[7.0546,4.8137],[7.0479,4.8132],[7.0474,4.8213],[7.0479,4.8118],[7.0546,4.8129],[7.0621,4.8051],[7.0674,4.8035],[6.9946,4.8114],[6.9847,4.8078],[6.977,4.7886],[6.9696,4.8012],[6.9707,4.7866],[6.9449,4.786],[6.9365,4.7968],[6.916,4.7879],[6.9018,4.7949],[6.9028,4.8258],[6.8829,4.8361],[6.884,4.8746],[6.97,4.8705],[6.9618,4.9157],[7.008,4.9389],[7.0149,4.9239],[7.05,4.9134],[7.0895,4.8849],[7.1161,4.845],[7.1429,4.8319]]]]}},{"type":"Feature","properties":{"state":"Rivers","lga":"Ogba/Egbe"},"geometry":{"type":"Polygon","coordinates":[[[6.6121,5.7185],[6.63,5.6978],[6.6688,5.6943],[6.6243,5.4826],[6.6486,5.4755],[6.7047,5.4863],[6.7334,5.4798],[6.7461,5.4469],[6.7377,5.372],[6.7201,5.3273],[6.7244,5.3051],[6.7602,5.2732],[6.7071,5.2623],[6.6952,5.2116],[6.7066,5.1828],[6.6934,5.1819],[6.6753,5.1633],[6.6261,5.2003],[6.5527,5.2102],[6.556,5.2307],[6.5809,5.2434],[6.5773,5.2728],[6.6027,5.2901],[6.6181,5.3141],[6.6177,5.3455],[6.6075,5.3703],[6.5642,5.3932],[6.5043,5.3878],[6.4905,5.4081],[6.5032,5.4222],[6.5509,5.443],[6.5539,5.5288],[6.5651,5.5528],[6.5983,5.5758],[6.6238,5.6418],[6.6121,5.7185]]]}},{"type":"Feature","properties":{"state":"Rivers","lga":"Ogu/Bolo"},"geometry":{"type":"MultiPolygon","coordinates":[[[[7.1738,4.5943],[7.1501,4.5776],[7.1496,4.5947],[7.1351,4.6094],[7.1366,4.6336],[7.146,4.6443],[7.1738,4.5943]]],[[[7.1913,4.6228],[7.1868,4.6149],[7.1774,4.6257],[7.1846,4.6232],[7.1913,4.6228]]],[[[7.1743,4.6379],[7.1743,4.6326],[7.1729,4.6296],[7.1715,4.6324],[7.1743,4.6379]]],[[[7.2063,4.6456],[7.1917,4.624],[7.1826,4.6251],[7.1699,4.6674],[7.186,4.6607],[7.1976,4.676],[7.2049,4.676],[7.2118,4.6704],[7.2154,4.6704],[7.236,4.6835],[7.2389,4.666],[7.2246,4.6626],[7.2268,4.6679],[7.2263,4.6743],[7.2188,4.6493],[7.2063,4.6456]]],[[[7.1879,4.6654],[7.1882,4.6655],[7.1882,4.6654],[7.1879,4.6654]]],[[[7.2,4.7021],[7.2145,4.7158],[7.2335,4.6925],[7.2312,4.6821],[7.2263,4.6907],[7.2263,4.6785],[7.2126,4.671],[7.2,4.7021]]]]}},{"type":"Feature","properties":{"state":"Rivers","lga":"Okrika"},"geometry":{"type":"MultiPolygon","coordinates":[[[[7.0718,4.634],[7.056,4.6449],[7.056,4.6537],[7.0543,4.6565],[7.0515,4.6582],[7.0471,4.6563],[7.0551,4.6543],[7.0543,4.6465],[7.0621,4.6301],[7.0374,4.636],[7.0201,4.6762],[7.0029,4.6904],[7.0035,4.6979],[7.0079,4.7013],[7.0546,4.6693],[7.0704,4.6704],[7.0882,4.6529],[7.1037,4.6507],[7.1188,4.6335],[7.131,4.5668],[7.1115,4.5663],[7.1065,4.5846],[7.0888,4.5918],[7.0715,4.5912],[7.0779,4.5999],[7.0788,4.6104],[7.0718,4.634]]],[[[7.0399,4.6124],[7.0229,4.6599],[7.0354,4.6276],[7.0413,4.6238],[7.0399,4.6124]]],[[[7.1043,4.6663],[7.1021,4.6565],[7.0899,4.6565],[7.0929,4.6638],[7.1043,4.6663]]],[[[7.0849,4.6795],[7.0951,4.6682],[7.0893,4.6629],[7.0888,4.6543],[7.0849,4.6607],[7.0826,4.6599],[7.0735,4.6701],[7.0682,4.6715],[7.0849,4.6795]]],[[[7.0212,4.6621],[7.019,4.6601],[7.0188,4.661],[7.0212,4.6621]]],[[[7.0079,4.6696],[7.0079,4.6694],[7.0078,4.6696],[7.0079,4.6696]]],[[[7.0071,4.684],[7.021,4.6701],[7.0188,4.6626],[7.0101,4.6626],[7.0099,4.6682],[7.0026,4.6782],[7.0071,4.684]]],[[[6.9857,4.6862],[6.9876,4.6918],[6.9899,4.6852],[6.9857,4.6862]]],[[[6.9968,4.6946],[7.0035,4.6868],[7.0013,4.6826],[6.9901,4.6879],[6.9968,4.6946]]],[[[6.9822,4.698],[6.9962,4.6988],[6.9818,4.6871],[6.9822,4.698]]],[[[7.0035,4.7021],[7.0004,4.6943],[6.9988,4.6943],[6.9988,4.6996],[7.0035,4.7021]]],[[[7.0054,4.7031],[7.0057,4.7029],[7.0054,4.7029],[7.0054,4.7031]]],[[[7.0052,4.7032],[7.0049,4.7032],[7.0048,4.7035],[7.0052,4.7032]]],[[[7.0046,4.7035],[7.0046,4.7037],[7.0048,4.7035],[7.0046,4.7035]]],[[[7.1076,4.5693],[7.0785,4.5763],[7.0868,4.5904],[7.106,4.5824],[7.1076,4.5693]]],[[[7.0704,4.634],[7.0779,4.6101],[7.0704,4.5926],[7.0715,4.5904],[7.0779,4.5887],[7.0804,4.5837],[7.0779,4.579],[7.0771,4.5693],[7.059,4.5943],[7.0649,4.6024],[7.0635,4.621],[7.0601,4.6268],[7.0704,4.634]]],[[[7.0346,4.6088],[7.0385,4.6082],[7.0554,4.6151],[7.049,4.606],[7.0479,4.5969],[7.0346,4.6088]]],[[[7.0351,4.6301],[7.0529,4.6321],[7.0621,4.619],[7.0632,4.6021],[7.0518,4.5921],[7.056,4.6154],[7.0432,4.6143],[7.0424,4.6249],[7.0351,4.6301]]],[[[7.1343,4.5726],[7.1321,4.6215],[7.1268,4.6326],[7.1215,4.6365],[7.1332,4.6521],[7.146,4.6443],[7.1341,4.6184],[7.1366,4.6027],[7.1496,4.5947],[7.1501,4.5776],[7.1343,4.5726]]],[[[7.1249,4.6324],[7.1315,4.6201],[7.1285,4.611],[7.1201,4.626],[7.1249,4.6324]]],[[[7.1057,4.6649],[7.1318,4.6521],[7.121,4.6368],[7.1004,4.6551],[7.1049,4.6585],[7.1057,4.6649]]],[[[7.1568,4.671],[7.1593,4.6649],[7.1557,4.6635],[7.1568,4.671]]],[[[7.0682,4.6712],[7.0677,4.6712],[7.0682,4.6715],[7.0682,4.6712]]],[[[7.0965,4.6701],[7.0985,4.6721],[7.0993,4.671],[7.0965,4.6701]]],[[[7.1926,4.6996],[7.2086,4.6775],[7.1932,4.6757],[7.1854,4.6618],[7.1718,4.6699],[7.1621,4.6501],[7.1549,4.656],[7.1615,4.6654],[7.1629,4.6926],[7.1749,4.6921],[7.1926,4.6996]]],[[[7.1004,4.6813],[7.1001,4.7096],[7.1029,4.7007],[7.1135,4.7001],[7.1104,4.6979],[7.1101,4.6949],[7.1149,4.6868],[7.111,4.6826],[7.1101,4.6782],[7.1137,4.6735],[7.1004,4.6813]]],[[[7.1004,4.7207],[7.1074,4.7174],[7.1129,4.7176],[7.1154,4.7071],[7.1213,4.7018],[7.1176,4.6857],[7.1235,4.6735],[7.111,4.6785],[7.1157,4.6868],[7.1146,4.7001],[7.1035,4.7015],[7.1004,4.7207]]],[[[7.1049,4.7726],[7.1301,4.757],[7.1428,4.7277],[7.1744,4.7028],[7.191,4.7004],[7.1732,4.6935],[7.1557,4.699],[7.151,4.6621],[7.1287,4.6707],[7.1204,4.6824],[7.1229,4.7007],[7.1179,4.7246],[7.116,4.7174],[7.1004,4.7215],[7.1045,4.7459],[7.0928,4.7631],[7.1049,4.7726]]]]}},{"type":"Feature","properties":{"state":"Rivers","lga":"Omumma"},"geometry":{"type":"Polygon","coordinates":[[[7.21,5.1794],[7.2603,5.194],[7.2709,5.1661],[7.2718,5.1211],[7.2642,5.1054],[7.1863,4.992],[7.1407,4.9739],[7.1248,4.9748],[7.116,4.9849],[7.1099,5.0184],[7.1203,5.0811],[7.1192,5.1279],[7.1379,5.1566],[7.149,5.1952],[7.21,5.1794]]]}},{"type":"Feature","properties":{"state":"Rivers","lga":"Opobo/Nkoro"},"geometry":{"type":"MultiPolygon","coordinates":[[[[7.4981,4.4507],[7.4837,4.4868],[7.5263,4.4779],[7.5468,4.4938],[7.5438,4.481],[7.5538,4.4765],[7.5565,4.4807],[7.5574,4.4924],[7.5671,4.489],[7.5771,4.4974],[7.5882,4.491],[7.5801,4.4718],[7.5826,4.451],[7.4981,4.4507]]],[[[7.4785,4.4854],[7.479,4.4876],[7.4801,4.4876],[7.4785,4.4854]]],[[[7.5465,4.5093],[7.5701,4.4979],[7.5551,4.4915],[7.5535,4.4785],[7.546,4.4818],[7.549,4.4915],[7.5463,4.496],[7.5271,4.4799],[7.491,4.4915],[7.5049,4.5024],[7.534,4.4932],[7.5465,4.5093]]],[[[7.4916,4.5584],[7.4974,4.5435],[7.5079,4.5332],[7.5171,4.531],[7.5287,4.5374],[7.5429,4.5135],[7.534,4.4971],[7.504,4.5046],[7.4804,4.4904],[7.4746,4.4976],[7.4851,4.5115],[7.4807,4.5268],[7.474,4.5165],[7.4546,4.5146],[7.4212,4.5226],[7.4276,4.5276],[7.4182,4.5379],[7.4293,4.5349],[7.4329,4.5415],[7.4399,4.5343],[7.4404,4.5407],[7.4454,4.5335],[7.4543,4.5535],[7.4618,4.5521],[7.4574,4.546],[7.4579,4.5415],[7.4621,4.539],[7.4657,4.5404],[7.4579,4.5432],[7.4646,4.5499],[7.4638,4.5596],[7.4916,4.5584]]],[[[7.4492,4.5041],[7.4576,4.5037],[7.4812,4.5135],[7.4735,4.4976],[7.4492,4.5041]]],[[[7.4521,4.5137],[7.4549,4.5107],[7.4521,4.5093],[7.4521,4.5137]]],[[[7.4471,4.5451],[7.4454,4.5424],[7.4465,4.5454],[7.4471,4.5451]]],[[[7.424,4.5515],[7.4246,4.5488],[7.4218,4.5485],[7.424,4.5515]]],[[[7.5332,4.5457],[7.5332,4.546],[7.5334,4.5457],[7.5332,4.5457]]],[[[7.5234,4.5661],[7.5332,4.546],[7.514,4.5332],[7.4999,4.5451],[7.4999,4.5542],[7.5234,4.5661]]],[[[7.4504,4.5479],[7.4512,4.5529],[7.4524,4.5532],[7.4504,4.5479]]],[[[7.4557,4.5576],[7.4601,4.5551],[7.4524,4.5546],[7.4557,4.5576]]],[[[7.4296,4.5707],[7.4153,4.5888],[7.4381,4.6043],[7.4923,4.587],[7.4904,4.5629],[7.4762,4.5671],[7.4779,4.5857],[7.4724,4.5907],[7.4685,4.5696],[7.4487,4.5735],[7.4643,4.5621],[7.4524,4.5576],[7.4418,4.5429],[7.4324,4.5468],[7.4399,4.5513],[7.4276,4.5535],[7.4235,4.5657],[7.4296,4.5707]]]]}},{"type":"Feature","properties":{"state":"Rivers","lga":"Oyigbo"},"geometry":{"type":"Polygon","coordinates":[[[7.3223,4.8796],[7.3817,4.8623],[7.4109,4.8692],[7.4583,4.8464],[7.493,4.8154],[7.4485,4.7875],[7.3768,4.8056],[7.3289,4.7833],[7.3134,4.7684],[7.2931,4.7644],[7.2739,4.7804],[7.2404,4.7874],[7.124,4.8384],[7.0811,4.8912],[7.1285,4.9003],[7.1317,4.9146],[7.1548,4.9167],[7.1628,4.8875],[7.1989,4.8617],[7.2574,4.8674],[7.2837,4.8801],[7.3223,4.8796]]]}},{"type":"Feature","properties":{"state":"Rivers","lga":"Port Harcourt"},"geometry":{"type":"MultiPolygon","coordinates":[[[[7.0849,4.6795],[7.0546,4.6693],[7.0079,4.7015],[7.0263,4.7113],[7.0429,4.7026],[7.0682,4.7015],[7.0782,4.6979],[7.0849,4.6795]]],[[[7.0771,4.7226],[7.0788,4.7035],[7.0435,4.7049],[7.0368,4.7124],[7.0471,4.7215],[7.0771,4.7226]]],[[[7.0144,4.7205],[7.0071,4.7252],[6.9781,4.7174],[6.9418,4.7596],[6.9437,4.7816],[6.9474,4.7732],[6.9643,4.7701],[6.961,4.7562],[6.9649,4.7535],[6.9751,4.7551],[7.006,4.7729],[7.001,4.7574],[7.0004,4.7426],[7.0221,4.7121],[7.0057,4.7029],[7.0144,4.7205]]],[[[7.0574,4.7671],[7.0751,4.7324],[7.0646,4.7301],[7.0624,4.729],[7.0626,4.7418],[7.0546,4.7576],[7.0574,4.7671]]],[[[7.0665,4.7285],[7.0643,4.7296],[7.0671,4.7299],[7.0665,4.7285]]],[[[7.0982,4.8054],[7.1061,4.7742],[7.0928,4.7631],[7.1045,4.7459],[7.1004,4.7215],[7.0988,4.7374],[7.0932,4.7313],[7.1003,4.721],[7.1004,4.6815],[7.084,4.7221],[7.0946,4.7479],[7.0868,4.7529],[7.0918,4.7432],[7.0788,4.7324],[7.0843,4.7557],[7.0635,4.7879],[7.0757,4.7951],[7.0765,4.8001],[7.0751,4.8041],[7.0982,4.8054]]],[[[7.0682,4.761],[7.079,4.7549],[7.0762,4.7463],[7.0682,4.761]]],[[[7.0699,4.7676],[7.0715,4.7654],[7.0704,4.7654],[7.0699,4.7676]]],[[[6.9729,4.7799],[6.9847,4.8078],[6.9946,4.8114],[7.0696,4.8032],[7.0599,4.7876],[7.0685,4.7754],[7.0554,4.7668],[7.029,4.7704],[7.0293,4.7899],[7.021,4.7946],[7.0226,4.786],[7.019,4.7885],[7.0107,4.7882],[7.009,4.7901],[7.011,4.7865],[7.0274,4.7849],[7.0263,4.7765],[7.0282,4.7704],[7.0318,4.7682],[7.0549,4.766],[7.0526,4.7526],[7.0413,4.764],[7.0396,4.7593],[7.0599,4.7429],[7.0593,4.726],[7.0263,4.7151],[7.0118,4.734],[7.0126,4.739],[7.0115,4.7479],[7.0326,4.7554],[7.0185,4.7554],[7.0104,4.7482],[7.0113,4.7368],[7.0057,4.7382],[7.0085,4.7732],[7.0004,4.774],[6.9874,4.7682],[6.9882,4.7696],[6.9882,4.7732],[6.9729,4.7799]]],[[[6.9476,4.7852],[6.9732,4.7874],[6.9724,4.7796],[6.9749,4.7765],[6.9876,4.7699],[6.9643,4.7557],[6.9657,4.7707],[6.9496,4.7737],[6.9476,4.7852]]],[[[7.074,4.804],[7.0757,4.7976],[7.0735,4.7951],[7.0696,4.8001],[7.074,4.804]]]]}},{"type":"Feature","properties":{"state":"Rivers","lga":"Tai"},"geometry":{"type":"Polygon","coordinates":[[[7.2145,4.7158],[7.2243,4.7628],[7.2078,4.7845],[7.2124,4.8025],[7.3024,4.7653],[7.3024,4.7412],[7.3234,4.7261],[7.3322,4.7082],[7.2482,4.6877],[7.2278,4.6938],[7.2145,4.7158]]]}},{"type":"Feature","properties":{"state":"Sokoto","lga":"Binji"},"geometry":{"type":"Polygon","coordinates":[[[4.8192,13.1045],[4.8093,13.1261],[4.7868,13.1284],[4.769,13.113],[4.7632,13.123],[4.7652,13.1867],[4.7542,13.2207],[4.7642,13.2679],[4.7608,13.287],[4.83,13.2671],[4.9338,13.2882],[4.9498,13.265],[4.9546,13.2411],[4.9861,13.2064],[5.0687,13.1612],[5.0385,13.1276],[4.9841,13.094],[4.9205,13.0708],[4.8392,13.1093],[4.8192,13.1045]]]}},{"type":"Feature","properties":{"state":"Sokoto","lga":"Bodinga"},"geometry":{"type":"Polygon","coordinates":[[[5.2452,12.9424],[5.2707,12.9303],[5.3275,12.8439],[5.3268,12.771],[5.3618,12.6834],[5.325,12.6734],[5.2699,12.6792],[5.2042,12.7391],[5.1543,12.7577],[5.1256,12.7826],[5.1432,12.8224],[5.1452,12.8566],[5.1332,12.8952],[5.0963,12.9192],[5.0568,12.9289],[5.1728,12.9808],[5.2206,12.9343],[5.2452,12.9424]]]}},{"type":"Feature","properties":{"state":"Sokoto","lga":"Dange-Shuni"},"geometry":{"type":"Polygon","coordinates":[[[5.3618,12.6834],[5.3268,12.771],[5.3275,12.8439],[5.2707,12.9303],[5.2452,12.9424],[5.2739,12.9834],[5.3479,13.0078],[5.366,12.9896],[5.3986,12.9828],[5.4517,13.0021],[5.497,12.9899],[5.5169,13.0056],[5.5385,12.9281],[5.5914,12.8482],[5.6271,12.8149],[5.6628,12.8015],[5.7268,12.7196],[5.7069,12.706],[5.6921,12.7112],[5.6434,12.6981],[5.5164,12.6304],[5.38,12.6858],[5.3618,12.6834]]]}},{"type":"Feature","properties":{"state":"Sokoto","lga":"Gada"},"geometry":{"type":"Polygon","coordinates":[[[5.5363,13.8879],[5.5242,13.8695],[5.5066,13.7825],[5.5127,13.7173],[5.5599,13.5889],[5.5824,13.5672],[5.4853,13.4957],[5.4534,13.4828],[5.4357,13.4898],[5.4188,13.5092],[5.4301,13.5829],[5.4076,13.6136],[5.3928,13.6157],[5.3582,13.598],[5.3233,13.5272],[5.2899,13.5067],[5.2436,13.5041],[5.2036,13.5323],[5.1911,13.5515],[5.1742,13.6637],[5.1909,13.744],[5.2705,13.7461],[5.3553,13.8449],[5.5265,13.892],[5.5363,13.8879]]]}},{"type":"Feature","properties":{"state":"Sokoto","lga":"Goronyo"},"geometry":{"type":"Polygon","coordinates":[[[5.5286,13.3787],[5.5308,13.4074],[5.5673,13.441],[5.5968,13.4889],[5.597,13.5696],[5.6882,13.5966],[5.7342,13.4536],[5.7563,13.4476],[5.7708,13.4635],[5.8026,13.5848],[5.8215,13.5931],[5.8735,13.5729],[5.9313,13.5924],[5.9266,13.5583],[5.9663,13.4868],[5.9925,13.4596],[6.0216,13.4007],[6.0046,13.3589],[5.9586,13.3076],[5.9535,13.2577],[5.956,13.2319],[5.9723,13.2049],[6.0477,13.137],[6.0337,13.09],[6.0324,13.0523],[6.0058,13.0813],[5.9218,13.112],[5.8548,13.1795],[5.7543,13.1663],[5.7517,13.2133],[5.7372,13.2547],[5.7664,13.2338],[5.7956,13.2346],[5.8131,13.2434],[5.8289,13.2599],[5.834,13.2824],[5.8151,13.305],[5.778,13.3184],[5.7238,13.3233],[5.6267,13.3051],[5.5731,13.3084],[5.5527,13.3278],[5.5286,13.3787]]]}},{"type":"Feature","properties":{"state":"Sokoto","lga":"Gudu"},"geometry":{"type":"Polygon","coordinates":[[[4.129,13.2126],[4.1305,13.4726],[4.1974,13.473],[4.4648,13.7033],[4.8618,13.7806],[4.8324,13.7294],[4.8354,13.6897],[4.808,13.6261],[4.7991,13.5381],[4.8035,13.4639],[4.7598,13.2963],[4.7642,13.2679],[4.7542,13.2207],[4.7652,13.1867],[4.7594,13.1405],[4.769,13.113],[4.7293,13.0573],[4.7,13.0505],[4.6688,13.055],[4.6029,13.094],[4.4484,13.1435],[4.3798,13.1896],[4.3531,13.2232],[4.3409,13.2282],[4.2661,13.2031],[4.236,13.2147],[4.129,13.2126]]]}},{"type":"Feature","properties":{"state":"Sokoto","lga":"Gwadabaw"},"geometry":{"type":"Polygon","coordinates":[[[5.1933,13.5438],[5.2436,13.5041],[5.2899,13.5067],[5.3233,13.5272],[5.3582,13.598],[5.3928,13.6157],[5.4076,13.6136],[5.4278,13.5921],[5.4183,13.5136],[5.4357,13.4898],[5.4534,13.4828],[5.4727,13.4884],[5.5841,13.57],[5.597,13.5696],[5.5968,13.4889],[5.5673,13.441],[5.5308,13.4074],[5.5281,13.3759],[5.5099,13.342],[5.4328,13.3028],[5.4007,13.272],[5.3914,13.248],[5.3403,13.2722],[5.3169,13.3213],[5.2869,13.3389],[5.2655,13.3315],[5.1895,13.2743],[5.1792,13.3407],[5.2074,13.44],[5.1933,13.5438]]]}},{"type":"Feature","properties":{"state":"Sokoto","lga":"Illela"},"geometry":{"type":"Polygon","coordinates":[[[5.5841,13.57],[5.5599,13.5889],[5.5127,13.7173],[5.5066,13.7825],[5.5242,13.8695],[5.5363,13.8879],[5.7532,13.7944],[6.0274,13.7004],[5.9935,13.6512],[5.9241,13.5867],[5.8735,13.5729],[5.8215,13.5931],[5.8026,13.5848],[5.7708,13.4635],[5.7563,13.4476],[5.7342,13.4536],[5.6882,13.5966],[5.5841,13.57]]]}},{"type":"Feature","properties":{"state":"Sokoto","lga":"Isa"},"geometry":{"type":"Polygon","coordinates":[[[6.0364,13.0079],[6.0337,13.09],[6.0477,13.137],[5.9723,13.2049],[5.956,13.2319],[5.9535,13.2577],[5.9586,13.3076],[6.0046,13.3589],[6.0216,13.4007],[6.0793,13.354],[6.1088,13.3408],[6.1497,13.3304],[6.2214,13.3306],[6.2465,13.3194],[6.323,13.3293],[6.361,13.2993],[6.4321,13.2911],[6.5629,13.3108],[6.6063,13.3325],[6.6587,13.3739],[6.6778,13.3554],[6.7744,13.1907],[6.7254,13.1497],[6.6108,13.0862],[6.4572,13.1065],[6.4265,13.1169],[6.3989,13.1495],[6.3624,13.1602],[6.282,13.1632],[6.2724,13.0765],[6.2607,13.0466],[6.2526,13.043],[6.2091,13.0659],[6.164,13.0658],[6.0856,13.0411],[6.0515,13.0123],[6.0502,12.9957],[6.0364,13.0079]]]}},{"type":"Feature","properties":{"state":"Sokoto","lga":"Kebbe"},"geometry":{"type":"Polygon","coordinates":[[[5.0235,11.6806],[4.9973,11.6652],[4.9821,11.6664],[4.9698,11.6942],[4.9368,11.6827],[4.8933,11.6988],[4.685,11.6078],[4.6187,11.5385],[4.5737,11.543],[4.5614,11.5512],[4.5203,11.6094],[4.539,11.6853],[4.5812,11.775],[4.5925,11.843],[4.6091,11.8891],[4.6171,11.9636],[4.6064,12.0499],[4.6743,12.0876],[4.7776,12.1112],[4.8231,12.1496],[4.8532,12.2019],[4.888,12.2078],[4.9943,12.2017],[5.038,12.2304],[5.0334,11.8602],[5.0235,11.6806]]]}},{"type":"Feature","properties":{"state":"Sokoto","lga":"Kware"},"geometry":{"type":"Polygon","coordinates":[[[5.5169,13.0056],[5.497,12.9899],[5.4517,13.0021],[5.3986,12.9828],[5.366,12.9896],[5.3479,13.0078],[5.3045,12.9977],[5.2898,13.0258],[5.312,13.0471],[5.2966,13.0903],[5.2353,13.0882],[5.2234,13.127],[5.1637,13.1448],[5.1391,13.1735],[5.1514,13.1869],[5.1895,13.2743],[5.2655,13.3315],[5.2869,13.3389],[5.3126,13.3256],[5.3403,13.2722],[5.3914,13.248],[5.3524,13.2319],[5.3475,13.218],[5.3647,13.1338],[5.3788,13.1122],[5.3974,13.1087],[5.3973,13.0702],[5.4618,13.0911],[5.4911,13.07],[5.5169,13.0056]]]}},{"type":"Feature","properties":{"state":"Sokoto","lga":"Rabah"},"geometry":{"type":"Polygon","coordinates":[[[5.7268,12.7196],[5.6628,12.8015],[5.6271,12.8149],[5.5914,12.8482],[5.5385,12.9281],[5.4911,13.07],[5.4618,13.0911],[5.3994,13.0691],[5.3942,13.0866],[5.3974,13.1087],[5.4893,13.1436],[5.6303,13.2428],[5.7011,13.276],[5.7365,13.2579],[5.7517,13.2133],[5.7543,13.1663],[5.8548,13.1795],[5.9218,13.112],[6.0058,13.0813],[6.0324,13.0523],[6.0364,13.0079],[6.0502,12.9957],[6.0623,12.9199],[6.0664,12.7938],[6.0417,12.7702],[5.9764,12.7441],[5.7268,12.7196]]]}},{"type":"Feature","properties":{"state":"Sokoto","lga":"Sabon Birni"},"geometry":{"type":"Polygon","coordinates":[[[6.0216,13.4007],[5.9925,13.4596],[5.9438,13.5225],[5.9251,13.5675],[5.9313,13.5924],[5.9935,13.6512],[6.0274,13.7004],[6.0848,13.68],[6.1494,13.6428],[6.2244,13.6664],[6.2834,13.6667],[6.4213,13.6016],[6.6587,13.3739],[6.6063,13.3325],[6.5629,13.3108],[6.4321,13.2911],[6.361,13.2993],[6.323,13.3293],[6.2465,13.3194],[6.2214,13.3306],[6.1497,13.3304],[6.1088,13.3408],[6.0793,13.354],[6.0216,13.4007]]]}},{"type":"Feature","properties":{"state":"Sokoto","lga":"Shagari"},"geometry":{"type":"Polygon","coordinates":[[[5.1256,12.7826],[5.1543,12.7577],[5.2042,12.7391],[5.2609,12.6835],[5.2903,12.6753],[5.3102,12.6439],[5.3182,12.5838],[5.3055,12.5561],[5.3026,12.5192],[5.3354,12.457],[5.3296,12.42],[5.3433,12.3367],[5.3452,12.2478],[5.2415,12.2461],[5.2308,12.2693],[5.2416,12.3158],[5.2307,12.3404],[5.1302,12.4177],[5.0864,12.4993],[5.0707,12.513],[5.0395,12.5191],[5.011,12.4994],[5.0003,12.4692],[5.0018,12.4173],[4.9678,12.4179],[4.9419,12.4286],[4.9321,12.4426],[4.9467,12.5148],[4.9405,12.5557],[5.0053,12.596],[5.0361,12.6347],[5.0582,12.6416],[5.1065,12.6378],[5.1286,12.6457],[5.1381,12.6799],[5.1049,12.7119],[5.0989,12.7376],[5.1065,12.771],[5.1256,12.7826]]]}},{"type":"Feature","properties":{"state":"Sokoto","lga":"Silame"},"geometry":{"type":"Polygon","coordinates":[[[4.8094,12.8357],[4.7679,12.8896],[4.7748,12.9484],[4.7977,12.9955],[4.7962,13.0336],[4.8224,13.0958],[4.8192,13.1045],[4.8392,13.1093],[4.9205,13.0708],[4.9695,13.086],[4.9725,13.0712],[5.0124,13.0184],[5.0076,12.9634],[5.0225,12.9234],[5.0027,12.8847],[4.9711,12.8557],[4.8827,12.8558],[4.8094,12.8357]]]}},{"type":"Feature","properties":{"state":"Sokoto","lga":"Sokoto North"},"geometry":{"type":"Polygon","coordinates":[[[5.2353,13.0882],[5.2937,13.0928],[5.2998,13.0698],[5.2947,13.0455],[5.2796,13.034],[5.242,13.0287],[5.2491,13.0399],[5.2353,13.069],[5.2353,13.0882]]]}},{"type":"Feature","properties":{"state":"Sokoto","lga":"Sokoto South"},"geometry":{"type":"Polygon","coordinates":[[[5.3045,12.9977],[5.2705,12.976],[5.2411,13.0269],[5.2871,13.0378],[5.2998,13.0698],[5.312,13.0471],[5.2898,13.0258],[5.3045,12.9977]]]}},{"type":"Feature","properties":{"state":"Sokoto","lga":"Tambawal"},"geometry":{"type":"Polygon","coordinates":[[[4.6064,12.0499],[4.605,12.2962],[4.6212,12.3562],[4.6419,12.3797],[4.7274,12.4017],[4.749,12.3987],[4.8003,12.3663],[4.8166,12.3669],[4.8242,12.3797],[4.8319,12.4269],[4.8309,12.519],[4.8039,12.6067],[4.8031,12.639],[4.8241,12.7351],[4.8228,12.7681],[4.8514,12.761],[4.8955,12.7348],[4.9152,12.7059],[4.9468,12.5194],[4.9309,12.447],[4.9345,12.4371],[4.9678,12.4179],[5.0018,12.4173],[5.0003,12.4692],[5.011,12.4994],[5.0395,12.5191],[5.0707,12.513],[5.0864,12.4993],[5.1302,12.4177],[5.2307,12.3404],[5.2416,12.3158],[5.2308,12.2693],[5.2415,12.2461],[5.1598,12.2512],[5.0624,12.2707],[5.0476,12.2613],[5.038,12.2304],[5.0108,12.209],[4.9745,12.1989],[4.888,12.2078],[4.8532,12.2019],[4.8231,12.1496],[4.7776,12.1112],[4.6743,12.0876],[4.6064,12.0499]]]}},{"type":"Feature","properties":{"state":"Sokoto","lga":"Tangazar"},"geometry":{"type":"Polygon","coordinates":[[[5.0687,13.1612],[4.9861,13.2064],[4.9546,13.2411],[4.9498,13.265],[4.9338,13.2882],[4.83,13.2671],[4.7608,13.287],[4.7717,13.3587],[4.8035,13.4639],[4.7991,13.5381],[4.808,13.6261],[4.8354,13.6897],[4.8324,13.7294],[4.8619,13.7809],[4.8707,13.7825],[4.9095,13.7486],[5.0019,13.7412],[5.106,13.7525],[5.1909,13.744],[5.1742,13.6637],[5.2074,13.44],[5.1792,13.3407],[5.1901,13.2699],[5.1385,13.1696],[5.1112,13.1509],[5.0687,13.1612]]]}},{"type":"Feature","properties":{"state":"Sokoto","lga":"Tureta"},"geometry":{"type":"Polygon","coordinates":[[[5.2903,12.6753],[5.325,12.6734],[5.38,12.6858],[5.5164,12.6304],[5.6434,12.6981],[5.6921,12.7112],[5.7069,12.706],[5.6221,12.5804],[5.5382,12.5125],[5.5766,12.3336],[5.5647,12.2854],[5.5249,12.2584],[5.3452,12.2478],[5.3433,12.3367],[5.3296,12.42],[5.3354,12.457],[5.3026,12.5192],[5.3187,12.6101],[5.3102,12.6439],[5.2903,12.6753]]]}},{"type":"Feature","properties":{"state":"Sokoto","lga":"Wamakko"},"geometry":{"type":"Polygon","coordinates":[[[4.9695,13.086],[5.0385,13.1276],[5.0687,13.1612],[5.1112,13.1509],[5.1391,13.1735],[5.1637,13.1448],[5.2282,13.1209],[5.2353,13.069],[5.2491,13.0399],[5.2414,13.0245],[5.2705,12.976],[5.2487,12.9448],[5.2276,12.9342],[5.1728,12.9808],[5.0752,12.9342],[5.0229,12.9287],[5.0076,12.9634],[5.0109,13.0248],[4.9725,13.0712],[4.9695,13.086]]]}},{"type":"Feature","properties":{"state":"Sokoto","lga":"Wurno"},"geometry":{"type":"Polygon","coordinates":[[[5.5286,13.3787],[5.5527,13.3278],[5.5731,13.3084],[5.6267,13.3051],[5.7238,13.3233],[5.778,13.3184],[5.8151,13.305],[5.834,13.2824],[5.8323,13.2688],[5.8045,13.2382],[5.7725,13.2332],[5.7122,13.2733],[5.6893,13.2726],[5.6303,13.2428],[5.4893,13.1436],[5.406,13.1107],[5.3829,13.1098],[5.359,13.1508],[5.3485,13.2273],[5.3899,13.246],[5.4007,13.272],[5.4328,13.3028],[5.5099,13.342],[5.5286,13.3787]]]}},{"type":"Feature","properties":{"state":"Sokoto","lga":"Yabo"},"geometry":{"type":"Polygon","coordinates":[[[4.8228,12.7681],[4.8271,12.7878],[4.8094,12.8357],[4.8827,12.8558],[4.9711,12.8557],[5.0027,12.8847],[5.0213,12.9294],[5.0568,12.9289],[5.1055,12.9149],[5.1332,12.8952],[5.1432,12.8674],[5.1376,12.8057],[5.1304,12.7874],[5.1027,12.7642],[5.0989,12.7376],[5.1049,12.7119],[5.1381,12.6799],[5.1286,12.6457],[5.1065,12.6378],[5.0582,12.6416],[5.0361,12.6347],[5.0053,12.596],[4.9479,12.5579],[4.9405,12.5557],[4.9309,12.599],[4.9152,12.7059],[4.8771,12.7484],[4.8228,12.7681]]]}},{"type":"Feature","properties":{"state":"Taraba","lga":"Ardo-Kola"},"geometry":{"type":"Polygon","coordinates":[[[11.2818,8.5665],[11.1037,8.6747],[11.0677,8.7209],[10.95,8.7873],[10.9254,8.8197],[10.9476,8.864],[10.9926,9.0225],[11.0118,9.047],[11.051,9.0731],[11.1019,9.0879],[11.1443,9.1211],[11.1472,9.0937],[11.1878,9.0399],[11.2346,9.0107],[11.2825,9.0061],[11.3409,8.9144],[11.4803,8.8275],[11.515,8.7963],[11.5518,8.7808],[11.5779,8.716],[11.6211,8.6469],[11.4719,8.6282],[11.4138,8.6061],[11.4096,8.5973],[11.2818,8.5665]]]}},{"type":"Feature","properties":{"state":"Taraba","lga":"Bali"},"geometry":{"type":"Polygon","coordinates":[[[11.8667,8.6241],[11.8621,8.576],[11.7632,8.4919],[11.6237,8.3067],[11.5417,8.2185],[11.4802,8.1667],[11.4029,8.0695],[11.267,8.0573],[11.2077,8.0328],[11.1338,7.9872],[11.0912,7.9513],[11.038,7.8572],[10.956,7.8143],[10.9485,7.7516],[10.8732,7.7039],[10.8557,7.6851],[10.8247,7.6669],[10.785,7.6704],[10.7513,7.6435],[10.6426,7.6094],[10.5615,7.5611],[10.4978,7.5412],[10.4552,7.5572],[10.4089,7.6065],[10.3592,7.7055],[10.3626,7.7193],[10.3843,7.7278],[10.4155,7.7604],[10.4192,7.7859],[10.437,7.8187],[10.4321,7.8478],[10.4164,7.8666],[10.4206,7.8968],[10.3981,7.958],[10.4609,7.9785],[10.6602,8.1829],[10.779,8.263],[10.8174,8.2995],[10.8763,8.3327],[10.9451,8.4036],[11.0409,8.4665],[11.0968,8.4894],[11.1358,8.5369],[11.1781,8.6311],[11.2818,8.5665],[11.4096,8.5973],[11.4138,8.6061],[11.4719,8.6282],[11.6369,8.6479],[11.6832,8.6642],[11.7705,8.658],[11.8667,8.6241]]]}},{"type":"Feature","properties":{"state":"Taraba","lga":"Donga"},"geometry":{"type":"Polygon","coordinates":[[[9.8232,7.6088],[9.7823,7.6458],[9.8593,7.7106],[10.0068,7.8129],[10.0214,7.8383],[10.2162,8.0104],[10.2728,8.0967],[10.3073,8.1187],[10.369,8.1273],[10.3623,8.0807],[10.3811,8.0383],[10.3972,7.9513],[10.4206,7.8968],[10.4164,7.8666],[10.4321,7.8478],[10.437,7.8187],[10.4192,7.7859],[10.4155,7.7604],[10.3843,7.7278],[10.3626,7.7193],[10.3592,7.7055],[10.3933,7.6305],[10.4398,7.5702],[10.4822,7.5441],[10.5313,7.5482],[10.6426,7.6094],[10.7513,7.6435],[10.785,7.6704],[10.8247,7.6669],[10.8483,7.683],[10.8557,7.6851],[10.6304,7.4952],[10.5567,7.4174],[10.5163,7.3899],[10.512,7.3783],[10.5091,7.3829],[10.4946,7.3754],[10.472,7.3547],[10.4399,7.2771],[10.3913,7.2795],[10.3539,7.2684],[10.321,7.2828],[10.2939,7.3165],[10.2898,7.3548],[10.2972,7.4118],[10.286,7.4723],[10.2016,7.5137],[10.1629,7.5557],[10.0969,7.6025],[10.0547,7.6226],[9.9534,7.6347],[9.8564,7.6275],[9.8232,7.6088]]]}},{"type":"Feature","properties":{"state":"Taraba","lga":"Gashaka"},"geometry":{"type":"Polygon","coordinates":[[[12.0124,7.5076],[11.9683,7.4798],[11.9633,7.4357],[11.942,7.4212],[11.9433,7.3944],[11.9358,7.3798],[11.9161,7.3727],[11.9017,7.3496],[11.8923,7.3485],[11.8807,7.3073],[11.8367,7.2523],[11.8168,7.2454],[11.8113,7.2336],[11.8137,7.2281],[11.8543,7.2268],[11.841,7.21],[11.8358,7.1766],[11.8536,7.1295],[11.8733,7.1084],[11.8711,7.0794],[11.8497,7.0895],[11.8365,7.0867],[11.8269,7.073],[11.8069,7.0814],[11.7772,7.0484],[11.7099,7.0553],[11.7155,7.0326],[11.6788,7.0718],[11.6695,7.0958],[11.6044,7.1184],[11.4131,7.0634],[11.3697,7.0758],[11.349,7.0897],[11.2947,7.1576],[11.2731,7.1625],[11.2569,7.1863],[11.2159,7.2093],[11.201,7.2451],[11.2126,7.3153],[11.1952,7.3883],[11.1658,7.3965],[11.1399,7.3939],[11.1062,7.3662],[11.0629,7.3454],[11.0511,7.3541],[11.0132,7.4168],[11.0002,7.4628],[10.9944,7.5397],[10.9705,7.5887],[10.879,7.6753],[10.8557,7.6851],[10.8732,7.7039],[10.9485,7.7516],[10.956,7.8143],[11.038,7.8572],[11.0912,7.9513],[11.1338,7.9872],[11.2077,8.0328],[11.267,8.0573],[11.4029,8.0695],[11.441,7.9559],[11.4879,7.8803],[11.5316,7.8408],[11.5756,7.8728],[11.6213,7.9374],[11.6477,7.9436],[11.6954,7.9185],[11.7357,7.8679],[11.7679,7.8434],[11.8401,7.7641],[11.857,7.7316],[11.8476,7.6431],[11.8596,7.6152],[11.8657,7.5582],[11.8971,7.4837],[11.8962,7.4584],[11.916,7.4444],[11.9604,7.495],[12.0124,7.5076]]]}},{"type":"Feature","properties":{"state":"Taraba","lga":"Gassol"},"geometry":{"type":"Polygon","coordinates":[[[10.9254,8.8197],[10.95,8.7873],[11.0677,8.7209],[11.1037,8.6747],[11.1781,8.6311],[11.1358,8.5369],[11.0968,8.4894],[11.0409,8.4665],[10.9627,8.4165],[10.8763,8.3327],[10.8174,8.2995],[10.779,8.263],[10.6602,8.1829],[10.4609,7.9785],[10.3965,7.9576],[10.3811,8.0383],[10.3623,8.0807],[10.3696,8.1297],[10.3575,8.169],[10.3073,8.2296],[10.249,8.254],[10.1707,8.2223],[10.0815,8.2113],[10.0519,8.2225],[9.9824,8.2786],[10.0358,8.326],[10.0719,8.3723],[10.1126,8.4668],[10.1959,8.5488],[10.2132,8.5942],[10.2925,8.6701],[10.4519,8.6956],[10.5077,8.7173],[10.5997,8.7325],[10.7271,8.7219],[10.7989,8.7304],[10.8864,8.7673],[10.9254,8.8197]]]}},{"type":"Feature","properties":{"state":"Taraba","lga":"Ibi"},"geometry":{"type":"Polygon","coordinates":[[[9.2989,8.005],[9.3599,8.0445],[9.3725,8.0622],[9.3561,8.1154],[9.3648,8.1258],[9.3591,8.1722],[9.2987,8.2345],[9.3105,8.2805],[9.332,8.3148],[9.3527,8.3287],[9.3828,8.3288],[9.4269,8.2971],[9.4515,8.3008],[9.5296,8.2788],[9.5738,8.292],[9.6155,8.3512],[9.6776,8.3472],[9.8153,8.3721],[9.8547,8.3913],[9.9787,8.5144],[10.0934,8.5749],[10.1701,8.6668],[10.2033,8.7341],[10.2435,8.7573],[10.3017,8.7693],[10.3319,8.7354],[10.371,8.7189],[10.4109,8.6898],[10.2925,8.6701],[10.2132,8.5942],[10.1959,8.5488],[10.1126,8.4668],[10.0924,8.4094],[10.0543,8.3486],[9.9525,8.2483],[9.9179,8.2297],[9.8644,8.1215],[9.8035,8.0561],[9.7586,8.0439],[9.6496,8.0753],[9.5895,8.077],[9.4955,8.0513],[9.4249,8.0088],[9.3723,7.9975],[9.2989,8.005]]]}},{"type":"Feature","properties":{"state":"Taraba","lga":"Jalingo"},"geometry":{"type":"Polygon","coordinates":[[[11.5518,8.7808],[11.515,8.7963],[11.4803,8.8275],[11.3409,8.9144],[11.2825,9.0061],[11.3531,9.0066],[11.3761,8.9941],[11.4358,8.9112],[11.5309,8.8191],[11.5518,8.7808]]]}},{"type":"Feature","properties":{"state":"Taraba","lga":"Karim-La"},"geometry":{"type":"Polygon","coordinates":[[[11.5259,9.592],[11.614,9.4288],[11.6374,9.3979],[11.6527,9.3966],[11.5874,9.3682],[11.5244,9.3173],[11.4165,9.2545],[11.3877,9.2236],[11.3425,9.1954],[11.2652,9.1585],[11.18,9.1381],[11.1301,9.1129],[11.1019,9.0879],[11.051,9.0731],[11.0118,9.047],[10.9914,9.0193],[10.9476,8.864],[10.9042,8.7841],[10.8864,8.7673],[10.8227,8.7375],[10.7709,8.7252],[10.6918,8.7223],[10.5997,8.7325],[10.5077,8.7173],[10.4765,8.7025],[10.4109,8.6898],[10.371,8.7189],[10.3467,8.7252],[10.3097,8.7567],[10.3017,8.7693],[10.3974,8.791],[10.4281,8.7892],[10.6248,8.8834],[10.6536,8.9329],[10.6501,9.0219],[10.6433,9.0218],[10.6383,9.0579],[10.6473,9.0793],[10.6433,9.1167],[10.6303,9.176],[10.5931,9.2379],[10.5808,9.3335],[10.5891,9.399],[10.579,9.4616],[10.5605,9.4967],[10.5695,9.5051],[10.6346,9.5392],[10.7291,9.5267],[10.9002,9.6044],[11.0043,9.587],[11.0687,9.5864],[11.1117,9.5754],[11.5259,9.592]]]}},{"type":"Feature","properties":{"state":"Taraba","lga":"Kurmi"},"geometry":{"type":"Polygon","coordinates":[[[10.8417,6.9367],[10.7822,6.968],[10.7655,6.9574],[10.7384,6.9901],[10.7208,6.9893],[10.704,7.0121],[10.6865,7.0156],[10.678,7.0423],[10.6587,7.0516],[10.6547,7.0431],[10.6276,7.0494],[10.6129,7.0611],[10.5977,7.0779],[10.607,7.1033],[10.6015,7.1364],[10.572,7.1623],[10.5593,7.0819],[10.5603,7.0347],[10.551,6.9777],[10.5412,6.9682],[10.541,6.9386],[10.4959,6.9148],[10.4904,6.8997],[10.4631,6.9148],[10.2171,6.8888],[10.1732,6.9404],[10.1845,6.9666],[10.1826,6.9848],[10.1686,7.0002],[10.1795,7.0117],[10.1632,7.0213],[10.1658,7.0339],[10.1537,7.0384],[10.1493,7.0652],[10.2508,7.1445],[10.2612,7.1656],[10.2749,7.2629],[10.3009,7.3044],[10.321,7.2828],[10.3539,7.2684],[10.3913,7.2795],[10.4399,7.2771],[10.472,7.3547],[10.4946,7.3754],[10.5091,7.3829],[10.512,7.3783],[10.5163,7.3899],[10.5567,7.4174],[10.6304,7.4952],[10.8413,7.6774],[10.8594,7.6857],[10.879,7.6753],[10.9705,7.5887],[10.9944,7.5397],[11.0002,7.4628],[11.0132,7.4168],[11.0327,7.3752],[11.0527,7.3522],[11.0719,7.2877],[11.0556,7.1768],[11.0317,7.1112],[10.8832,6.9569],[10.8658,6.9418],[10.8417,6.9367]]]}},{"type":"Feature","properties":{"state":"Taraba","lga":"Lau"},"geometry":{"type":"Polygon","coordinates":[[[11.7463,9.36],[11.8311,9.2023],[11.8256,9.1318],[11.7988,9.1227],[11.7664,9.1271],[11.7321,9.1189],[11.6608,9.0923],[11.6313,9.0649],[11.6017,9.0721],[11.5183,9.0535],[11.4754,9.0242],[11.3868,8.9814],[11.3531,9.0066],[11.2346,9.0107],[11.1807,9.047],[11.1457,9.0993],[11.1443,9.1211],[11.2332,9.155],[11.2652,9.1585],[11.3425,9.1954],[11.3877,9.2236],[11.4165,9.2545],[11.5244,9.3173],[11.5874,9.3682],[11.6527,9.3966],[11.7126,9.3806],[11.7463,9.36]]]}},{"type":"Feature","properties":{"state":"Taraba","lga":"Sardauna"},"geometry":{"type":"Polygon","coordinates":[[[11.4239,6.5302],[11.3798,6.5206],[11.3565,6.5257],[11.3508,6.515],[11.3572,6.5052],[11.3509,6.5],[11.3156,6.5088],[11.2802,6.5386],[11.2457,6.5232],[11.2179,6.5396],[11.1917,6.5386],[11.1946,6.5294],[11.1843,6.5247],[11.1424,6.5341],[11.1186,6.5177],[11.0991,6.5216],[11.0966,6.6821],[11.0599,6.7162],[11.0519,6.7094],[11.0231,6.7125],[10.9943,6.687],[10.9481,6.6947],[10.9447,6.6895],[10.9192,6.7085],[10.913,6.7656],[10.9042,6.7734],[10.8983,6.7625],[10.8804,6.7955],[10.8405,6.8118],[10.8201,6.8438],[10.8433,6.9207],[10.8417,6.9367],[10.8658,6.9418],[10.8832,6.9569],[11.0317,7.1112],[11.0556,7.1768],[11.0719,7.2877],[11.0511,7.3541],[11.0629,7.3454],[11.1062,7.3662],[11.1399,7.3939],[11.1789,7.3945],[11.198,7.3837],[11.2126,7.3153],[11.201,7.2451],[11.2159,7.2093],[11.2569,7.1863],[11.2731,7.1625],[11.2947,7.1576],[11.349,7.0897],[11.3697,7.0758],[11.4131,7.0634],[11.6044,7.1184],[11.6695,7.0958],[11.6788,7.0718],[11.7171,7.0316],[11.6857,7.0213],[11.6692,6.9985],[11.6562,6.9965],[11.6604,6.9886],[11.6366,6.9885],[11.6192,6.9761],[11.6231,6.9504],[11.6066,6.935],[11.6066,6.9112],[11.5833,6.9088],[11.563,6.8851],[11.5547,6.8513],[11.5809,6.8395],[11.5794,6.8175],[11.5913,6.8143],[11.5973,6.8018],[11.5716,6.7851],[11.5858,6.7406],[11.576,6.7249],[11.5515,6.7158],[11.5486,6.6772],[11.5544,6.6647],[11.5337,6.6541],[11.5373,6.6493],[11.5258,6.645],[11.5199,6.6289],[11.522,6.619],[11.4966,6.6007],[11.4843,6.5992],[11.464,6.6113],[11.4483,6.6007],[11.4189,6.5972],[11.4321,6.5449],[11.4194,6.5417],[11.4239,6.5302]]]}},{"type":"Feature","properties":{"state":"Taraba","lga":"Takum"},"geometry":{"type":"Polygon","coordinates":[[[9.879,7.2514],[9.875,7.3137],[9.9134,7.4087],[9.9227,7.4762],[9.9138,7.4895],[9.9181,7.5062],[9.8992,7.5281],[9.9014,7.5386],[9.8232,7.6088],[9.8564,7.6275],[9.9534,7.6347],[10.0547,7.6226],[10.0969,7.6025],[10.1629,7.5557],[10.2016,7.5137],[10.286,7.4723],[10.2958,7.4312],[10.2898,7.3548],[10.2995,7.3025],[10.284,7.2814],[10.1856,7.2777],[10.1015,7.2559],[10.0067,7.2498],[9.9592,7.2608],[9.879,7.2514]]]}},{"type":"Feature","properties":{"state":"Taraba","lga":"Ussa"},"geometry":{"type":"Polygon","coordinates":[[[9.9899,6.8916],[9.8639,6.7765],[9.7794,6.7945],[9.7627,6.7593],[9.7684,6.7491],[9.7561,6.6957],[9.7644,6.6807],[9.7507,6.6783],[9.7515,6.6557],[9.731,6.611],[9.7063,6.5156],[9.6697,6.5106],[9.6529,6.529],[9.6451,6.5236],[9.677,6.6655],[9.6816,6.8146],[9.6717,6.8264],[9.6976,6.9699],[9.7097,7.0242],[9.7592,7.1114],[9.8148,7.1639],[9.8647,7.1952],[9.8797,7.2183],[9.879,7.2514],[9.9592,7.2608],[9.9999,7.2503],[10.0596,7.2522],[10.1856,7.2777],[10.284,7.2814],[10.2749,7.2629],[10.2612,7.1656],[10.2482,7.1404],[10.1582,7.0759],[10.1493,7.0652],[10.1551,7.0395],[10.0201,6.9205],[10.0134,6.9031],[9.9899,6.8916]]]}},{"type":"Feature","properties":{"state":"Taraba","lga":"Wukari"},"geometry":{"type":"Polygon","coordinates":[[[9.3862,7.8656],[9.2378,7.8515],[9.139,7.8091],[9.1082,7.8184],[9.1803,7.9297],[9.2989,8.005],[9.3723,7.9975],[9.4249,8.0088],[9.4955,8.0513],[9.5895,8.077],[9.6496,8.0753],[9.7586,8.0439],[9.8035,8.0561],[9.8644,8.1215],[9.9179,8.2297],[9.9525,8.2483],[9.9824,8.2786],[10.0519,8.2225],[10.088,8.2105],[10.1707,8.2223],[10.249,8.254],[10.3131,8.2248],[10.3575,8.169],[10.3696,8.1297],[10.3073,8.1187],[10.2728,8.0967],[10.2162,8.0104],[10.0214,7.8383],[10.0068,7.8129],[9.8593,7.7106],[9.7823,7.6458],[9.6945,7.7518],[9.6115,7.8307],[9.4906,7.8591],[9.3862,7.8656]]]}},{"type":"Feature","properties":{"state":"Taraba","lga":"Yorro"},"geometry":{"type":"Polygon","coordinates":[[[11.8622,8.6706],[11.8667,8.6241],[11.7429,8.6634],[11.6698,8.6627],[11.6211,8.6469],[11.5779,8.716],[11.5392,8.8087],[11.4358,8.9112],[11.3868,8.9814],[11.4754,9.0242],[11.5183,9.0535],[11.6017,9.0721],[11.6313,9.0649],[11.6608,9.0923],[11.7321,9.1189],[11.7664,9.1271],[11.7988,9.1227],[11.8256,9.1318],[11.8292,9.1058],[11.8558,9.0737],[11.8326,9.0514],[11.7947,9.028],[11.7487,9.0278],[11.6785,9.0023],[11.6504,8.99],[11.6435,8.9793],[11.6505,8.9577],[11.6823,8.9333],[11.6881,8.9093],[11.7257,8.8561],[11.7496,8.791],[11.7669,8.7803],[11.8005,8.7169],[11.8224,8.693],[11.8622,8.6706]]]}},{"type":"Feature","properties":{"state":"Taraba","lga":"Zing"},"geometry":{"type":"Polygon","coordinates":[[[11.8558,9.0737],[11.8968,9.0455],[11.939,9.0349],[11.9717,8.9734],[11.9759,8.9443],[11.9598,8.8861],[11.8728,8.73],[11.8622,8.6706],[11.8224,8.693],[11.8005,8.7169],[11.7669,8.7803],[11.7496,8.791],[11.7257,8.8561],[11.6881,8.9093],[11.6823,8.9333],[11.6505,8.9577],[11.6435,8.9793],[11.6504,8.99],[11.7487,9.0278],[11.7947,9.028],[11.8558,9.0737]]]}},{"type":"Feature","properties":{"state":"Yobe","lga":"Bade"},"geometry":{"type":"MultiPolygon","coordinates":[[[[11.1979,12.4871],[11.1731,12.4836],[11.0991,12.4962],[11.0027,12.6212],[10.9908,12.6509],[10.9939,12.6912],[11.0258,12.7534],[11.0669,12.7077],[11.1094,12.6817],[11.149,12.6445],[11.1662,12.6067],[11.1731,12.557],[11.1984,12.5101],[11.1979,12.4871]]],[[[10.5806,12.6574],[10.5669,12.7314],[10.5423,12.7686],[10.5783,12.8073],[10.7024,12.8426],[10.7239,12.8384],[10.8158,12.8549],[10.9723,12.8498],[11.0468,12.8642],[11.0508,12.8368],[11.0435,12.8233],[11.0089,12.8184],[11.0105,12.8046],[10.9325,12.8175],[10.8681,12.8002],[10.6544,12.7196],[10.5806,12.6574]]]]}},{"type":"Feature","properties":{"state":"Yobe","lga":"Borsari"},"geometry":{"type":"Polygon","coordinates":[[[11.2006,12.4862],[11.1984,12.5101],[11.1731,12.557],[11.1662,12.6067],[11.149,12.6445],[11.0526,12.7204],[11.0258,12.7534],[11.0277,12.7694],[11.0128,12.7955],[11.0089,12.8184],[11.0435,12.8233],[11.0508,12.8368],[11.0467,12.8676],[11.0728,12.9003],[11.1233,12.9295],[11.2979,12.9483],[11.381,12.9801],[11.4792,12.9703],[11.5008,12.9612],[11.5678,12.978],[11.6085,12.9788],[11.6492,12.9653],[11.697,12.9341],[11.7204,12.8951],[11.7066,12.8315],[11.733,12.7974],[11.7555,12.748],[11.7724,12.687],[11.7799,12.5996],[11.761,12.5471],[11.6947,12.469],[11.6562,12.4825],[11.5897,12.4517],[11.5693,12.4693],[11.5332,12.4654],[11.4844,12.4555],[11.4635,12.4415],[11.4226,12.4421],[11.313,12.4027],[11.2745,12.397],[11.2006,12.4862]]]}},{"type":"Feature","properties":{"state":"Yobe","lga":"Damaturu"},"geometry":{"type":"Polygon","coordinates":[[[12.2824,11.9548],[12.3099,11.8364],[12.2336,11.691],[12.2369,11.6596],[12.1777,11.6225],[12.1364,11.6208],[12.121,11.609],[11.9345,11.5732],[11.8059,11.5175],[11.7995,11.5802],[11.8082,11.6551],[11.8062,11.7511],[11.7825,11.8301],[11.7198,11.9113],[11.682,11.9424],[11.7107,11.9523],[11.7295,11.9738],[11.7909,11.9891],[11.8096,11.9906],[11.8663,11.9678],[11.9101,11.9613],[12.0162,12.0101],[12.1136,11.9973],[12.1947,12.0173],[12.2874,12.0275],[12.2824,11.9548]]]}},{"type":"Feature","properties":{"state":"Yobe","lga":"Fika"},"geometry":{"type":"Polygon","coordinates":[[[10.9389,11.3251],[10.9748,11.4956],[11.0382,11.5482],[11.057,11.5767],[11.1851,11.5844],[11.2232,11.6081],[11.2449,11.6498],[11.3211,11.6669],[11.3231,11.6456],[11.3528,11.5897],[11.3549,11.4745],[11.3727,11.4344],[11.4217,11.3783],[11.4481,11.3648],[11.4887,11.3566],[11.5494,11.3652],[11.5643,11.357],[11.5662,11.3212],[11.5954,11.2398],[11.595,11.2053],[11.514,11.0345],[11.4589,11.0915],[11.382,11.1936],[11.2449,11.2936],[11.2097,11.3141],[11.1316,11.3331],[11.0626,11.3234],[11.0142,11.2948],[10.9652,11.3007],[10.9389,11.3251]]]}},{"type":"Feature","properties":{"state":"Yobe","lga":"Fune"},"geometry":{"type":"Polygon","coordinates":[[[11.682,11.9424],[11.7198,11.9113],[11.7825,11.8301],[11.8062,11.7511],[11.8082,11.6551],[11.7995,11.5802],[11.806,11.5162],[11.7814,11.4931],[11.7233,11.3998],[11.6958,11.3785],[11.6704,11.3672],[11.6005,11.3771],[11.5643,11.357],[11.5324,11.3657],[11.4887,11.3566],[11.4217,11.3783],[11.3608,11.4562],[11.3549,11.4745],[11.3566,11.5711],[11.3231,11.6456],[11.3198,11.6721],[11.3207,11.7287],[11.3322,11.7772],[11.3263,11.8191],[11.3091,11.8283],[11.2524,11.8208],[11.2102,11.8016],[11.1904,11.8035],[11.1234,11.8399],[11.0721,11.8957],[11.0489,11.9352],[11.0397,11.9595],[11.0347,12.0241],[11.1291,12.1529],[11.1525,12.2108],[11.1986,12.2802],[11.2209,12.2951],[11.2411,12.3355],[11.2846,12.3849],[11.3085,12.344],[11.3454,12.2364],[11.3865,12.1959],[11.407,12.1851],[11.4421,12.1806],[11.4598,12.1668],[11.4868,12.115],[11.5054,12.0217],[11.5793,12.0008],[11.682,11.9424]]]}},{"type":"Feature","properties":{"state":"Yobe","lga":"Geidam"},"geometry":{"type":"Polygon","coordinates":[[[12.4893,12.6786],[12.4598,12.6062],[12.3962,12.5293],[12.3206,12.4735],[12.3075,12.4571],[12.3006,12.4299],[12.2729,12.4202],[12.2434,12.3913],[12.22,12.382],[12.1399,12.3825],[12.0444,12.3466],[12.0143,12.3574],[11.9538,12.3562],[11.9319,12.3648],[11.8388,12.3569],[11.7718,12.3609],[11.7296,12.3693],[11.6867,12.4038],[11.6811,12.4225],[11.6861,12.4531],[11.7014,12.4814],[11.761,12.5471],[11.7799,12.5996],[11.7724,12.687],[11.7487,12.7652],[11.7234,12.8103],[11.7541,12.8365],[11.8975,12.8778],[11.8934,12.9121],[11.9021,12.9298],[11.9451,12.9464],[12.0268,12.9079],[12.123,12.9084],[12.1966,12.9204],[12.2538,12.9392],[12.3412,12.9822],[12.3817,12.9935],[12.3609,12.8831],[12.3717,12.8472],[12.3809,12.822],[12.4042,12.7931],[12.4818,12.7323],[12.4893,12.6786]]]}},{"type":"Feature","properties":{"state":"Yobe","lga":"Gujba"},"geometry":{"type":"Polygon","coordinates":[[[12.1944,11.0867],[12.1612,11.0381],[12.1045,11.0008],[12.0573,11.0663],[12.0088,11.1169],[11.9709,11.1381],[11.9514,11.1315],[11.9426,11.107],[11.9343,11.1037],[11.9074,11.119],[11.8766,11.1579],[11.8358,11.1907],[11.5952,11.2201],[11.5954,11.2398],[11.5662,11.3212],[11.5642,11.3599],[11.6005,11.3771],[11.6704,11.3672],[11.6958,11.3785],[11.7233,11.3998],[11.7814,11.4931],[11.8059,11.5175],[11.9064,11.5649],[12.121,11.609],[12.1364,11.6208],[12.1777,11.6225],[12.2369,11.6596],[12.3256,11.6577],[12.3762,11.5981],[12.3897,11.545],[12.3738,11.5114],[12.3005,11.4408],[12.2471,11.3468],[12.2004,11.2934],[12.186,11.2478],[12.1988,11.1342],[12.1944,11.0867]]]}},{"type":"Feature","properties":{"state":"Yobe","lga":"Gulani"},"geometry":{"type":"Polygon","coordinates":[[[11.8052,10.6776],[11.7503,10.6052],[11.6868,10.5907],[11.5916,10.5941],[11.5868,10.6022],[11.5743,10.7052],[11.5937,10.8945],[11.5828,10.9722],[11.5234,11.0261],[11.4979,11.01],[11.5379,11.0764],[11.595,11.2053],[11.5952,11.2201],[11.8358,11.1907],[11.8766,11.1579],[11.9074,11.119],[11.9343,11.1037],[11.9426,11.107],[11.9514,11.1315],[11.9709,11.1381],[12.0088,11.1169],[12.0573,11.0663],[12.1045,11.0008],[12.0625,10.9799],[11.8813,10.9316],[11.8384,10.901],[11.8107,10.8558],[11.8008,10.8115],[11.8052,10.6776]]]}},{"type":"Feature","properties":{"state":"Yobe","lga":"Jakusko"},"geometry":{"type":"Polygon","coordinates":[[[10.8486,11.8649],[10.8356,11.9185],[10.8373,11.9493],[10.822,11.9924],[10.8133,12.1425],[10.7623,12.2165],[10.7529,12.3578],[10.7344,12.4043],[10.6047,12.5072],[10.5806,12.6574],[10.6388,12.7092],[10.6738,12.7282],[10.895,12.8086],[10.9619,12.8169],[11.0105,12.8046],[11.0277,12.7694],[11.0283,12.7584],[10.9975,12.7076],[10.9908,12.6509],[11.0027,12.6212],[11.0733,12.5225],[11.1092,12.492],[11.205,12.4846],[11.2846,12.3849],[11.2411,12.3355],[11.2209,12.2951],[11.1986,12.2802],[11.1814,12.2549],[11.1525,12.2108],[11.1373,12.1668],[11.0899,12.0975],[11.0641,12.0702],[10.9911,12.0316],[10.9732,12.002],[10.9321,11.977],[10.8486,11.8649]]]}},{"type":"Feature","properties":{"state":"Yobe","lga":"Karasuwa"},"geometry":{"type":"Polygon","coordinates":[[[10.5423,12.7686],[10.5312,12.7853],[10.5014,12.7994],[10.4776,12.7923],[10.4975,12.8075],[10.5421,12.8187],[10.5597,12.836],[10.4842,12.9125],[10.4792,12.9487],[10.5292,12.9921],[10.6716,12.9931],[10.7061,13.0008],[10.7111,13.0116],[10.7006,13.0215],[10.6521,13.0195],[10.6439,13.026],[10.6446,13.0483],[10.6899,13.0822],[10.8159,13.102],[10.8358,13.0861],[10.8601,13.085],[10.8687,13.0383],[10.8448,12.9952],[10.8562,12.9799],[10.8959,12.969],[10.9592,12.9762],[11.0352,12.9394],[11.0468,12.8642],[11.017,12.8535],[10.8158,12.8549],[10.7239,12.8384],[10.7024,12.8426],[10.5783,12.8073],[10.5423,12.7686]]]}},{"type":"Feature","properties":{"state":"Yobe","lga":"Machina"},"geometry":{"type":"Polygon","coordinates":[[[10.1962,12.9743],[10.1704,12.9886],[10.0681,12.9575],[10.0225,12.9358],[9.9715,12.9259],[9.8856,12.8847],[9.8517,12.8215],[9.801,12.7929],[9.704,12.8046],[9.6751,12.8233],[9.7943,12.9421],[9.8468,13.015],[9.9127,13.0706],[9.9965,13.1633],[10.0609,13.2035],[10.1614,13.2487],[10.2071,13.2678],[10.2359,13.2692],[10.2072,13.1328],[10.2107,13.0242],[10.1962,12.9743]]]}},{"type":"Feature","properties":{"state":"Yobe","lga":"Nangere"},"geometry":{"type":"Polygon","coordinates":[[[10.9748,11.4956],[10.9754,11.5548],[10.9589,11.6062],[10.8486,11.8649],[10.9321,11.977],[10.9732,12.002],[10.9911,12.0316],[11.0641,12.0702],[11.0347,12.0241],[11.0397,11.9595],[11.0489,11.9352],[11.1141,11.8465],[11.1835,11.8062],[11.1252,11.7538],[11.1065,11.749],[11.0933,11.7197],[11.0516,11.6662],[11.0697,11.6212],[11.0673,11.5936],[11.0382,11.5482],[10.9748,11.4956]]]}},{"type":"Feature","properties":{"state":"Yobe","lga":"Nguru"},"geometry":{"type":"Polygon","coordinates":[[[10.388,12.8249],[10.2753,12.784],[10.2517,12.824],[10.2405,12.893],[10.206,12.9688],[10.1962,12.9743],[10.2103,13.0351],[10.2187,13.035],[10.2337,13.0561],[10.2391,13.0776],[10.2737,13.1009],[10.3219,13.1146],[10.353,13.1089],[10.4514,13.0661],[10.5282,12.9915],[10.4866,12.9603],[10.4775,12.9316],[10.4842,12.9125],[10.5597,12.836],[10.5421,12.8187],[10.4975,12.8075],[10.4685,12.7896],[10.388,12.8249]]]}},{"type":"Feature","properties":{"state":"Yobe","lga":"Potiskum"},"geometry":{"type":"Polygon","coordinates":[[[11.3211,11.6669],[11.2449,11.6498],[11.2232,11.6081],[11.1851,11.5844],[11.057,11.5767],[11.0673,11.5936],[11.0697,11.6212],[11.0516,11.6662],[11.0933,11.7197],[11.1065,11.749],[11.1252,11.7538],[11.1835,11.8062],[11.2102,11.8016],[11.2524,11.8208],[11.3171,11.8289],[11.3263,11.8191],[11.3322,11.7772],[11.3207,11.7287],[11.3211,11.6669]]]}},{"type":"Feature","properties":{"state":"Yobe","lga":"Tarmuwa"},"geometry":{"type":"Polygon","coordinates":[[[12.3006,12.4299],[12.3282,12.3416],[12.3256,12.2694],[12.2874,12.0275],[12.1947,12.0173],[12.1136,11.9973],[12.0162,12.0101],[11.9101,11.9613],[11.8663,11.9678],[11.8096,11.9906],[11.7909,11.9891],[11.7295,11.9738],[11.7107,11.9523],[11.682,11.9424],[11.5793,12.0008],[11.5054,12.0217],[11.4868,12.115],[11.4598,12.1668],[11.4421,12.1806],[11.407,12.1851],[11.3865,12.1959],[11.3454,12.2364],[11.3085,12.344],[11.2745,12.397],[11.313,12.4027],[11.4226,12.4421],[11.4635,12.4415],[11.4844,12.4555],[11.5693,12.4693],[11.5897,12.4517],[11.6191,12.4704],[11.6697,12.4821],[11.6746,12.4724],[11.6947,12.469],[11.6811,12.4225],[11.6867,12.4038],[11.7296,12.3693],[11.8388,12.3569],[11.9319,12.3648],[11.9538,12.3562],[12.0143,12.3574],[12.0444,12.3466],[12.1399,12.3825],[12.22,12.382],[12.2434,12.3913],[12.2729,12.4202],[12.3006,12.4299]]]}},{"type":"Feature","properties":{"state":"Yobe","lga":"Yunusari"},"geometry":{"type":"Polygon","coordinates":[[[12.2704,13.103],[12.2777,13.0809],[12.2871,13.08],[12.2805,13.0862],[12.2974,13.0961],[12.3347,13.083],[12.3368,13.0718],[12.3434,13.0865],[12.3554,13.0785],[12.3624,13.0902],[12.3704,13.0766],[12.3864,13.0768],[12.3817,12.9935],[12.3412,12.9822],[12.2538,12.9392],[12.1966,12.9204],[12.123,12.9084],[12.0268,12.9079],[11.9451,12.9464],[11.9021,12.9298],[11.8934,12.9121],[11.8975,12.8778],[11.7541,12.8365],[11.7234,12.8103],[11.7066,12.8315],[11.7193,12.9063],[11.697,12.9341],[11.6492,12.9653],[11.6085,12.9788],[11.5678,12.978],[11.5008,12.9612],[11.4792,12.9703],[11.381,12.9801],[11.3925,12.9878],[11.4035,13.0166],[11.4018,13.0385],[11.3234,13.115],[11.2748,13.1756],[11.2788,13.2249],[11.236,13.3354],[11.2584,13.3744],[11.3956,13.3701],[11.522,13.3531],[11.6958,13.287],[11.8846,13.2465],[11.9285,13.2229],[12.027,13.1409],[12.1042,13.0935],[12.1298,13.0912],[12.1347,13.1042],[12.1493,13.0969],[12.1509,13.1086],[12.1774,13.0983],[12.1875,13.1066],[12.1786,13.1252],[12.2027,13.1227],[12.2302,13.1078],[12.257,13.1145],[12.2704,13.103]]]}},{"type":"Feature","properties":{"state":"Yobe","lga":"Yusufari"},"geometry":{"type":"Polygon","coordinates":[[[10.6665,13.3564],[10.9855,13.3738],[11.2584,13.3744],[11.2364,13.3303],[11.2788,13.2249],[11.2748,13.1756],[11.3234,13.115],[11.4018,13.0385],[11.4035,13.0166],[11.3925,12.9878],[11.3668,12.9706],[11.2979,12.9483],[11.1233,12.9295],[11.0728,12.9003],[11.0478,12.8699],[11.0352,12.9394],[11.0145,12.9546],[10.9592,12.9762],[10.8959,12.969],[10.8562,12.9799],[10.8448,12.9952],[10.8687,13.0383],[10.8601,13.085],[10.8358,13.0861],[10.8159,13.102],[10.7103,13.0886],[10.6727,13.0725],[10.6446,13.0483],[10.6439,13.026],[10.6521,13.0195],[10.7006,13.0215],[10.7111,13.0116],[10.7061,13.0008],[10.6716,12.9931],[10.5282,12.9915],[10.4514,13.0661],[10.353,13.1089],[10.3219,13.1146],[10.2526,13.09],[10.2391,13.0776],[10.2187,13.035],[10.2093,13.0351],[10.2072,13.1328],[10.2359,13.2692],[10.4664,13.2825],[10.6665,13.3564]]]}},{"type":"Feature","properties":{"state":"Zamfara","lga":"Anka"},"geometry":{"type":"Polygon","coordinates":[[[5.9602,11.6642],[5.9049,11.654],[5.9139,11.7779],[5.9249,11.8193],[5.9244,11.9443],[5.9139,12.0455],[5.9068,12.0737],[5.8933,12.0878],[5.8481,12.0979],[5.8394,12.1103],[5.8354,12.2117],[5.8627,12.32],[5.977,12.3452],[5.9971,12.2692],[6.0122,12.2459],[6.0234,12.1872],[6.0348,12.1734],[6.1654,12.1632],[6.1907,12.1718],[6.1886,12.0839],[6.1951,12.0544],[6.2626,11.9645],[6.2877,11.8994],[6.3102,11.8763],[6.332,11.8737],[6.3278,11.849],[6.2198,11.7121],[6.2116,11.672],[6.1763,11.6435],[6.1365,11.647],[6.0961,11.6665],[5.9602,11.6642]]]}},{"type":"Feature","properties":{"state":"Zamfara","lga":"Bakura"},"geometry":{"type":"Polygon","coordinates":[[[5.6221,12.5804],[5.7162,12.7166],[5.7516,12.7235],[5.9764,12.7441],[6.0417,12.7702],[6.0653,12.7911],[6.1103,12.6987],[6.1681,12.6191],[6.1018,12.5592],[6.063,12.4999],[5.9815,12.4322],[5.972,12.4129],[5.9731,12.3577],[5.9805,12.346],[5.7827,12.3047],[5.5666,12.2919],[5.5766,12.3336],[5.5382,12.5125],[5.6221,12.5804]]]}},{"type":"Feature","properties":{"state":"Zamfara","lga":"Birnin-Magaji/Kiyaw"},"geometry":{"type":"Polygon","coordinates":[[[7.0563,12.6312],[7.078,12.4785],[7.0993,12.4277],[7.0946,12.3805],[7.0257,12.3611],[6.9627,12.3665],[6.8217,12.3402],[6.7723,12.3805],[6.7198,12.3983],[6.6817,12.4478],[6.6674,12.5305],[6.686,12.5707],[6.6979,12.5687],[6.7243,12.5872],[6.7494,12.5836],[6.7884,12.5913],[6.7787,12.5621],[6.7849,12.5511],[6.8571,12.599],[6.8966,12.6098],[6.9688,12.6103],[6.986,12.6208],[7.0563,12.6312]]]}},{"type":"Feature","properties":{"state":"Zamfara","lga":"Bukkuyum"},"geometry":{"type":"Polygon","coordinates":[[[5.903,11.5956],[5.8936,11.6067],[5.8233,11.6349],[5.7451,11.6448],[5.7253,11.6319],[5.6852,11.6225],[5.6239,11.6305],[5.5355,11.6184],[5.499,11.6471],[5.4435,11.6587],[5.4719,11.799],[5.4838,11.9514],[5.4797,11.9884],[5.4859,11.9978],[5.5301,12.0118],[5.5439,12.0262],[5.5492,12.0489],[5.5668,12.1772],[5.5533,12.2777],[5.5666,12.2919],[5.7645,12.3027],[5.8627,12.32],[5.8379,12.2325],[5.8369,12.1194],[5.8481,12.0979],[5.8933,12.0878],[5.9068,12.0737],[5.9244,11.9443],[5.9249,11.8193],[5.9139,11.7779],[5.903,11.5956]]]}},{"type":"Feature","properties":{"state":"Zamfara","lga":"Bungudu"},"geometry":{"type":"Polygon","coordinates":[[[6.3302,11.8608],[6.3376,11.8983],[6.3478,11.906],[6.3632,11.8983],[6.3748,11.907],[6.4012,11.959],[6.4122,12.0877],[6.3709,12.1795],[6.3917,12.2374],[6.4278,12.2583],[6.45,12.2844],[6.4502,12.3193],[6.4616,12.3522],[6.4361,12.4051],[6.4773,12.47],[6.5009,12.4799],[6.5493,12.4769],[6.5821,12.4497],[6.599,12.422],[6.6609,12.3572],[6.7304,12.3693],[6.795,12.3417],[6.8217,12.3402],[6.8202,12.266],[6.8321,12.1767],[6.8272,12.1515],[6.801,12.1371],[6.7524,12.1452],[6.7174,12.1677],[6.6643,12.2714],[6.6351,12.2863],[6.6016,12.2592],[6.5804,12.1643],[6.5783,12.1003],[6.5545,12.0598],[6.5663,12.0013],[6.5628,11.9811],[6.5349,11.9166],[6.4972,11.8701],[6.4822,11.8242],[6.4792,11.7804],[6.3302,11.8608]]]}},{"type":"Feature","properties":{"state":"Zamfara","lga":"Gummi"},"geometry":{"type":"Polygon","coordinates":[[[5.3936,11.7174],[5.3089,11.7103],[5.2788,11.725],[5.266,11.7225],[5.2488,11.7126],[5.2355,11.6758],[5.1331,11.6524],[5.0668,11.6884],[5.0373,11.6883],[5.0235,11.6806],[5.0342,11.8999],[5.0341,12.2128],[5.0476,12.2613],[5.0624,12.2707],[5.2131,12.2442],[5.328,12.2446],[5.5249,12.2584],[5.5533,12.2777],[5.5668,12.1772],[5.5538,12.0738],[5.5439,12.0262],[5.5163,12.0035],[5.4859,11.9978],[5.4797,11.9884],[5.4838,11.9514],[5.4719,11.799],[5.4435,11.6587],[5.4302,11.6586],[5.3936,11.7174]]]}},{"type":"Feature","properties":{"state":"Zamfara","lga":"Gusau"},"geometry":{"type":"Polygon","coordinates":[[[6.9025,11.3479],[6.8862,11.3484],[6.8634,11.3233],[6.8347,11.3742],[6.8161,11.3809],[6.8038,11.4057],[6.7773,11.4142],[6.7081,11.4908],[6.6833,11.5261],[6.666,11.5832],[6.6239,11.5932],[6.5901,11.6409],[6.5181,11.6617],[6.4745,11.6612],[6.4198,11.6734],[6.4002,11.6875],[6.4017,11.6982],[6.4784,11.7773],[6.4822,11.8242],[6.4972,11.8701],[6.5349,11.9166],[6.5575,11.9668],[6.5663,12.0013],[6.5545,12.0598],[6.5817,12.1146],[6.5804,12.1643],[6.5954,12.2476],[6.6213,12.2813],[6.6351,12.2863],[6.6643,12.2714],[6.7174,12.1677],[6.7524,12.1452],[6.801,12.1371],[6.8272,12.1515],[6.8321,12.1767],[6.8202,12.266],[6.8247,12.3434],[6.9627,12.3665],[7.0257,12.3611],[7.0946,12.3805],[7.0928,12.371],[7.1356,12.2808],[7.1422,12.2132],[7.1576,12.1739],[7.1397,12.0914],[7.0526,12.1354],[7.0161,12.1441],[6.9145,12.1521],[6.8786,12.145],[6.8399,12.1301],[6.744,12.0594],[6.7101,11.999],[6.7001,11.9492],[6.6852,11.8338],[6.6993,11.7508],[6.7195,11.729],[6.7694,11.7034],[6.8055,11.6934],[6.8317,11.6994],[6.8945,11.6801],[6.8823,11.6483],[6.8775,11.5713],[6.9084,11.541],[6.9231,11.4822],[6.9028,11.3851],[6.9025,11.3479]]]}},{"type":"Feature","properties":{"state":"Zamfara","lga":"Kaura-Na"},"geometry":{"type":"Polygon","coordinates":[[[6.7368,12.5878],[6.7243,12.5872],[6.6979,12.5687],[6.686,12.5707],[6.668,12.5412],[6.6817,12.4478],[6.7198,12.3983],[6.7723,12.3805],[6.8217,12.3402],[6.795,12.3417],[6.7304,12.3693],[6.6609,12.3572],[6.599,12.422],[6.5821,12.4497],[6.5493,12.4769],[6.4841,12.4752],[6.4581,12.5216],[6.4469,12.6185],[6.4725,12.673],[6.5148,12.6792],[6.5478,12.6678],[6.61,12.6663],[6.6684,12.647],[6.6869,12.6166],[6.7368,12.5878]]]}},{"type":"Feature","properties":{"state":"Zamfara","lga":"Maradun"},"geometry":{"type":"Polygon","coordinates":[[[6.0623,12.9199],[6.0515,13.0123],[6.0856,13.0411],[6.164,13.0658],[6.2091,13.0659],[6.2526,13.043],[6.2603,13.0464],[6.2976,12.9942],[6.3454,12.9528],[6.3925,12.9488],[6.4551,12.9653],[6.4743,12.9582],[6.4705,12.9369],[6.4369,12.8992],[6.4458,12.8603],[6.4115,12.8172],[6.449,12.8132],[6.4796,12.7949],[6.4819,12.784],[6.4106,12.746],[6.3956,12.7298],[6.404,12.7123],[6.4529,12.7167],[6.4761,12.705],[6.482,12.6923],[6.4469,12.6185],[6.4581,12.5216],[6.4812,12.4892],[6.4843,12.4742],[6.43,12.4032],[6.4107,12.4017],[6.3012,12.4475],[6.2654,12.4507],[6.2458,12.4423],[6.2055,12.4619],[6.1947,12.4935],[6.212,12.5378],[6.2054,12.5703],[6.1626,12.615],[6.1681,12.6191],[6.1103,12.6987],[6.0653,12.7911],[6.0623,12.9199]]]}},{"type":"Feature","properties":{"state":"Zamfara","lga":"Maru"},"geometry":{"type":"MultiPolygon","coordinates":[[[[6.8634,11.3233],[6.804,11.2822],[6.7748,11.2415],[6.7523,11.153],[6.7279,11.1015],[6.6787,11.052],[6.6411,11.0279],[6.5651,11.018],[6.4368,11.0271],[6.3456,11.012],[6.2605,10.9367],[6.2143,10.8704],[6.1937,10.8582],[6.1665,10.8563],[6.1676,10.8698],[6.142,10.9351],[6.0806,11.041],[6.027,11.1113],[6.0103,11.2919],[5.988,11.3459],[5.9701,11.3675],[5.8831,11.4107],[5.9163,11.5332],[5.9165,11.5725],[5.903,11.5956],[5.9049,11.654],[5.9602,11.6642],[6.0961,11.6665],[6.1365,11.647],[6.1763,11.6435],[6.2037,11.6609],[6.2198,11.7121],[6.2376,11.7291],[6.2587,11.7693],[6.312,11.828],[6.3302,11.8608],[6.3388,11.8595],[6.4792,11.7804],[6.4358,11.7279],[6.4074,11.7072],[6.4002,11.6875],[6.4198,11.6734],[6.4745,11.6612],[6.5181,11.6617],[6.5768,11.6495],[6.6239,11.5932],[6.666,11.5832],[6.6833,11.5261],[6.7081,11.4908],[6.7773,11.4142],[6.8038,11.4057],[6.8161,11.3809],[6.8347,11.3742],[6.8634,11.3233]]],[[[6.3313,11.8662],[6.332,11.8737],[6.3102,11.8763],[6.2877,11.8994],[6.2626,11.9645],[6.2097,12.028],[6.1886,12.0839],[6.1906,12.1754],[6.211,12.2921],[6.2367,12.3665],[6.2486,12.3837],[6.2803,12.4039],[6.2458,12.4423],[6.2654,12.4507],[6.3417,12.4356],[6.4107,12.4017],[6.4389,12.411],[6.4365,12.394],[6.4616,12.3522],[6.4465,12.2772],[6.3917,12.2374],[6.3753,12.2042],[6.3709,12.1795],[6.4122,12.0877],[6.406,11.9791],[6.3748,11.907],[6.3632,11.8983],[6.3478,11.906],[6.3376,11.8983],[6.3313,11.8662]]]]}},{"type":"Feature","properties":{"state":"Zamfara","lga":"Shinkafi"},"geometry":{"type":"Polygon","coordinates":[[[6.2603,13.0464],[6.2724,13.0765],[6.282,13.1632],[6.3341,13.1638],[6.3989,13.1495],[6.4265,13.1169],[6.4939,13.0991],[6.6108,13.0862],[6.6331,13.0956],[6.637,12.9953],[6.6669,12.9686],[6.6746,12.9492],[6.6732,12.9009],[6.6583,12.877],[6.6341,12.8613],[6.5889,12.8588],[6.5489,12.8923],[6.4704,12.8746],[6.444,12.8993],[6.4452,12.9122],[6.4705,12.9369],[6.4743,12.9582],[6.4551,12.9653],[6.3925,12.9488],[6.3454,12.9528],[6.2976,12.9942],[6.2603,13.0464]]]}},{"type":"Feature","properties":{"state":"Zamfara","lga":"Talata-Mafara"},"geometry":{"type":"Polygon","coordinates":[[[6.1907,12.1718],[6.1654,12.1632],[6.0348,12.1734],[6.0234,12.1872],[6.0122,12.2459],[5.9971,12.2692],[5.9731,12.3577],[5.972,12.4129],[5.9815,12.4322],[6.063,12.4999],[6.1018,12.5592],[6.1626,12.615],[6.1968,12.5837],[6.2086,12.5572],[6.212,12.5378],[6.1947,12.4935],[6.1963,12.4772],[6.2175,12.4522],[6.2408,12.4452],[6.2689,12.4239],[6.2803,12.4039],[6.2486,12.3837],[6.2367,12.3665],[6.211,12.2921],[6.1907,12.1718]]]}},{"type":"Feature","properties":{"state":"Zamfara","lga":"Tsafe"},"geometry":{"type":"Polygon","coordinates":[[[7.2419,11.91],[7.2113,11.8806],[7.1574,11.8934],[7.1486,11.8425],[7.0696,11.7793],[7.0491,11.7932],[6.9293,11.7873],[6.9134,11.7663],[6.9075,11.7141],[6.8945,11.6801],[6.8317,11.6994],[6.8055,11.6934],[6.7694,11.7034],[6.7195,11.729],[6.6993,11.7508],[6.6852,11.8338],[6.7101,11.999],[6.744,12.0594],[6.8399,12.1301],[6.8786,12.145],[6.9145,12.1521],[7.0161,12.1441],[7.0526,12.1354],[7.1397,12.0914],[7.1106,12.0342],[7.215,11.96],[7.2337,11.9374],[7.2419,11.91]]]}},{"type":"Feature","properties":{"state":"Zamfara","lga":"Zurmi"},"geometry":{"type":"Polygon","coordinates":[[[7.0407,12.8297],[7.0605,12.6678],[7.0563,12.6312],[6.986,12.6208],[6.9688,12.6103],[6.8966,12.6098],[6.8571,12.599],[6.7849,12.5511],[6.7787,12.5621],[6.7884,12.5913],[6.7402,12.5844],[6.7209,12.602],[6.6869,12.6166],[6.6684,12.647],[6.61,12.6663],[6.5478,12.6678],[6.5148,12.6792],[6.4725,12.673],[6.482,12.6923],[6.468,12.7116],[6.404,12.7123],[6.3956,12.7298],[6.4106,12.746],[6.4819,12.784],[6.4796,12.7949],[6.449,12.8132],[6.4115,12.8172],[6.4458,12.8603],[6.4369,12.8992],[6.4452,12.9122],[6.444,12.8993],[6.4704,12.8746],[6.5489,12.8923],[6.5889,12.8588],[6.6341,12.8613],[6.6678,12.8873],[6.6746,12.9492],[6.6669,12.9686],[6.637,12.9953],[6.6331,13.0956],[6.7254,13.1497],[6.7744,13.1907],[6.8186,13.118],[6.928,12.9899],[7.0101,12.9915],[7.064,13.0012],[7.0407,12.8297]]]}}]}